[Spectrum]
Version            = 1
IDData             = 12ad_2026-06-08_10-24-10_000_370
IDDevice           = SAM_82E6
IDDataType         = SPECTRUM
IDDataTypeSub1     = CALIBRATED
IDDataTypeSub2     = 
IDDataTypeSub3     = 
DateTime           = 2026-06-08 10:24:10
PositionLatitude   = 0
PositionLongitude  = 0
Comment            = 20260608_FrameB
CommentSub1        = con
CommentSub2        = centre
CommentSub3        = 22.5cm
IDMethodType       = SAM Control
MethodName         = SAM_82E6
Mission            = No Mission
MissionSub         = 1
RecordType         = 0
[Attributes]
CalFactor = 1
IDBasisSpec = 
IDDataBack = DLAB_2024-11-11_10-40-48_641_639
IDDataCal = DLAB_2024-11-12_11-45-27_171_455
IntegrationTime = 128
P31 = -1
P31e = 0
PathLength = +INF
PathLengthCustomOn = 0
RAWDynamic = 65535
Salinity = 0
Temperature = -NAN
Unit1 = $01 $01 Wavelength nm
Unit2 = $03 $06 Intensity mW/(m^2 nm)
Unit3 = $f0 $06 Error mW/(m^2 nm)
Unit4 = $f1 $00 Status 
p999 = 6990
[END] of [Attributes]
[DATA]
 0 6 0 0
 185.260577530984 -NAN 0 0
 187.468128380571 -NAN 0 0
 189.674861895872 -NAN 0 0
 191.880784034125 -NAN 0 0
 194.085900752568 -NAN 0 0
 196.290218008439 -NAN 0 0
 198.493741758976 -NAN 0 0
 200.696477961417 -NAN 0 0
 202.898432573 -NAN 0 0
 205.099611550963 -NAN 0 0
 207.300020852544 -NAN 0 0
 209.499666434981 -NAN 0 0
 211.698554255512 -NAN 0 0
 213.896690271375 -NAN 0 0
 216.094080439808 -NAN 0 0
 218.290730718049 -NAN 0 0
 220.486647063336 -NAN 0 0
 222.681835432907 -NAN 0 0
 224.876301784 -NAN 0 0
 227.070052073853 -NAN 0 0
 229.263092259704 -NAN 0 0
 231.455428298791 -NAN 0 0
 233.647066148352 -NAN 0 0
 235.838011765625 -NAN 0 0
 238.028271107848 -NAN 0 0
 240.217850132259 -NAN 0 0
 242.406754796096 -NAN 0 0
 244.594991056597 -NAN 0 0
 246.782564871 -NAN 0 0
 248.969482196543 -NAN 0 0
 251.155748990464 -NAN 0 0
 253.341371210001 -NAN 0 0
 255.526354812392 -NAN 0 0
 257.710705754875 -NAN 0 0
 259.894429994688 -NAN 0 0
 262.077533489069 -NAN 0 0
 264.260022195256 -NAN 0 0
 266.441902070487 -NAN 0 0
 268.623179072 -NAN 0 0
 270.803859157033 -NAN 0 0
 272.983948282824 -NAN 0 0
 275.163452406611 -NAN 0 0
 277.342377485632 -NAN 0 0
 279.520729477125 4.30424053286856 0 0
 281.698514338328 -0.0179028307055596 0 0
 283.875738026479 -2.74035615786699 0 0
 286.052406498816 5.45869329034283 0 0
 288.228525712577 -0.0362483138065155 0 0
 290.404101625 -2.38302493576411 0 0
 292.579140193323 5.69516436221999 0 0
 294.753647374784 0.369811538545391 0 0
 296.927629126621 -1.05292783923301 0 0
 299.101091406072 5.5445344801546 0 0
 301.274040170375 0.946198621788867 0 0
 303.446481376768 -0.143842779052617 0 0
 305.618420982489 5.82464439834999 0 0
 307.789864944776 1.1852403438568 0 0
 309.960819220867 0.321972746428154 0 0
 312.131289768 6.47436798233608 0 0
 314.301282543413 2.36748716381622 0 0
 316.470803504344 4.33110485775344 0 0
 318.639858608031 15.1460240899105 0 0
 320.808453811712 13.6789099396027 0 0
 322.976595072625 17.1289253330362 0 0
 325.144288348008 26.0234036195226 0 0
 327.311539595099 19.2676757269597 0 0
 329.478354771136 18.9525462120917 0 0
 331.644739833357 24.868233040535 0 0
 333.810700739 16.4459057499402 0 0
 335.976243445303 15.488798238386 0 0
 338.141373909504 20.108199492527 0 0
 340.306098088841 11.6874445462026 0 0
 342.470421940552 11.6659822672556 0 0
 344.634351421875 15.6585820066326 0 0
 346.797892490048 8.31966407945519 0 0
 348.961051102309 8.52152636262301 0 0
 351.123833215896 12.3156605316622 0 0
 353.286244788047 5.72621786296198 0 0
 355.448291776 6.29049041354589 0 0
 357.609980136993 9.83428863798318 0 0
 359.771315828264 4.28761391397158 0 0
 361.932304807051 9.00104171941425 0 0
 364.092953030592 17.1995501270298 0 0
 366.253266456125 10.5421828631675 0 0
 368.413251040888 7.41443818916981 0 0
 370.572912742119 7.89254241203204 0 0
 372.732257517056 -0.209025008253373 0 0
 374.891291322937 2.03003870941954 0 0
 377.050020117 5.95140202508736 0 0
 379.208449856483 -1.94013542055844 0 0
 381.366586498624 1.5691395136104 0 0
 383.524436000661 5.32794452488503 0 0
 385.682004319832 -2.7346031630622 0 0
 387.839297413375 1.4153758756519 0 0
 389.996321238528 4.58781768185072 0 0
 392.153081752529 -2.99998734450728 0 0
 394.309584912616 1.56390968563307 0 0
 396.465836676027 4.4560322609103 0 0
 398.621843 -1.97902183144081 0 0
 400.777609841773 6.7684297461653 0 0
 402.933143158584 16.6106391578173 0 0
 405.088448907671 12.6270652898559 0 0
 407.243533046272 12.9281094688423 0 0
 409.398401531625 9.16628363310355 0 0
 411.553060320968 1.62254144310479 0 0
 413.707515371539 6.77378241520348 0 0
 415.861772640576 10.283009755621 0 0
 418.015838085317 8.44657062462705 0 0
 420.169717663 17.2770639799343 0 0
 422.323417330863 24.7488779728898 0 0
 424.476943046144 29.3745189827829 0 0
 426.630300766081 45.8854561515071 0 0
 428.783496447912 64.2836046599042 0 0
 430.936536048875 87.8312194999502 0 0
 433.089425526208 142.345925575752 0 0
 435.242170837149 198.519152469356 0 0
 437.394777938936 239.104932145108 0 0
 439.547252788807 285.422374425555 0 0
 441.699601344 359.10264797943 0 0
 443.851829561753 448.917784829916 0 0
 446.003943399304 540.574210499417 0 0
 448.155948813891 590.687801509393 0 0
 450.307851762752 579.217869421078 0 0
 452.459658203125 523.297985724858 0 0
 454.611374092248 437.346107242157 0 0
 456.763005387359 352.917844737799 0 0
 458.914558045696 298.876179433251 0 0
 461.066038024497 257.844230570634 0 0
 463.217451281 222.903798057846 0 0
 465.368803772443 199.082008310502 0 0
 467.520101456064 168.245141365647 0 0
 469.671350289101 135.957853699366 0 0
 471.822556228792 119.024394049253 0 0
 473.973725232375 101.530787536556 0 0
 476.124863257088 87.7442802716368 0 0
 478.275976260169 88.1127361602857 0 0
 480.427070198856 83.1383079454545 0 0
 482.578151030387 77.6999310904015 0 0
 484.729224712 83.0925876589813 0 0
 486.880297200933 81.5464635374206 0 0
 489.031374454424 80.1186434759291 0 0
 491.182462429711 89.8293053656296 0 0
 493.333567084032 91.6340843538557 0 0
 495.484694374625 93.3598607663581 0 0
 497.635850258728 104.735259697581 0 0
 499.787040693579 106.785823120416 0 0
 501.938271636416 108.812171127469 0 0
 504.089549044477 -NAN 0 0
 506.240878875 -NAN 0 0
 508.392267085223 -NAN 0 0
 510.543719632384 -NAN 0 0
 512.695242473721 -NAN 0 0
 514.846841566472 -NAN 0 0
 516.998522867875 -NAN 0 0
 519.150292335168 -NAN 0 0
 521.302155925589 -NAN 0 0
 523.454119596376 -NAN 0 0
 525.606189304767 -NAN 0 0
 527.758371008 -NAN 0 0
 529.910670663313 -NAN 0 0
 532.063094227944 -NAN 0 0
 534.215647659131 -NAN 0 0
 536.368336914112 -NAN 0 0
 538.521167950125 -NAN 0 0
 540.674146724408 -NAN 0 0
 542.827279194199 -NAN 0 0
 544.980571316736 -NAN 0 0
 547.134029049257 -NAN 0 0
 549.287658349 -NAN 0 0
 551.441465173203 -NAN 0 0
 553.595455479104 -NAN 0 0
 555.749635223941 -NAN 0 0
 557.904010364952 -NAN 0 0
 560.058586859375 -NAN 0 0
 562.213370664448 -NAN 0 0
 564.368367737409 -NAN 0 0
 566.523584035496 -NAN 0 0
 568.679025515947 -NAN 0 0
 570.834698136 -NAN 0 0
 572.990607852893 -NAN 0 0
 575.146760623864 -NAN 0 0
 577.303162406151 -NAN 0 0
 579.459819156992 -NAN 0 0
 581.616736833625 -NAN 0 0
 583.773921393288 -NAN 0 0
 585.931378793219 -NAN 0 0
 588.089114990656 -NAN 0 0
 590.247135942837 -NAN 0 0
 592.405447607 -NAN 0 0
 594.564055940383 -NAN 0 0
 596.722966900224 -NAN 0 0
 598.882186443761 -NAN 0 0
 601.041720528232 -NAN 0 0
 603.201575110875 -NAN 0 0
 605.361756148928 -NAN 0 0
 607.522269599629 -NAN 0 0
 609.683121420216 -NAN 0 0
 611.844317567927 -NAN 0 0
 614.005864 -NAN 0 0
 616.167766673673 -NAN 0 0
 618.330031546184 -NAN 0 0
 620.492664574771 -NAN 0 0
 622.655671716672 -NAN 0 0
 624.819058929125 -NAN 0 0
 626.982832169368 -NAN 0 0
 629.146997394639 -NAN 0 0
 631.311560562176 -NAN 0 0
 633.476527629217 -NAN 0 0
 635.641904553 -NAN 0 0
 637.807697290763 -NAN 0 0
 639.973911799744 -NAN 0 0
 642.140554037181 -NAN 0 0
 644.307629960312 -NAN 0 0
 646.475145526375 -NAN 0 0
 648.643106692608 -NAN 0 0
 650.811519416249 -NAN 0 0
 652.980389654536 -NAN 0 0
 655.149723364707 -NAN 0 0
 657.319526504 -NAN 0 0
 659.489805029653 -NAN 0 0
 661.660564898904 -NAN 0 0
 663.831812068991 -NAN 0 0
 666.003552497152 -NAN 0 0
 668.175792140625 -NAN 0 0
 670.348536956648 -NAN 0 0
 672.521792902459 -NAN 0 0
 674.695565935296 -NAN 0 0
 676.869862012397 -NAN 0 0
 679.044687091 -NAN 0 0
 681.220047128343 -NAN 0 0
 683.395948081664 -NAN 0 0
 685.572395908201 -NAN 0 0
 687.749396565192 -NAN 0 0
 689.926956009875 -NAN 0 0
 692.105080199488 -NAN 0 0
 694.283775091269 -NAN 0 0
 696.463046642456 -NAN 0 0
 698.642900810287 -NAN 0 0
 700.823343552 -NAN 0 0
 703.004380824833 -NAN 0 0
 705.186018586024 -NAN 0 0
 707.368262792811 -NAN 0 0
 709.551119402432 -NAN 0 0
 711.734594372125 -NAN 0 0
 713.918693659128 -NAN 0 0
 716.103423220679 -NAN 0 0
 718.288789014016 -NAN 0 0
 720.474796996377 -NAN 0 0
 722.661453125 -NAN 0 0
 724.848763357123 -NAN 0 0
 727.036733649984 -NAN 0 0
 729.225369960821 -NAN 0 0
 731.414678246872 -NAN 0 0
 733.604664465375 -NAN 0 0
 735.795334573568 -NAN 0 0
[END] of [DATA]
[END] of Spectrum


[Spectrum]
Version            = 1
IDData             = 12ad_2026-06-08_10-24-05_000_367
IDDevice           = SAM_82E6
IDDataType         = SPECTRUM
IDDataTypeSub1     = CALIBRATED
IDDataTypeSub2     = 
IDDataTypeSub3     = 
DateTime           = 2026-06-08 10:24:05
PositionLatitude   = 0
PositionLongitude  = 0
Comment            = 20260608_FrameB
CommentSub1        = con
CommentSub2        = centre
CommentSub3        = 22.5cm
IDMethodType       = SAM Control
MethodName         = SAM_82E6
Mission            = No Mission
MissionSub         = 1
RecordType         = 0
[Attributes]
CalFactor = 1
IDBasisSpec = 
IDDataBack = DLAB_2024-11-11_10-40-48_641_639
IDDataCal = DLAB_2024-11-12_11-45-27_171_455
IntegrationTime = 128
P31 = -1
P31e = 0
PathLength = +INF
PathLengthCustomOn = 0
RAWDynamic = 65535
Salinity = 0
Temperature = -NAN
Unit1 = $01 $01 Wavelength nm
Unit2 = $03 $06 Intensity mW/(m^2 nm)
Unit3 = $f0 $06 Error mW/(m^2 nm)
Unit4 = $f1 $00 Status 
p999 = 6989
[END] of [Attributes]
[DATA]
 0 6 0 0
 185.260577530984 -NAN 0 0
 187.468128380571 -NAN 0 0
 189.674861895872 -NAN 0 0
 191.880784034125 -NAN 0 0
 194.085900752568 -NAN 0 0
 196.290218008439 -NAN 0 0
 198.493741758976 -NAN 0 0
 200.696477961417 -NAN 0 0
 202.898432573 -NAN 0 0
 205.099611550963 -NAN 0 0
 207.300020852544 -NAN 0 0
 209.499666434981 -NAN 0 0
 211.698554255512 -NAN 0 0
 213.896690271375 -NAN 0 0
 216.094080439808 -NAN 0 0
 218.290730718049 -NAN 0 0
 220.486647063336 -NAN 0 0
 222.681835432907 -NAN 0 0
 224.876301784 -NAN 0 0
 227.070052073853 -NAN 0 0
 229.263092259704 -NAN 0 0
 231.455428298791 -NAN 0 0
 233.647066148352 -NAN 0 0
 235.838011765625 -NAN 0 0
 238.028271107848 -NAN 0 0
 240.217850132259 -NAN 0 0
 242.406754796096 -NAN 0 0
 244.594991056597 -NAN 0 0
 246.782564871 -NAN 0 0
 248.969482196543 -NAN 0 0
 251.155748990464 -NAN 0 0
 253.341371210001 -NAN 0 0
 255.526354812392 -NAN 0 0
 257.710705754875 -NAN 0 0
 259.894429994688 -NAN 0 0
 262.077533489069 -NAN 0 0
 264.260022195256 -NAN 0 0
 266.441902070487 -NAN 0 0
 268.623179072 -NAN 0 0
 270.803859157033 -NAN 0 0
 272.983948282824 -NAN 0 0
 275.163452406611 -NAN 0 0
 277.342377485632 -NAN 0 0
 279.520729477125 -3.31213527777207 0 0
 281.698514338328 3.07027244976031 0 0
 283.875738026479 2.95904972761493 0 0
 286.052406498816 -3.63003137699274 0 0
 288.228525712577 3.68304228117796 0 0
 290.404101625 3.30255011604283 0 0
 292.579140193323 -2.90035632361615 0 0
 294.753647374784 4.39118139331132 0 0
 296.927629126621 3.31719728206163 0 0
 299.101091406072 -1.72259800271096 0 0
 301.274040170375 4.83569669778933 0 0
 303.446481376768 3.5564900548807 0 0
 305.618420982489 -0.617159561079912 0 0
 307.789864944776 5.03756334850403 0 0
 309.960819220867 3.86667521166671 0 0
 312.131289768 -0.0430881923438837 0 0
 314.301282543413 7.228002420683 0 0
 316.470803504344 7.98660821677092 0 0
 318.639858608031 7.6023472627182 0 0
 320.808453811712 19.2668818670636 0 0
 322.976595072625 20.678229751456 0 0
 325.144288348008 17.6355267523171 0 0
 327.311539595099 25.9760590251427 0 0
 329.478354771136 22.0910410162348 0 0
 331.644739833357 16.320039072455 0 0
 333.810700739 23.6723202142555 0 0
 335.976243445303 18.1897027892189 0 0
 338.141373909504 12.403631006219 0 0
 340.306098088841 18.7534749747491 0 0
 342.470421940552 13.3918360121885 0 0
 344.634351421875 9.18975564996012 0 0
 346.797892490048 14.9345533993998 0 0
 348.961051102309 10.0042093082797 0 0
 351.123833215896 6.61784368968204 0 0
 353.286244788047 11.9132609477092 0 0
 355.448291776 7.39843021418082 0 0
 357.609980136993 4.73074162043908 0 0
 359.771315828264 10.7003502458136 0 0
 361.932304807051 9.73673439440375 0 0
 364.092953030592 11.8796181527348 0 0
 366.253266456125 17.7149391331898 0 0
 368.413251040888 7.83389411837422 0 0
 370.572912742119 2.42646046439864 0 0
 372.732257517056 7.99111681489412 0 0
 374.891291322937 2.1806190569944 0 0
 377.050020117 0.295718481673931 0 0
 379.208449856483 7.38575558002677 0 0
 381.366586498624 0.938823032061852 0 0
 383.524436000661 -0.294449190224392 0 0
 385.682004319832 6.82078524273742 0 0
 387.839297413375 0.324387215578379 0 0
 389.996321238528 -0.286314551042483 0 0
 392.153081752529 6.39701128491546 0 0
 394.309584912616 -0.197909019806301 0 0
 396.465836676027 -0.275013881538835 0 0
 398.621843 6.91086815582559 0 0
 400.777609841773 4.57318153930323 0 0
 402.933143158584 12.2814860595113 0 0
 405.088448907671 20.3048745352672 0 0
 407.243533046272 10.3240045809346 0 0
 409.398401531625 5.52024856199745 0 0
 411.553060320968 9.05207113037561 0 0
 413.707515371539 4.39156388677893 0 0
 415.861772640576 7.43959516136883 0 0
 418.015838085317 14.8910115611356 0 0
 420.169717663 14.8968695312953 0 0
 422.323417330863 22.5441847880483 0 0
 424.476943046144 35.4175798415445 0 0
 426.630300766081 43.480610553468 0 0
 428.783496447912 62.2689099492892 0 0
 430.936536048875 93.0703314319083 0 0
 433.089425526208 139.041103395182 0 0
 435.242170837149 195.889734805216 0 0
 437.394777938936 243.366816472937 0 0
 439.547252788807 282.091701485481 0 0
 441.699601344 357.656016554755 0 0
 443.851829561753 454.330083039716 0 0
 446.003943399304 537.497609897217 0 0
 448.155948813891 589.71211340217 0 0
 450.307851762752 585.081459892786 0 0
 452.459658203125 519.550136294014 0 0
 454.611374092248 436.305762978567 0 0
 456.763005387359 358.667975101402 0 0
 458.914558045696 294.191421737107 0 0
 461.066038024497 257.114707070149 0 0
 463.217451281 229.058805326704 0 0
 465.368803772443 194.31728570809 0 0
 467.520101456064 167.651795650774 0 0
 469.671350289101 142.002528072979 0 0
 471.822556228792 113.49998484837 0 0
 473.973725232375 101.297355790767 0 0
 476.124863257088 93.5478468788423 0 0
 478.275976260169 82.4164894097135 0 0
 480.427070198856 83.2029115428783 0 0
 482.578151030387 83.3900504827256 0 0
 484.729224712 76.9212040406424 0 0
 486.880297200933 82.1348493490859 0 0
 489.031374454424 85.6819643995273 0 0
 491.182462429711 83.4408588872746 0 0
 493.333567084032 92.7407358930249 0 0
 495.484694374625 98.7833338531788 0 0
 497.635850258728 98.4596687905156 0 0
 499.787040693579 108.3752663292 0 0
 501.938271636416 113.833847191956 0 0
 504.089549044477 -NAN 0 0
 506.240878875 -NAN 0 0
 508.392267085223 -NAN 0 0
 510.543719632384 -NAN 0 0
 512.695242473721 -NAN 0 0
 514.846841566472 -NAN 0 0
 516.998522867875 -NAN 0 0
 519.150292335168 -NAN 0 0
 521.302155925589 -NAN 0 0
 523.454119596376 -NAN 0 0
 525.606189304767 -NAN 0 0
 527.758371008 -NAN 0 0
 529.910670663313 -NAN 0 0
 532.063094227944 -NAN 0 0
 534.215647659131 -NAN 0 0
 536.368336914112 -NAN 0 0
 538.521167950125 -NAN 0 0
 540.674146724408 -NAN 0 0
 542.827279194199 -NAN 0 0
 544.980571316736 -NAN 0 0
 547.134029049257 -NAN 0 0
 549.287658349 -NAN 0 0
 551.441465173203 -NAN 0 0
 553.595455479104 -NAN 0 0
 555.749635223941 -NAN 0 0
 557.904010364952 -NAN 0 0
 560.058586859375 -NAN 0 0
 562.213370664448 -NAN 0 0
 564.368367737409 -NAN 0 0
 566.523584035496 -NAN 0 0
 568.679025515947 -NAN 0 0
 570.834698136 -NAN 0 0
 572.990607852893 -NAN 0 0
 575.146760623864 -NAN 0 0
 577.303162406151 -NAN 0 0
 579.459819156992 -NAN 0 0
 581.616736833625 -NAN 0 0
 583.773921393288 -NAN 0 0
 585.931378793219 -NAN 0 0
 588.089114990656 -NAN 0 0
 590.247135942837 -NAN 0 0
 592.405447607 -NAN 0 0
 594.564055940383 -NAN 0 0
 596.722966900224 -NAN 0 0
 598.882186443761 -NAN 0 0
 601.041720528232 -NAN 0 0
 603.201575110875 -NAN 0 0
 605.361756148928 -NAN 0 0
 607.522269599629 -NAN 0 0
 609.683121420216 -NAN 0 0
 611.844317567927 -NAN 0 0
 614.005864 -NAN 0 0
 616.167766673673 -NAN 0 0
 618.330031546184 -NAN 0 0
 620.492664574771 -NAN 0 0
 622.655671716672 -NAN 0 0
 624.819058929125 -NAN 0 0
 626.982832169368 -NAN 0 0
 629.146997394639 -NAN 0 0
 631.311560562176 -NAN 0 0
 633.476527629217 -NAN 0 0
 635.641904553 -NAN 0 0
 637.807697290763 -NAN 0 0
 639.973911799744 -NAN 0 0
 642.140554037181 -NAN 0 0
 644.307629960312 -NAN 0 0
 646.475145526375 -NAN 0 0
 648.643106692608 -NAN 0 0
 650.811519416249 -NAN 0 0
 652.980389654536 -NAN 0 0
 655.149723364707 -NAN 0 0
 657.319526504 -NAN 0 0
 659.489805029653 -NAN 0 0
 661.660564898904 -NAN 0 0
 663.831812068991 -NAN 0 0
 666.003552497152 -NAN 0 0
 668.175792140625 -NAN 0 0
 670.348536956648 -NAN 0 0
 672.521792902459 -NAN 0 0
 674.695565935296 -NAN 0 0
 676.869862012397 -NAN 0 0
 679.044687091 -NAN 0 0
 681.220047128343 -NAN 0 0
 683.395948081664 -NAN 0 0
 685.572395908201 -NAN 0 0
 687.749396565192 -NAN 0 0
 689.926956009875 -NAN 0 0
 692.105080199488 -NAN 0 0
 694.283775091269 -NAN 0 0
 696.463046642456 -NAN 0 0
 698.642900810287 -NAN 0 0
 700.823343552 -NAN 0 0
 703.004380824833 -NAN 0 0
 705.186018586024 -NAN 0 0
 707.368262792811 -NAN 0 0
 709.551119402432 -NAN 0 0
 711.734594372125 -NAN 0 0
 713.918693659128 -NAN 0 0
 716.103423220679 -NAN 0 0
 718.288789014016 -NAN 0 0
 720.474796996377 -NAN 0 0
 722.661453125 -NAN 0 0
 724.848763357123 -NAN 0 0
 727.036733649984 -NAN 0 0
 729.225369960821 -NAN 0 0
 731.414678246872 -NAN 0 0
 733.604664465375 -NAN 0 0
 735.795334573568 -NAN 0 0
[END] of [DATA]
[END] of Spectrum


[Spectrum]
Version            = 1
IDData             = 12ad_2026-06-08_10-24-00_000_364
IDDevice           = SAM_82E6
IDDataType         = SPECTRUM
IDDataTypeSub1     = CALIBRATED
IDDataTypeSub2     = 
IDDataTypeSub3     = 
DateTime           = 2026-06-08 10:24:00
PositionLatitude   = 0
PositionLongitude  = 0
Comment            = 20260608_FrameB
CommentSub1        = con
CommentSub2        = centre
CommentSub3        = 22.5cm
IDMethodType       = SAM Control
MethodName         = SAM_82E6
Mission            = No Mission
MissionSub         = 1
RecordType         = 0
[Attributes]
CalFactor = 1
IDBasisSpec = 
IDDataBack = DLAB_2024-11-11_10-40-48_641_639
IDDataCal = DLAB_2024-11-12_11-45-27_171_455
IntegrationTime = 128
P31 = -1
P31e = 0
PathLength = +INF
PathLengthCustomOn = 0
RAWDynamic = 65535
Salinity = 0
Temperature = -NAN
Unit1 = $01 $01 Wavelength nm
Unit2 = $03 $06 Intensity mW/(m^2 nm)
Unit3 = $f0 $06 Error mW/(m^2 nm)
Unit4 = $f1 $00 Status 
p999 = 6988
[END] of [Attributes]
[DATA]
 0 6 0 0
 185.260577530984 -NAN 0 0
 187.468128380571 -NAN 0 0
 189.674861895872 -NAN 0 0
 191.880784034125 -NAN 0 0
 194.085900752568 -NAN 0 0
 196.290218008439 -NAN 0 0
 198.493741758976 -NAN 0 0
 200.696477961417 -NAN 0 0
 202.898432573 -NAN 0 0
 205.099611550963 -NAN 0 0
 207.300020852544 -NAN 0 0
 209.499666434981 -NAN 0 0
 211.698554255512 -NAN 0 0
 213.896690271375 -NAN 0 0
 216.094080439808 -NAN 0 0
 218.290730718049 -NAN 0 0
 220.486647063336 -NAN 0 0
 222.681835432907 -NAN 0 0
 224.876301784 -NAN 0 0
 227.070052073853 -NAN 0 0
 229.263092259704 -NAN 0 0
 231.455428298791 -NAN 0 0
 233.647066148352 -NAN 0 0
 235.838011765625 -NAN 0 0
 238.028271107848 -NAN 0 0
 240.217850132259 -NAN 0 0
 242.406754796096 -NAN 0 0
 244.594991056597 -NAN 0 0
 246.782564871 -NAN 0 0
 248.969482196543 -NAN 0 0
 251.155748990464 -NAN 0 0
 253.341371210001 -NAN 0 0
 255.526354812392 -NAN 0 0
 257.710705754875 -NAN 0 0
 259.894429994688 -NAN 0 0
 262.077533489069 -NAN 0 0
 264.260022195256 -NAN 0 0
 266.441902070487 -NAN 0 0
 268.623179072 -NAN 0 0
 270.803859157033 -NAN 0 0
 272.983948282824 -NAN 0 0
 275.163452406611 -NAN 0 0
 277.342377485632 -NAN 0 0
 279.520729477125 -2.98461617407709 0 0
 281.698514338328 3.6730026801984 0 0
 283.875738026479 2.66956057832757 0 0
 286.052406498816 -3.30045621733057 0 0
 288.228525712577 4.29194000955561 0 0
 290.404101625 3.08297931480937 0 0
 292.579140193323 -2.55501316716652 0 0
 294.753647374784 4.87434802324065 0 0
 296.927629126621 3.19404151891067 0 0
 299.101091406072 -1.30191945786814 0 0
 301.274040170375 5.22441443509844 0 0
 303.446481376768 3.47020720544719 0 0
 305.618420982489 -0.527899172326543 0 0
 307.789864944776 5.39564553678284 0 0
 309.960819220867 3.60622603662936 0 0
 312.131289768 0.171834827228607 0 0
 314.301282543413 7.42916728657725 0 0
 316.470803504344 7.51623094630911 0 0
 318.639858608031 7.66280988394569 0 0
 320.808453811712 19.4492430281075 0 0
 322.976595072625 19.8330903079258 0 0
 325.144288348008 17.4435151131884 0 0
 327.311539595099 25.6755304901498 0 0
 329.478354771136 21.1703167111331 0 0
 331.644739833357 16.4695658460567 0 0
 333.810700739 23.5020953753787 0 0
 335.976243445303 17.3422176691244 0 0
 338.141373909504 12.4696380639763 0 0
 340.306098088841 18.6706805344607 0 0
 342.470421940552 12.9112682395099 0 0
 344.634351421875 9.22622453882938 0 0
 346.797892490048 14.8608667214384 0 0
 348.961051102309 9.47567100393875 0 0
 351.123833215896 6.69060559434387 0 0
 353.286244788047 11.8467453276582 0 0
 355.448291776 6.94557326654266 0 0
 357.609980136993 4.83889484091158 0 0
 359.771315828264 10.5960168972412 0 0
 361.932304807051 9.31398561847695 0 0
 364.092953030592 11.8920373487699 0 0
 366.253266456125 17.6016605011169 0 0
 368.413251040888 7.47626550821439 0 0
 370.572912742119 2.50810001554666 0 0
 372.732257517056 8.00546641083026 0 0
 374.891291322937 1.71139993821203 0 0
 377.050020117 0.385381757362191 0 0
 379.208449856483 7.32557951264604 0 0
 381.366586498624 0.598226009521045 0 0
 383.524436000661 -0.0997404088871834 0 0
 385.682004319832 6.83643116004373 0 0
 387.839297413375 0.084936457718087 0 0
 389.996321238528 -0.321430777504253 0 0
 392.153081752529 6.46222967469438 0 0
 394.309584912616 -0.403818171912607 0 0
 396.465836676027 -0.187749977095251 0 0
 398.621843 6.94934678412868 0 0
 400.777609841773 4.21294234895916 0 0
 402.933143158584 11.9532510909922 0 0
 405.088448907671 20.0530423920177 0 0
 407.243533046272 9.84523894688954 0 0
 409.398401531625 5.67722744469435 0 0
 411.553060320968 8.82596460040373 0 0
 413.707515371539 4.25049751799867 0 0
 415.861772640576 7.34059616077929 0 0
 418.015838085317 14.760274733107 0 0
 420.169717663 14.6348210963696 0 0
 422.323417330863 22.5377757962319 0 0
 424.476943046144 35.2675684894395 0 0
 426.630300766081 43.2725819141545 0 0
 428.783496447912 62.3692232005708 0 0
 430.936536048875 92.8124135277399 0 0
 433.089425526208 138.277642514173 0 0
 435.242170837149 194.86274340752 0 0
 437.394777938936 242.282162115686 0 0
 439.547252788807 281.634724746496 0 0
 441.699601344 357.457926683535 0 0
 443.851829561753 454.098223063825 0 0
 446.003943399304 537.075817879173 0 0
 448.155948813891 589.358514205038 0 0
 450.307851762752 584.588167984446 0 0
 452.459658203125 519.0267712598 0 0
 454.611374092248 436.110817298461 0 0
 456.763005387359 358.608423666397 0 0
 458.914558045696 294.256293754629 0 0
 461.066038024497 256.942515070733 0 0
 463.217451281 228.752405201103 0 0
 465.368803772443 194.081899544967 0 0
 467.520101456064 167.586463360869 0 0
 469.671350289101 141.663705888355 0 0
 471.822556228792 113.216878005666 0 0
 473.973725232375 101.309467815313 0 0
 476.124863257088 93.4404554326579 0 0
 478.275976260169 82.1286767081142 0 0
 480.427070198856 83.1149169877666 0 0
 482.578151030387 83.3420561449716 0 0
 484.729224712 76.7725633269084 0 0
 486.880297200933 82.0062098655469 0 0
 489.031374454424 85.6741318881707 0 0
 491.182462429711 83.2722128351362 0 0
 493.333567084032 92.5125029297153 0 0
 495.484694374625 98.6958941850444 0 0
 497.635850258728 98.2545052416307 0 0
 499.787040693579 108.250241726594 0 0
 501.938271636416 113.671336886397 0 0
 504.089549044477 -NAN 0 0
 506.240878875 -NAN 0 0
 508.392267085223 -NAN 0 0
 510.543719632384 -NAN 0 0
 512.695242473721 -NAN 0 0
 514.846841566472 -NAN 0 0
 516.998522867875 -NAN 0 0
 519.150292335168 -NAN 0 0
 521.302155925589 -NAN 0 0
 523.454119596376 -NAN 0 0
 525.606189304767 -NAN 0 0
 527.758371008 -NAN 0 0
 529.910670663313 -NAN 0 0
 532.063094227944 -NAN 0 0
 534.215647659131 -NAN 0 0
 536.368336914112 -NAN 0 0
 538.521167950125 -NAN 0 0
 540.674146724408 -NAN 0 0
 542.827279194199 -NAN 0 0
 544.980571316736 -NAN 0 0
 547.134029049257 -NAN 0 0
 549.287658349 -NAN 0 0
 551.441465173203 -NAN 0 0
 553.595455479104 -NAN 0 0
 555.749635223941 -NAN 0 0
 557.904010364952 -NAN 0 0
 560.058586859375 -NAN 0 0
 562.213370664448 -NAN 0 0
 564.368367737409 -NAN 0 0
 566.523584035496 -NAN 0 0
 568.679025515947 -NAN 0 0
 570.834698136 -NAN 0 0
 572.990607852893 -NAN 0 0
 575.146760623864 -NAN 0 0
 577.303162406151 -NAN 0 0
 579.459819156992 -NAN 0 0
 581.616736833625 -NAN 0 0
 583.773921393288 -NAN 0 0
 585.931378793219 -NAN 0 0
 588.089114990656 -NAN 0 0
 590.247135942837 -NAN 0 0
 592.405447607 -NAN 0 0
 594.564055940383 -NAN 0 0
 596.722966900224 -NAN 0 0
 598.882186443761 -NAN 0 0
 601.041720528232 -NAN 0 0
 603.201575110875 -NAN 0 0
 605.361756148928 -NAN 0 0
 607.522269599629 -NAN 0 0
 609.683121420216 -NAN 0 0
 611.844317567927 -NAN 0 0
 614.005864 -NAN 0 0
 616.167766673673 -NAN 0 0
 618.330031546184 -NAN 0 0
 620.492664574771 -NAN 0 0
 622.655671716672 -NAN 0 0
 624.819058929125 -NAN 0 0
 626.982832169368 -NAN 0 0
 629.146997394639 -NAN 0 0
 631.311560562176 -NAN 0 0
 633.476527629217 -NAN 0 0
 635.641904553 -NAN 0 0
 637.807697290763 -NAN 0 0
 639.973911799744 -NAN 0 0
 642.140554037181 -NAN 0 0
 644.307629960312 -NAN 0 0
 646.475145526375 -NAN 0 0
 648.643106692608 -NAN 0 0
 650.811519416249 -NAN 0 0
 652.980389654536 -NAN 0 0
 655.149723364707 -NAN 0 0
 657.319526504 -NAN 0 0
 659.489805029653 -NAN 0 0
 661.660564898904 -NAN 0 0
 663.831812068991 -NAN 0 0
 666.003552497152 -NAN 0 0
 668.175792140625 -NAN 0 0
 670.348536956648 -NAN 0 0
 672.521792902459 -NAN 0 0
 674.695565935296 -NAN 0 0
 676.869862012397 -NAN 0 0
 679.044687091 -NAN 0 0
 681.220047128343 -NAN 0 0
 683.395948081664 -NAN 0 0
 685.572395908201 -NAN 0 0
 687.749396565192 -NAN 0 0
 689.926956009875 -NAN 0 0
 692.105080199488 -NAN 0 0
 694.283775091269 -NAN 0 0
 696.463046642456 -NAN 0 0
 698.642900810287 -NAN 0 0
 700.823343552 -NAN 0 0
 703.004380824833 -NAN 0 0
 705.186018586024 -NAN 0 0
 707.368262792811 -NAN 0 0
 709.551119402432 -NAN 0 0
 711.734594372125 -NAN 0 0
 713.918693659128 -NAN 0 0
 716.103423220679 -NAN 0 0
 718.288789014016 -NAN 0 0
 720.474796996377 -NAN 0 0
 722.661453125 -NAN 0 0
 724.848763357123 -NAN 0 0
 727.036733649984 -NAN 0 0
 729.225369960821 -NAN 0 0
 731.414678246872 -NAN 0 0
 733.604664465375 -NAN 0 0
 735.795334573568 -NAN 0 0
[END] of [DATA]
[END] of Spectrum


[Spectrum]
Version            = 1
IDData             = 12ad_2026-06-08_10-23-55_000_361
IDDevice           = SAM_82E6
IDDataType         = SPECTRUM
IDDataTypeSub1     = CALIBRATED
IDDataTypeSub2     = 
IDDataTypeSub3     = 
DateTime           = 2026-06-08 10:23:55
PositionLatitude   = 0
PositionLongitude  = 0
Comment            = 20260608_FrameB
CommentSub1        = con
CommentSub2        = centre
CommentSub3        = 22.5cm
IDMethodType       = SAM Control
MethodName         = SAM_82E6
Mission            = No Mission
MissionSub         = 1
RecordType         = 0
[Attributes]
CalFactor = 1
IDBasisSpec = 
IDDataBack = DLAB_2024-11-11_10-40-48_641_639
IDDataCal = DLAB_2024-11-12_11-45-27_171_455
IntegrationTime = 128
P31 = -1
P31e = 0
PathLength = +INF
PathLengthCustomOn = 0
RAWDynamic = 65535
Salinity = 0
Temperature = -NAN
Unit1 = $01 $01 Wavelength nm
Unit2 = $03 $06 Intensity mW/(m^2 nm)
Unit3 = $f0 $06 Error mW/(m^2 nm)
Unit4 = $f1 $00 Status 
p999 = 6987
[END] of [Attributes]
[DATA]
 0 6 0 0
 185.260577530984 -NAN 0 0
 187.468128380571 -NAN 0 0
 189.674861895872 -NAN 0 0
 191.880784034125 -NAN 0 0
 194.085900752568 -NAN 0 0
 196.290218008439 -NAN 0 0
 198.493741758976 -NAN 0 0
 200.696477961417 -NAN 0 0
 202.898432573 -NAN 0 0
 205.099611550963 -NAN 0 0
 207.300020852544 -NAN 0 0
 209.499666434981 -NAN 0 0
 211.698554255512 -NAN 0 0
 213.896690271375 -NAN 0 0
 216.094080439808 -NAN 0 0
 218.290730718049 -NAN 0 0
 220.486647063336 -NAN 0 0
 222.681835432907 -NAN 0 0
 224.876301784 -NAN 0 0
 227.070052073853 -NAN 0 0
 229.263092259704 -NAN 0 0
 231.455428298791 -NAN 0 0
 233.647066148352 -NAN 0 0
 235.838011765625 -NAN 0 0
 238.028271107848 -NAN 0 0
 240.217850132259 -NAN 0 0
 242.406754796096 -NAN 0 0
 244.594991056597 -NAN 0 0
 246.782564871 -NAN 0 0
 248.969482196543 -NAN 0 0
 251.155748990464 -NAN 0 0
 253.341371210001 -NAN 0 0
 255.526354812392 -NAN 0 0
 257.710705754875 -NAN 0 0
 259.894429994688 -NAN 0 0
 262.077533489069 -NAN 0 0
 264.260022195256 -NAN 0 0
 266.441902070487 -NAN 0 0
 268.623179072 -NAN 0 0
 270.803859157033 -NAN 0 0
 272.983948282824 -NAN 0 0
 275.163452406611 -NAN 0 0
 277.342377485632 -NAN 0 0
 279.520729477125 4.33661884730229 0 0
 281.698514338328 -1.4430133538672 0 0
 283.875738026479 -2.32236206913987 0 0
 286.052406498816 5.20897114293362 0 0
 288.228525712577 -1.64946911887297 0 0
 290.404101625 -1.76938998132357 0 0
 292.579140193323 5.57958012210216 0 0
 294.753647374784 -1.14675680695517 0 0
 296.927629126621 -0.745673254877023 0 0
 299.101091406072 5.51116621030871 0 0
 301.274040170375 -0.443902420886714 0 0
 303.446481376768 0.238423009576859 0 0
 305.618420982489 5.46545199059547 0 0
 307.789864944776 -0.0183433695818157 0 0
 309.960819220867 0.797481613716253 0 0
 312.131289768 6.19980663796075 0 0
 314.301282543413 1.07910177993862 0 0
 316.470803504344 4.62677057061515 0 0
 318.639858608031 14.2532355977427 0 0
 320.808453811712 11.5331713147655 0 0
 322.976595072625 16.81111915294 0 0
 325.144288348008 24.2158955579492 0 0
 327.311539595099 16.5350650478048 0 0
 329.478354771136 18.6431590465648 0 0
 331.644739833357 22.9880448972268 0 0
 333.810700739 13.873290358916 0 0
 335.976243445303 15.1864364802734 0 0
 338.141373909504 18.5268389173205 0 0
 340.306098088841 9.62165539671201 0 0
 342.470421940552 11.4171869625992 0 0
 344.634351421875 14.3557623904754 0 0
 346.797892490048 6.69855716430441 0 0
 348.961051102309 8.67650258315187 0 0
 351.123833215896 11.2365455148314 0 0
 353.286244788047 4.38063958192954 0 0
 355.448291776 6.64761275705152 0 0
 357.609980136993 8.89838849250824 0 0
 359.771315828264 3.13456907201676 0 0
 361.932304807051 9.38535878843861 0 0
 364.092953030592 16.1111769472292 0 0
 366.253266456125 9.26925802853315 0 0
 368.413251040888 7.92602894675437 0 0
 370.572912742119 7.11131470720024 0 0
 372.732257517056 -1.32568447382993 0 0
 374.891291322937 3.22661468568401 0 0
 377.050020117 5.14305310888242 0 0
 379.208449856483 -2.58387939718947 0 0
 381.366586498624 2.64887447303437 0 0
 383.524436000661 4.46952040862464 0 0
 385.682004319832 -3.28647733713934 0 0
 387.839297413375 2.5743742184313 0 0
 389.996321238528 4.01753016411162 0 0
 392.153081752529 -3.46345419953197 0 0
 394.309584912616 2.75300094812775 0 0
 396.465836676027 3.81430693284824 0 0
 398.621843 -2.46995605461821 0 0
 400.777609841773 7.38746893246054 0 0
 402.933143158584 15.1152057105102 0 0
 405.088448907671 11.1332707230687 0 0
 407.243533046272 12.9803816472492 0 0
 409.398401531625 8.28857688751358 0 0
 411.553060320968 1.37327278079434 0 0
 413.707515371539 7.64139361567155 0 0
 415.861772640576 9.70330426763272 0 0
 418.015838085317 8.41904708188418 0 0
 420.169717663 18.0338825645571 0 0
 422.323417330863 24.4595577708924 0 0
 424.476943046144 29.4774853546419 0 0
 426.630300766081 46.6070824687937 0 0
 428.783496447912 63.8958391507482 0 0
 430.936536048875 87.3780091252134 0 0
 433.089425526208 140.851388156514 0 0
 435.242170837149 194.957850003883 0 0
 437.394777938936 236.420872210215 0 0
 439.547252788807 284.890178506524 0 0
 441.699601344 358.532214906291 0 0
 443.851829561753 449.24088212484 0 0
 446.003943399304 541.335660592842 0 0
 448.155948813891 590.600059773132 0 0
 450.307851762752 579.809458985741 0 0
 452.459658203125 524.122401442469 0 0
 454.611374092248 437.028488426765 0 0
 456.763005387359 353.277105853895 0 0
 458.914558045696 299.512923236007 0 0
 461.066038024497 257.3755422882 0 0
 463.217451281 223.229932428825 0 0
 465.368803772443 199.774444736551 0 0
 467.520101456064 167.713914877241 0 0
 469.671350289101 136.063938600622 0 0
 471.822556228792 119.564373895955 0 0
 473.973725232375 100.925186309273 0 0
 476.124863257088 87.7929939173287 0 0
 478.275976260169 88.5816819520807 0 0
 480.427070198856 82.4855888404489 0 0
 482.578151030387 77.7490415755452 0 0
 484.729224712 83.6647985268896 0 0
 486.880297200933 80.8506917221055 0 0
 489.031374454424 80.268580121899 0 0
 491.182462429711 90.2001033080796 0 0
 493.333567084032 91.0217520132691 0 0
 495.484694374625 93.587868002253 0 0
 497.635850258728 105.15875237068 0 0
 499.787040693579 106.187879368822 0 0
 501.938271636416 109.053246017835 0 0
 504.089549044477 -NAN 0 0
 506.240878875 -NAN 0 0
 508.392267085223 -NAN 0 0
 510.543719632384 -NAN 0 0
 512.695242473721 -NAN 0 0
 514.846841566472 -NAN 0 0
 516.998522867875 -NAN 0 0
 519.150292335168 -NAN 0 0
 521.302155925589 -NAN 0 0
 523.454119596376 -NAN 0 0
 525.606189304767 -NAN 0 0
 527.758371008 -NAN 0 0
 529.910670663313 -NAN 0 0
 532.063094227944 -NAN 0 0
 534.215647659131 -NAN 0 0
 536.368336914112 -NAN 0 0
 538.521167950125 -NAN 0 0
 540.674146724408 -NAN 0 0
 542.827279194199 -NAN 0 0
 544.980571316736 -NAN 0 0
 547.134029049257 -NAN 0 0
 549.287658349 -NAN 0 0
 551.441465173203 -NAN 0 0
 553.595455479104 -NAN 0 0
 555.749635223941 -NAN 0 0
 557.904010364952 -NAN 0 0
 560.058586859375 -NAN 0 0
 562.213370664448 -NAN 0 0
 564.368367737409 -NAN 0 0
 566.523584035496 -NAN 0 0
 568.679025515947 -NAN 0 0
 570.834698136 -NAN 0 0
 572.990607852893 -NAN 0 0
 575.146760623864 -NAN 0 0
 577.303162406151 -NAN 0 0
 579.459819156992 -NAN 0 0
 581.616736833625 -NAN 0 0
 583.773921393288 -NAN 0 0
 585.931378793219 -NAN 0 0
 588.089114990656 -NAN 0 0
 590.247135942837 -NAN 0 0
 592.405447607 -NAN 0 0
 594.564055940383 -NAN 0 0
 596.722966900224 -NAN 0 0
 598.882186443761 -NAN 0 0
 601.041720528232 -NAN 0 0
 603.201575110875 -NAN 0 0
 605.361756148928 -NAN 0 0
 607.522269599629 -NAN 0 0
 609.683121420216 -NAN 0 0
 611.844317567927 -NAN 0 0
 614.005864 -NAN 0 0
 616.167766673673 -NAN 0 0
 618.330031546184 -NAN 0 0
 620.492664574771 -NAN 0 0
 622.655671716672 -NAN 0 0
 624.819058929125 -NAN 0 0
 626.982832169368 -NAN 0 0
 629.146997394639 -NAN 0 0
 631.311560562176 -NAN 0 0
 633.476527629217 -NAN 0 0
 635.641904553 -NAN 0 0
 637.807697290763 -NAN 0 0
 639.973911799744 -NAN 0 0
 642.140554037181 -NAN 0 0
 644.307629960312 -NAN 0 0
 646.475145526375 -NAN 0 0
 648.643106692608 -NAN 0 0
 650.811519416249 -NAN 0 0
 652.980389654536 -NAN 0 0
 655.149723364707 -NAN 0 0
 657.319526504 -NAN 0 0
 659.489805029653 -NAN 0 0
 661.660564898904 -NAN 0 0
 663.831812068991 -NAN 0 0
 666.003552497152 -NAN 0 0
 668.175792140625 -NAN 0 0
 670.348536956648 -NAN 0 0
 672.521792902459 -NAN 0 0
 674.695565935296 -NAN 0 0
 676.869862012397 -NAN 0 0
 679.044687091 -NAN 0 0
 681.220047128343 -NAN 0 0
 683.395948081664 -NAN 0 0
 685.572395908201 -NAN 0 0
 687.749396565192 -NAN 0 0
 689.926956009875 -NAN 0 0
 692.105080199488 -NAN 0 0
 694.283775091269 -NAN 0 0
 696.463046642456 -NAN 0 0
 698.642900810287 -NAN 0 0
 700.823343552 -NAN 0 0
 703.004380824833 -NAN 0 0
 705.186018586024 -NAN 0 0
 707.368262792811 -NAN 0 0
 709.551119402432 -NAN 0 0
 711.734594372125 -NAN 0 0
 713.918693659128 -NAN 0 0
 716.103423220679 -NAN 0 0
 718.288789014016 -NAN 0 0
 720.474796996377 -NAN 0 0
 722.661453125 -NAN 0 0
 724.848763357123 -NAN 0 0
 727.036733649984 -NAN 0 0
 729.225369960821 -NAN 0 0
 731.414678246872 -NAN 0 0
 733.604664465375 -NAN 0 0
 735.795334573568 -NAN 0 0
[END] of [DATA]
[END] of Spectrum


[Spectrum]
Version            = 1
IDData             = 12ad_2026-06-08_10-23-50_000_358
IDDevice           = SAM_82E6
IDDataType         = SPECTRUM
IDDataTypeSub1     = CALIBRATED
IDDataTypeSub2     = 
IDDataTypeSub3     = 
DateTime           = 2026-06-08 10:23:50
PositionLatitude   = 0
PositionLongitude  = 0
Comment            = 20260608_FrameB
CommentSub1        = con
CommentSub2        = centre
CommentSub3        = 22.5cm
IDMethodType       = SAM Control
MethodName         = SAM_82E6
Mission            = No Mission
MissionSub         = 1
RecordType         = 0
[Attributes]
CalFactor = 1
IDBasisSpec = 
IDDataBack = DLAB_2024-11-11_10-40-48_641_639
IDDataCal = DLAB_2024-11-12_11-45-27_171_455
IntegrationTime = 128
P31 = -1
P31e = 0
PathLength = +INF
PathLengthCustomOn = 0
RAWDynamic = 65535
Salinity = 0
Temperature = -NAN
Unit1 = $01 $01 Wavelength nm
Unit2 = $03 $06 Intensity mW/(m^2 nm)
Unit3 = $f0 $06 Error mW/(m^2 nm)
Unit4 = $f1 $00 Status 
p999 = 6986
[END] of [Attributes]
[DATA]
 0 6 0 0
 185.260577530984 -NAN 0 0
 187.468128380571 -NAN 0 0
 189.674861895872 -NAN 0 0
 191.880784034125 -NAN 0 0
 194.085900752568 -NAN 0 0
 196.290218008439 -NAN 0 0
 198.493741758976 -NAN 0 0
 200.696477961417 -NAN 0 0
 202.898432573 -NAN 0 0
 205.099611550963 -NAN 0 0
 207.300020852544 -NAN 0 0
 209.499666434981 -NAN 0 0
 211.698554255512 -NAN 0 0
 213.896690271375 -NAN 0 0
 216.094080439808 -NAN 0 0
 218.290730718049 -NAN 0 0
 220.486647063336 -NAN 0 0
 222.681835432907 -NAN 0 0
 224.876301784 -NAN 0 0
 227.070052073853 -NAN 0 0
 229.263092259704 -NAN 0 0
 231.455428298791 -NAN 0 0
 233.647066148352 -NAN 0 0
 235.838011765625 -NAN 0 0
 238.028271107848 -NAN 0 0
 240.217850132259 -NAN 0 0
 242.406754796096 -NAN 0 0
 244.594991056597 -NAN 0 0
 246.782564871 -NAN 0 0
 248.969482196543 -NAN 0 0
 251.155748990464 -NAN 0 0
 253.341371210001 -NAN 0 0
 255.526354812392 -NAN 0 0
 257.710705754875 -NAN 0 0
 259.894429994688 -NAN 0 0
 262.077533489069 -NAN 0 0
 264.260022195256 -NAN 0 0
 266.441902070487 -NAN 0 0
 268.623179072 -NAN 0 0
 270.803859157033 -NAN 0 0
 272.983948282824 -NAN 0 0
 275.163452406611 -NAN 0 0
 277.342377485632 -NAN 0 0
 279.520729477125 -1.35822853367541 0 0
 281.698514338328 4.25089153454468 0 0
 283.875738026479 -2.88298251922321 0 0
 286.052406498816 -1.11683930044994 0 0
 288.228525712577 4.69309616001619 0 0
 290.404101625 -2.73928219604358 0 0
 292.579140193323 -0.333540454657866 0 0
 294.753647374784 5.06049720644288 0 0
 296.927629126621 -1.79821065335269 0 0
 299.101091406072 0.554786414271012 0 0
 301.274040170375 4.92272305688838 0 0
 303.446481376768 -0.981550950134922 0 0
 305.618420982489 1.3411918596416 0 0
 307.789864944776 5.00228958070343 0 0
 309.960819220867 -0.75980992665227 0 0
 312.131289768 2.00599462776872 0 0
 314.301282543413 6.45706423520389 0 0
 316.470803504344 2.47036568135518 0 0
 318.639858608031 9.64392555820833 0 0
 320.808453811712 17.6895243792025 0 0
 322.976595072625 13.5444653637208 0 0
 325.144288348008 19.4069424005204 0 0
 327.311539595099 23.3152819958153 0 0
 329.478354771136 14.6791359882514 0 0
 331.644739833357 18.3497539893649 0 0
 333.810700739 20.639357650269 0 0
 335.976243445303 11.3124264544554 0 0
 338.141373909504 14.8093776006495 0 0
 340.306098088841 15.9479650062885 0 0
 342.470421940552 7.55038414864861 0 0
 344.634351421875 11.2986634649173 0 0
 346.797892490048 12.3506877574419 0 0
 348.961051102309 5.11551912786564 0 0
 351.123833215896 8.89808984039199 0 0
 353.286244788047 9.46308720582923 0 0
 355.448291776 3.08391900996072 0 0
 357.609980136993 7.14330801375147 0 0
 359.771315828264 8.22539112143108 0 0
 361.932304807051 5.53010956173992 0 0
 364.092953030592 14.2607167380039 0 0
 366.253266456125 14.8596169123815 0 0
 368.413251040888 3.58235670877928 0 0
 370.572912742119 5.55011529063124 0 0
 372.732257517056 5.20077265967419 0 0
 374.891291322937 -1.9294177513657 0 0
 377.050020117 4.09882080586681 0 0
 379.208449856483 4.29158616191544 0 0
 381.366586498624 -2.821876872424 0 0
 383.524436000661 3.77738043409019 0 0
 385.682004319832 3.80396791485695 0 0
 387.839297413375 -3.29287778334071 0 0
 389.996321238528 3.76328868452844 0 0
 392.153081752529 3.22906269203712 0 0
 394.309584912616 -3.16381899219843 0 0
 396.465836676027 3.78879902231858 0 0
 398.621843 3.88167131389585 0 0
 400.777609841773 1.58072530471223 0 0
 402.933143158584 15.1139383940294 0 0
 405.088448907671 16.5937286584052 0 0
 407.243533046272 7.39795059420255 0 0
 409.398401531625 8.86493001157592 0 0
 411.553060320968 6.31563063837458 0 0
 413.707515371539 2.81013564729496 0 0
 415.861772640576 10.6208310875296 0 0
 418.015838085317 12.7707157862654 0 0
 420.169717663 13.6396046575905 0 0
 422.323417330863 25.4309778162067 0 0
 424.476943046144 33.1514320195089 0 0
 426.630300766081 42.5198807793771 0 0
 428.783496447912 64.8812693251034 0 0
 430.936536048875 90.4771440695503 0 0
 433.089425526208 136.158087279304 0 0
 435.242170837149 194.784420328163 0 0
 437.394777938936 238.146567683542 0 0
 439.547252788807 280.361660344437 0 0
 441.699601344 359.788975956477 0 0
 443.851829561753 451.982186893955 0 0
 446.003943399304 537.145973955197 0 0
 448.155948813891 592.194327120995 0 0
 450.307851762752 582.454477572871 0 0
 452.459658203125 519.219443697174 0 0
 454.611374092248 439.064482090701 0 0
 456.763005387359 356.105310890119 0 0
 458.914558045696 294.35609685851 0 0
 461.066038024497 259.960460054583 0 0
 463.217451281 226.014538316069 0 0
 465.368803772443 194.434451017986 0 0
 467.520101456064 170.52748742773 0 0
 469.671350289101 138.790753562501 0 0
 471.822556228792 113.896771658802 0 0
 473.973725232375 104.134872813871 0 0
 476.124863257088 90.24306886997 0 0
 478.275976260169 82.7998692631952 0 0
 480.427070198856 86.1735631692438 0 0
 482.578151030387 80.078441177699 0 0
 484.729224712 77.7292283716925 0 0
 486.880297200933 84.6349297465607 0 0
 489.031374454424 82.1002688491577 0 0
 491.182462429711 84.3890741075759 0 0
 493.333567084032 94.9284323462114 0 0
 495.484694374625 95.1208292727115 0 0
 497.635850258728 99.3516365190897 0 0
 499.787040693579 110.413710936909 0 0
 501.938271636416 110.311355601929 0 0
 504.089549044477 -NAN 0 0
 506.240878875 -NAN 0 0
 508.392267085223 -NAN 0 0
 510.543719632384 -NAN 0 0
 512.695242473721 -NAN 0 0
 514.846841566472 -NAN 0 0
 516.998522867875 -NAN 0 0
 519.150292335168 -NAN 0 0
 521.302155925589 -NAN 0 0
 523.454119596376 -NAN 0 0
 525.606189304767 -NAN 0 0
 527.758371008 -NAN 0 0
 529.910670663313 -NAN 0 0
 532.063094227944 -NAN 0 0
 534.215647659131 -NAN 0 0
 536.368336914112 -NAN 0 0
 538.521167950125 -NAN 0 0
 540.674146724408 -NAN 0 0
 542.827279194199 -NAN 0 0
 544.980571316736 -NAN 0 0
 547.134029049257 -NAN 0 0
 549.287658349 -NAN 0 0
 551.441465173203 -NAN 0 0
 553.595455479104 -NAN 0 0
 555.749635223941 -NAN 0 0
 557.904010364952 -NAN 0 0
 560.058586859375 -NAN 0 0
 562.213370664448 -NAN 0 0
 564.368367737409 -NAN 0 0
 566.523584035496 -NAN 0 0
 568.679025515947 -NAN 0 0
 570.834698136 -NAN 0 0
 572.990607852893 -NAN 0 0
 575.146760623864 -NAN 0 0
 577.303162406151 -NAN 0 0
 579.459819156992 -NAN 0 0
 581.616736833625 -NAN 0 0
 583.773921393288 -NAN 0 0
 585.931378793219 -NAN 0 0
 588.089114990656 -NAN 0 0
 590.247135942837 -NAN 0 0
 592.405447607 -NAN 0 0
 594.564055940383 -NAN 0 0
 596.722966900224 -NAN 0 0
 598.882186443761 -NAN 0 0
 601.041720528232 -NAN 0 0
 603.201575110875 -NAN 0 0
 605.361756148928 -NAN 0 0
 607.522269599629 -NAN 0 0
 609.683121420216 -NAN 0 0
 611.844317567927 -NAN 0 0
 614.005864 -NAN 0 0
 616.167766673673 -NAN 0 0
 618.330031546184 -NAN 0 0
 620.492664574771 -NAN 0 0
 622.655671716672 -NAN 0 0
 624.819058929125 -NAN 0 0
 626.982832169368 -NAN 0 0
 629.146997394639 -NAN 0 0
 631.311560562176 -NAN 0 0
 633.476527629217 -NAN 0 0
 635.641904553 -NAN 0 0
 637.807697290763 -NAN 0 0
 639.973911799744 -NAN 0 0
 642.140554037181 -NAN 0 0
 644.307629960312 -NAN 0 0
 646.475145526375 -NAN 0 0
 648.643106692608 -NAN 0 0
 650.811519416249 -NAN 0 0
 652.980389654536 -NAN 0 0
 655.149723364707 -NAN 0 0
 657.319526504 -NAN 0 0
 659.489805029653 -NAN 0 0
 661.660564898904 -NAN 0 0
 663.831812068991 -NAN 0 0
 666.003552497152 -NAN 0 0
 668.175792140625 -NAN 0 0
 670.348536956648 -NAN 0 0
 672.521792902459 -NAN 0 0
 674.695565935296 -NAN 0 0
 676.869862012397 -NAN 0 0
 679.044687091 -NAN 0 0
 681.220047128343 -NAN 0 0
 683.395948081664 -NAN 0 0
 685.572395908201 -NAN 0 0
 687.749396565192 -NAN 0 0
 689.926956009875 -NAN 0 0
 692.105080199488 -NAN 0 0
 694.283775091269 -NAN 0 0
 696.463046642456 -NAN 0 0
 698.642900810287 -NAN 0 0
 700.823343552 -NAN 0 0
 703.004380824833 -NAN 0 0
 705.186018586024 -NAN 0 0
 707.368262792811 -NAN 0 0
 709.551119402432 -NAN 0 0
 711.734594372125 -NAN 0 0
 713.918693659128 -NAN 0 0
 716.103423220679 -NAN 0 0
 718.288789014016 -NAN 0 0
 720.474796996377 -NAN 0 0
 722.661453125 -NAN 0 0
 724.848763357123 -NAN 0 0
 727.036733649984 -NAN 0 0
 729.225369960821 -NAN 0 0
 731.414678246872 -NAN 0 0
 733.604664465375 -NAN 0 0
 735.795334573568 -NAN 0 0
[END] of [DATA]
[END] of Spectrum


[Spectrum]
Version            = 1
IDData             = 12ad_2026-06-08_10-23-45_000_355
IDDevice           = SAM_82E6
IDDataType         = SPECTRUM
IDDataTypeSub1     = CALIBRATED
IDDataTypeSub2     = 
IDDataTypeSub3     = 
DateTime           = 2026-06-08 10:23:45
PositionLatitude   = 0
PositionLongitude  = 0
Comment            = 20260608_FrameB
CommentSub1        = con
CommentSub2        = centre
CommentSub3        = 22.5cm
IDMethodType       = SAM Control
MethodName         = SAM_82E6
Mission            = No Mission
MissionSub         = 1
RecordType         = 0
[Attributes]
CalFactor = 1
IDBasisSpec = 
IDDataBack = DLAB_2024-11-11_10-40-48_641_639
IDDataCal = DLAB_2024-11-12_11-45-27_171_455
IntegrationTime = 128
P31 = -1
P31e = 0
PathLength = +INF
PathLengthCustomOn = 0
RAWDynamic = 65535
Salinity = 0
Temperature = -NAN
Unit1 = $01 $01 Wavelength nm
Unit2 = $03 $06 Intensity mW/(m^2 nm)
Unit3 = $f0 $06 Error mW/(m^2 nm)
Unit4 = $f1 $00 Status 
p999 = 6985
[END] of [Attributes]
[DATA]
 0 6 0 0
 185.260577530984 -NAN 0 0
 187.468128380571 -NAN 0 0
 189.674861895872 -NAN 0 0
 191.880784034125 -NAN 0 0
 194.085900752568 -NAN 0 0
 196.290218008439 -NAN 0 0
 198.493741758976 -NAN 0 0
 200.696477961417 -NAN 0 0
 202.898432573 -NAN 0 0
 205.099611550963 -NAN 0 0
 207.300020852544 -NAN 0 0
 209.499666434981 -NAN 0 0
 211.698554255512 -NAN 0 0
 213.896690271375 -NAN 0 0
 216.094080439808 -NAN 0 0
 218.290730718049 -NAN 0 0
 220.486647063336 -NAN 0 0
 222.681835432907 -NAN 0 0
 224.876301784 -NAN 0 0
 227.070052073853 -NAN 0 0
 229.263092259704 -NAN 0 0
 231.455428298791 -NAN 0 0
 233.647066148352 -NAN 0 0
 235.838011765625 -NAN 0 0
 238.028271107848 -NAN 0 0
 240.217850132259 -NAN 0 0
 242.406754796096 -NAN 0 0
 244.594991056597 -NAN 0 0
 246.782564871 -NAN 0 0
 248.969482196543 -NAN 0 0
 251.155748990464 -NAN 0 0
 253.341371210001 -NAN 0 0
 255.526354812392 -NAN 0 0
 257.710705754875 -NAN 0 0
 259.894429994688 -NAN 0 0
 262.077533489069 -NAN 0 0
 264.260022195256 -NAN 0 0
 266.441902070487 -NAN 0 0
 268.623179072 -NAN 0 0
 270.803859157033 -NAN 0 0
 272.983948282824 -NAN 0 0
 275.163452406611 -NAN 0 0
 277.342377485632 -NAN 0 0
 279.520729477125 -2.69943794310314 0 0
 281.698514338328 4.27834779233036 0 0
 283.875738026479 1.39157189488824 0 0
 286.052406498816 -2.8895761724654 0 0
 288.228525712577 5.26474367442251 0 0
 290.404101625 1.58379059910273 0 0
 292.579140193323 -2.18147873263937 0 0
 294.753647374784 5.53271388441914 0 0
 296.927629126621 1.74791353716907 0 0
 299.101091406072 -1.11481880194654 0 0
 301.274040170375 5.65722552768441 0 0
 303.446481376768 2.08858942654352 0 0
 305.618420982489 -0.223553509468671 0 0
 307.789864944776 5.85206671408149 0 0
 309.960819220867 2.29749594961598 0 0
 312.131289768 0.409262875028586 0 0
 314.301282543413 7.59079686090846 0 0
 316.470803504344 5.64083066018217 0 0
 318.639858608031 7.61006589521533 0 0
 320.808453811712 18.9154705786287 0 0
 322.976595072625 16.9911155735254 0 0
 325.144288348008 16.500781275962 0 0
 327.311539595099 24.6390735426377 0 0
 329.478354771136 18.2445255832898 0 0
 331.644739833357 15.5294717744026 0 0
 333.810700739 22.2957193433392 0 0
 335.976243445303 14.666025377368 0 0
 338.141373909504 12.0328679583908 0 0
 340.306098088841 17.7843728376031 0 0
 342.470421940552 10.689133334236 0 0
 344.634351421875 8.67667611000631 0 0
 346.797892490048 14.0720568737533 0 0
 348.961051102309 7.59629519528654 0 0
 351.123833215896 6.48351401953712 0 0
 353.286244788047 11.1347010671118 0 0
 355.448291776 5.31378231745219 0 0
 357.609980136993 4.64079240737283 0 0
 359.771315828264 9.89364909705787 0 0
 361.932304807051 7.62848075861295 0 0
 364.092953030592 11.5205904855392 0 0
 366.253266456125 16.4396786566571 0 0
 368.413251040888 5.5062774014018 0 0
 370.572912742119 2.7957224342066 0 0
 372.732257517056 7.29450915763023 0 0
 374.891291322937 0.276853234083731 0 0
 377.050020117 0.750932035168183 0 0
 379.208449856483 6.5125028812925 0 0
 381.366586498624 -0.782534534140238 0 0
 383.524436000661 0.481543471163308 0 0
 385.682004319832 6.06124707532197 0 0
 387.839297413375 -1.45236574511279 0 0
 389.996321238528 0.354205419620136 0 0
 392.153081752529 5.70597387832176 0 0
 394.309584912616 -1.53972760041957 0 0
 396.465836676027 0.578829860401476 0 0
 398.621843 6.0112643630843 0 0
 400.777609841773 2.73167001032415 0 0
 402.933143158584 11.6731741487423 0 0
 405.088448907671 18.1231482600911 0 0
 407.243533046272 8.14995716082918 0 0
 409.398401531625 5.79524806453216 0 0
 411.553060320968 8.24470537457361 0 0
 413.707515371539 3.27151813165145 0 0
 415.861772640576 8.18055675341012 0 0
 418.015838085317 14.4545668119272 0 0
 420.169717663 13.9659826722092 0 0
 422.323417330863 23.1924085317642 0 0
 424.476943046144 34.7358714485467 0 0
 426.630300766081 42.6778444349554 0 0
 428.783496447912 62.9264253778581 0 0
 430.936536048875 91.7700296658451 0 0
 433.089425526208 135.40272248399 0 0
 435.242170837149 191.708241425648 0 0
 437.394777938936 238.479877091777 0 0
 439.547252788807 279.781744730539 0 0
 441.699601344 357.749718817489 0 0
 443.851829561753 453.235235211319 0 0
 446.003943399304 536.640336870686 0 0
 448.155948813891 590.096422206994 0 0
 450.307851762752 584.096679702828 0 0
 452.459658203125 518.671994608289 0 0
 454.611374092248 436.961921609168 0 0
 456.763005387359 357.988502990525 0 0
 458.914558045696 293.856083308069 0 0
 461.066038024497 257.799399517532 0 0
 463.217451281 228.391995561837 0 0
 465.368803772443 193.582627548746 0 0
 467.520101456064 168.545027286521 0 0
 469.671350289101 141.268593756126 0 0
 471.822556228792 113.093360348424 0 0
 473.973725232375 102.275126499543 0 0
 476.124863257088 92.7175006454573 0 0
 478.275976260169 81.9631010612481 0 0
 480.427070198856 84.131866719627 0 0
 482.578151030387 82.6333025525578 0 0
 484.729224712 76.9480264250756 0 0
 486.880297200933 82.9872257530571 0 0
 489.031374454424 84.9636112151045 0 0
 491.182462429711 83.507870563621 0 0
 493.333567084032 93.4488147450486 0 0
 495.484694374625 98.1325170827603 0 0
 497.635850258728 98.446503215186 0 0
 499.787040693579 109.086275808369 0 0
 501.938271636416 113.065420978916 0 0
 504.089549044477 -NAN 0 0
 506.240878875 -NAN 0 0
 508.392267085223 -NAN 0 0
 510.543719632384 -NAN 0 0
 512.695242473721 -NAN 0 0
 514.846841566472 -NAN 0 0
 516.998522867875 -NAN 0 0
 519.150292335168 -NAN 0 0
 521.302155925589 -NAN 0 0
 523.454119596376 -NAN 0 0
 525.606189304767 -NAN 0 0
 527.758371008 -NAN 0 0
 529.910670663313 -NAN 0 0
 532.063094227944 -NAN 0 0
 534.215647659131 -NAN 0 0
 536.368336914112 -NAN 0 0
 538.521167950125 -NAN 0 0
 540.674146724408 -NAN 0 0
 542.827279194199 -NAN 0 0
 544.980571316736 -NAN 0 0
 547.134029049257 -NAN 0 0
 549.287658349 -NAN 0 0
 551.441465173203 -NAN 0 0
 553.595455479104 -NAN 0 0
 555.749635223941 -NAN 0 0
 557.904010364952 -NAN 0 0
 560.058586859375 -NAN 0 0
 562.213370664448 -NAN 0 0
 564.368367737409 -NAN 0 0
 566.523584035496 -NAN 0 0
 568.679025515947 -NAN 0 0
 570.834698136 -NAN 0 0
 572.990607852893 -NAN 0 0
 575.146760623864 -NAN 0 0
 577.303162406151 -NAN 0 0
 579.459819156992 -NAN 0 0
 581.616736833625 -NAN 0 0
 583.773921393288 -NAN 0 0
 585.931378793219 -NAN 0 0
 588.089114990656 -NAN 0 0
 590.247135942837 -NAN 0 0
 592.405447607 -NAN 0 0
 594.564055940383 -NAN 0 0
 596.722966900224 -NAN 0 0
 598.882186443761 -NAN 0 0
 601.041720528232 -NAN 0 0
 603.201575110875 -NAN 0 0
 605.361756148928 -NAN 0 0
 607.522269599629 -NAN 0 0
 609.683121420216 -NAN 0 0
 611.844317567927 -NAN 0 0
 614.005864 -NAN 0 0
 616.167766673673 -NAN 0 0
 618.330031546184 -NAN 0 0
 620.492664574771 -NAN 0 0
 622.655671716672 -NAN 0 0
 624.819058929125 -NAN 0 0
 626.982832169368 -NAN 0 0
 629.146997394639 -NAN 0 0
 631.311560562176 -NAN 0 0
 633.476527629217 -NAN 0 0
 635.641904553 -NAN 0 0
 637.807697290763 -NAN 0 0
 639.973911799744 -NAN 0 0
 642.140554037181 -NAN 0 0
 644.307629960312 -NAN 0 0
 646.475145526375 -NAN 0 0
 648.643106692608 -NAN 0 0
 650.811519416249 -NAN 0 0
 652.980389654536 -NAN 0 0
 655.149723364707 -NAN 0 0
 657.319526504 -NAN 0 0
 659.489805029653 -NAN 0 0
 661.660564898904 -NAN 0 0
 663.831812068991 -NAN 0 0
 666.003552497152 -NAN 0 0
 668.175792140625 -NAN 0 0
 670.348536956648 -NAN 0 0
 672.521792902459 -NAN 0 0
 674.695565935296 -NAN 0 0
 676.869862012397 -NAN 0 0
 679.044687091 -NAN 0 0
 681.220047128343 -NAN 0 0
 683.395948081664 -NAN 0 0
 685.572395908201 -NAN 0 0
 687.749396565192 -NAN 0 0
 689.926956009875 -NAN 0 0
 692.105080199488 -NAN 0 0
 694.283775091269 -NAN 0 0
 696.463046642456 -NAN 0 0
 698.642900810287 -NAN 0 0
 700.823343552 -NAN 0 0
 703.004380824833 -NAN 0 0
 705.186018586024 -NAN 0 0
 707.368262792811 -NAN 0 0
 709.551119402432 -NAN 0 0
 711.734594372125 -NAN 0 0
 713.918693659128 -NAN 0 0
 716.103423220679 -NAN 0 0
 718.288789014016 -NAN 0 0
 720.474796996377 -NAN 0 0
 722.661453125 -NAN 0 0
 724.848763357123 -NAN 0 0
 727.036733649984 -NAN 0 0
 729.225369960821 -NAN 0 0
 731.414678246872 -NAN 0 0
 733.604664465375 -NAN 0 0
 735.795334573568 -NAN 0 0
[END] of [DATA]
[END] of Spectrum


[Spectrum]
Version            = 1
IDData             = 12ad_2026-06-08_10-23-40_000_352
IDDevice           = SAM_82E6
IDDataType         = SPECTRUM
IDDataTypeSub1     = CALIBRATED
IDDataTypeSub2     = 
IDDataTypeSub3     = 
DateTime           = 2026-06-08 10:23:40
PositionLatitude   = 0
PositionLongitude  = 0
Comment            = 20260608_FrameB
CommentSub1        = con
CommentSub2        = centre
CommentSub3        = 22.5cm
IDMethodType       = SAM Control
MethodName         = SAM_82E6
Mission            = No Mission
MissionSub         = 1
RecordType         = 0
[Attributes]
CalFactor = 1
IDBasisSpec = 
IDDataBack = DLAB_2024-11-11_10-40-48_641_639
IDDataCal = DLAB_2024-11-12_11-45-27_171_455
IntegrationTime = 128
P31 = -1
P31e = 0
PathLength = +INF
PathLengthCustomOn = 0
RAWDynamic = 65535
Salinity = 0
Temperature = -NAN
Unit1 = $01 $01 Wavelength nm
Unit2 = $03 $06 Intensity mW/(m^2 nm)
Unit3 = $f0 $06 Error mW/(m^2 nm)
Unit4 = $f1 $00 Status 
p999 = 6984
[END] of [Attributes]
[DATA]
 0 6 0 0
 185.260577530984 -NAN 0 0
 187.468128380571 -NAN 0 0
 189.674861895872 -NAN 0 0
 191.880784034125 -NAN 0 0
 194.085900752568 -NAN 0 0
 196.290218008439 -NAN 0 0
 198.493741758976 -NAN 0 0
 200.696477961417 -NAN 0 0
 202.898432573 -NAN 0 0
 205.099611550963 -NAN 0 0
 207.300020852544 -NAN 0 0
 209.499666434981 -NAN 0 0
 211.698554255512 -NAN 0 0
 213.896690271375 -NAN 0 0
 216.094080439808 -NAN 0 0
 218.290730718049 -NAN 0 0
 220.486647063336 -NAN 0 0
 222.681835432907 -NAN 0 0
 224.876301784 -NAN 0 0
 227.070052073853 -NAN 0 0
 229.263092259704 -NAN 0 0
 231.455428298791 -NAN 0 0
 233.647066148352 -NAN 0 0
 235.838011765625 -NAN 0 0
 238.028271107848 -NAN 0 0
 240.217850132259 -NAN 0 0
 242.406754796096 -NAN 0 0
 244.594991056597 -NAN 0 0
 246.782564871 -NAN 0 0
 248.969482196543 -NAN 0 0
 251.155748990464 -NAN 0 0
 253.341371210001 -NAN 0 0
 255.526354812392 -NAN 0 0
 257.710705754875 -NAN 0 0
 259.894429994688 -NAN 0 0
 262.077533489069 -NAN 0 0
 264.260022195256 -NAN 0 0
 266.441902070487 -NAN 0 0
 268.623179072 -NAN 0 0
 270.803859157033 -NAN 0 0
 272.983948282824 -NAN 0 0
 275.163452406611 -NAN 0 0
 277.342377485632 -NAN 0 0
 279.520729477125 3.15356505068545 0 0
 281.698514338328 -3.67350743874221 0 0
 283.875738026479 1.75025601156624 0 0
 286.052406498816 3.7512907010798 0 0
 288.228525712577 -4.01629040659036 0 0
 290.404101625 2.26722289433272 0 0
 292.579140193323 4.06288936153153 0 0
 294.753647374784 -3.11227318253171 0 0
 296.927629126621 3.14452528424173 0 0
 299.101091406072 3.97145890170551 0 0
 301.274040170375 -2.04750813121864 0 0
 303.446481376768 3.32931495763804 0 0
 305.618420982489 3.99857042120275 0 0
 307.789864944776 -1.34164411313156 0 0
 309.960819220867 3.89477346291555 0 0
 312.131289768 4.5029275096083 0 0
 314.301282543413 -0.318587057083839 0 0
 316.470803504344 7.84244063777224 0 0
 318.639858608031 11.8733239111285 0 0
 320.808453811712 9.45398785819235 0 0
 322.976595072625 19.6769996619493 0 0
 325.144288348008 20.8953935279023 0 0
 327.311539595099 14.2451842104443 0 0
 329.478354771136 21.5139149574635 0 0
 331.644739833357 19.7428697711389 0 0
 333.810700739 11.8276318604146 0 0
 335.976243445303 18.436825379984 0 0
 338.141373909504 15.3978234985283 0 0
 340.306098088841 8.40552722460719 0 0
 342.470421940552 14.6043857601459 0 0
 344.634351421875 11.6218532731725 0 0
 346.797892490048 5.85538829189365 0 0
 348.961051102309 11.4915184097731 0 0
 351.123833215896 8.98428471206832 0 0
 353.286244788047 4.07096030169193 0 0
 355.448291776 9.3432410486934 0 0
 357.609980136993 6.89808932574945 0 0
 359.771315828264 3.13887147814346 0 0
 361.932304807051 11.9591851021332 0 0
 364.092953030592 13.6770145243557 0 0
 366.253266456125 9.14780464981574 0 0
 368.413251040888 10.9858750892744 0 0
 370.572912742119 4.8555511093258 0 0
 372.732257517056 -0.334257845514293 0 0
 374.891291322937 6.66845120168069 0 0
 377.050020117 2.88905630158058 0 0
 379.208449856483 -1.46992242893229 0 0
 381.366586498624 6.47034480062916 0 0
 383.524436000661 2.04489864978322 0 0
 385.682004319832 -1.82145053482115 0 0
 387.839297413375 6.27806818912246 0 0
 389.996321238528 1.39364572288843 0 0
 392.153081752529 -1.70949580207327 0 0
 394.309584912616 6.04754738182861 0 0
 396.465836676027 1.08898807099474 0 0
 398.621843 -0.697285454172254 0 0
 400.777609841773 10.0378930115985 0 0
 402.933143158584 11.4247801185116 0 0
 405.088448907671 11.4919779710143 0 0
 407.243533046272 14.9310843050706 0 0
 409.398401531625 5.46754032401163 0 0
 411.553060320968 2.9063853498719 0 0
 413.707515371539 9.80299707111645 0 0
 415.861772640576 7.55798571877488 0 0
 418.015838085317 9.94463773677455 0 0
 420.169717663 19.8426789818058 0 0
 422.323417330863 22.4691080267705 0 0
 424.476943046144 30.8710819392858 0 0
 426.630300766081 48.1176638745972 0 0
 428.783496447912 61.8963178731001 0 0
 430.936536048875 88.3009102519502 0 0
 433.089425526208 139.834519793261 0 0
 435.242170837149 189.077225331317 0 0
 437.394777938936 234.280338408653 0 0
 439.547252788807 284.61680127152 0 0
 441.699601344 356.18308274054 0 0
 443.851829561753 450.389300489184 0 0
 446.003943399304 542.216889352649 0 0
 448.155948813891 588.266129588588 0 0
 450.307851762752 581.209073321652 0 0
 452.459658203125 525.143194836634 0 0
 454.611374092248 434.550300903076 0 0
 456.763005387359 355.073411434376 0 0
 458.914558045696 300.307355942895 0 0
 461.066038024497 254.867041089604 0 0
 463.217451281 225.047560292561 0 0
 465.368803772443 200.310660749405 0 0
 467.520101456064 164.884277009562 0 0
 469.671350289101 138.016766782929 0 0
 471.822556228792 119.745824613673 0 0
 473.973725232375 98.0160982320362 0 0
 476.124863257088 89.7902533906974 0 0
 478.275976260169 88.6461342173038 0 0
 480.427070198856 79.6831293384108 0 0
 482.578151030387 80.0840219146471 0 0
 484.729224712 83.3272835227718 0 0
 486.880297200933 77.8953394133232 0 0
 489.031374454424 82.5489598568735 0 0
 491.182462429711 89.8829147067067 0 0
 493.333567084032 88.2606898229879 0 0
 495.484694374625 96.0627426598308 0 0
 497.635850258728 104.531193279973 0 0
 499.787040693579 103.746094521401 0 0
 501.938271636416 111.440317923328 0 0
 504.089549044477 -NAN 0 0
 506.240878875 -NAN 0 0
 508.392267085223 -NAN 0 0
 510.543719632384 -NAN 0 0
 512.695242473721 -NAN 0 0
 514.846841566472 -NAN 0 0
 516.998522867875 -NAN 0 0
 519.150292335168 -NAN 0 0
 521.302155925589 -NAN 0 0
 523.454119596376 -NAN 0 0
 525.606189304767 -NAN 0 0
 527.758371008 -NAN 0 0
 529.910670663313 -NAN 0 0
 532.063094227944 -NAN 0 0
 534.215647659131 -NAN 0 0
 536.368336914112 -NAN 0 0
 538.521167950125 -NAN 0 0
 540.674146724408 -NAN 0 0
 542.827279194199 -NAN 0 0
 544.980571316736 -NAN 0 0
 547.134029049257 -NAN 0 0
 549.287658349 -NAN 0 0
 551.441465173203 -NAN 0 0
 553.595455479104 -NAN 0 0
 555.749635223941 -NAN 0 0
 557.904010364952 -NAN 0 0
 560.058586859375 -NAN 0 0
 562.213370664448 -NAN 0 0
 564.368367737409 -NAN 0 0
 566.523584035496 -NAN 0 0
 568.679025515947 -NAN 0 0
 570.834698136 -NAN 0 0
 572.990607852893 -NAN 0 0
 575.146760623864 -NAN 0 0
 577.303162406151 -NAN 0 0
 579.459819156992 -NAN 0 0
 581.616736833625 -NAN 0 0
 583.773921393288 -NAN 0 0
 585.931378793219 -NAN 0 0
 588.089114990656 -NAN 0 0
 590.247135942837 -NAN 0 0
 592.405447607 -NAN 0 0
 594.564055940383 -NAN 0 0
 596.722966900224 -NAN 0 0
 598.882186443761 -NAN 0 0
 601.041720528232 -NAN 0 0
 603.201575110875 -NAN 0 0
 605.361756148928 -NAN 0 0
 607.522269599629 -NAN 0 0
 609.683121420216 -NAN 0 0
 611.844317567927 -NAN 0 0
 614.005864 -NAN 0 0
 616.167766673673 -NAN 0 0
 618.330031546184 -NAN 0 0
 620.492664574771 -NAN 0 0
 622.655671716672 -NAN 0 0
 624.819058929125 -NAN 0 0
 626.982832169368 -NAN 0 0
 629.146997394639 -NAN 0 0
 631.311560562176 -NAN 0 0
 633.476527629217 -NAN 0 0
 635.641904553 -NAN 0 0
 637.807697290763 -NAN 0 0
 639.973911799744 -NAN 0 0
 642.140554037181 -NAN 0 0
 644.307629960312 -NAN 0 0
 646.475145526375 -NAN 0 0
 648.643106692608 -NAN 0 0
 650.811519416249 -NAN 0 0
 652.980389654536 -NAN 0 0
 655.149723364707 -NAN 0 0
 657.319526504 -NAN 0 0
 659.489805029653 -NAN 0 0
 661.660564898904 -NAN 0 0
 663.831812068991 -NAN 0 0
 666.003552497152 -NAN 0 0
 668.175792140625 -NAN 0 0
 670.348536956648 -NAN 0 0
 672.521792902459 -NAN 0 0
 674.695565935296 -NAN 0 0
 676.869862012397 -NAN 0 0
 679.044687091 -NAN 0 0
 681.220047128343 -NAN 0 0
 683.395948081664 -NAN 0 0
 685.572395908201 -NAN 0 0
 687.749396565192 -NAN 0 0
 689.926956009875 -NAN 0 0
 692.105080199488 -NAN 0 0
 694.283775091269 -NAN 0 0
 696.463046642456 -NAN 0 0
 698.642900810287 -NAN 0 0
 700.823343552 -NAN 0 0
 703.004380824833 -NAN 0 0
 705.186018586024 -NAN 0 0
 707.368262792811 -NAN 0 0
 709.551119402432 -NAN 0 0
 711.734594372125 -NAN 0 0
 713.918693659128 -NAN 0 0
 716.103423220679 -NAN 0 0
 718.288789014016 -NAN 0 0
 720.474796996377 -NAN 0 0
 722.661453125 -NAN 0 0
 724.848763357123 -NAN 0 0
 727.036733649984 -NAN 0 0
 729.225369960821 -NAN 0 0
 731.414678246872 -NAN 0 0
 733.604664465375 -NAN 0 0
 735.795334573568 -NAN 0 0
[END] of [DATA]
[END] of Spectrum


[Spectrum]
Version            = 1
IDData             = 12ad_2026-06-08_10-23-35_000_349
IDDevice           = SAM_82E6
IDDataType         = SPECTRUM
IDDataTypeSub1     = CALIBRATED
IDDataTypeSub2     = 
IDDataTypeSub3     = 
DateTime           = 2026-06-08 10:23:35
PositionLatitude   = 0
PositionLongitude  = 0
Comment            = 20260608_FrameB
CommentSub1        = con
CommentSub2        = centre
CommentSub3        = 22.5cm
IDMethodType       = SAM Control
MethodName         = SAM_82E6
Mission            = No Mission
MissionSub         = 1
RecordType         = 0
[Attributes]
CalFactor = 1
IDBasisSpec = 
IDDataBack = DLAB_2024-11-11_10-40-48_641_639
IDDataCal = DLAB_2024-11-12_11-45-27_171_455
IntegrationTime = 128
P31 = -1
P31e = 0
PathLength = +INF
PathLengthCustomOn = 0
RAWDynamic = 65535
Salinity = 0
Temperature = -NAN
Unit1 = $01 $01 Wavelength nm
Unit2 = $03 $06 Intensity mW/(m^2 nm)
Unit3 = $f0 $06 Error mW/(m^2 nm)
Unit4 = $f1 $00 Status 
p999 = 6983
[END] of [Attributes]
[DATA]
 0 6 0 0
 185.260577530984 -NAN 0 0
 187.468128380571 -NAN 0 0
 189.674861895872 -NAN 0 0
 191.880784034125 -NAN 0 0
 194.085900752568 -NAN 0 0
 196.290218008439 -NAN 0 0
 198.493741758976 -NAN 0 0
 200.696477961417 -NAN 0 0
 202.898432573 -NAN 0 0
 205.099611550963 -NAN 0 0
 207.300020852544 -NAN 0 0
 209.499666434981 -NAN 0 0
 211.698554255512 -NAN 0 0
 213.896690271375 -NAN 0 0
 216.094080439808 -NAN 0 0
 218.290730718049 -NAN 0 0
 220.486647063336 -NAN 0 0
 222.681835432907 -NAN 0 0
 224.876301784 -NAN 0 0
 227.070052073853 -NAN 0 0
 229.263092259704 -NAN 0 0
 231.455428298791 -NAN 0 0
 233.647066148352 -NAN 0 0
 235.838011765625 -NAN 0 0
 238.028271107848 -NAN 0 0
 240.217850132259 -NAN 0 0
 242.406754796096 -NAN 0 0
 244.594991056597 -NAN 0 0
 246.782564871 -NAN 0 0
 248.969482196543 -NAN 0 0
 251.155748990464 -NAN 0 0
 253.341371210001 -NAN 0 0
 255.526354812392 -NAN 0 0
 257.710705754875 -NAN 0 0
 259.894429994688 -NAN 0 0
 262.077533489069 -NAN 0 0
 264.260022195256 -NAN 0 0
 266.441902070487 -NAN 0 0
 268.623179072 -NAN 0 0
 270.803859157033 -NAN 0 0
 272.983948282824 -NAN 0 0
 275.163452406611 -NAN 0 0
 277.342377485632 -NAN 0 0
 279.520729477125 -2.26482133781969 0 0
 281.698514338328 4.82878038889096 0 0
 283.875738026479 0.283040274446388 0 0
 286.052406498816 -2.48740736530055 0 0
 288.228525712577 5.58423589425361 0 0
 290.404101625 0.363791246553871 0 0
 292.579140193323 -1.81640168153547 0 0
 294.753647374784 5.98576814647752 0 0
 296.927629126621 0.682679668265471 0 0
 299.101091406072 -0.784711275256846 0 0
 301.274040170375 5.83243859733718 0 0
 303.446481376768 1.07394680472414 0 0
 305.618420982489 -0.003091103511552 0 0
 307.789864944776 5.70562713260628 0 0
 309.960819220867 1.29352381845543 0 0
 312.131289768 0.61968488895558 0 0
 314.301282543413 7.53614513433604 0 0
 316.470803504344 4.35187476320241 0 0
 318.639858608031 7.29488840158263 0 0
 320.808453811712 17.9903537397566 0 0
 322.976595072625 14.7988154196758 0 0
 325.144288348008 15.731291022912 0 0
 327.311539595099 23.2507783102559 0 0
 329.478354771136 15.7381920548627 0 0
 331.644739833357 14.926923290681 0 0
 333.810700739 21.1071059031825 0 0
 335.976243445303 12.4520976965722 0 0
 338.141373909504 11.5118335237535 0 0
 340.306098088841 16.6944722547904 0 0
 342.470421940552 8.85983312052485 0 0
 344.634351421875 8.52702791085312 0 0
 346.797892490048 12.949845007751 0 0
 348.961051102309 6.25124038577115 0 0
 351.123833215896 6.33015431278834 0 0
 353.286244788047 10.3179764864852 0 0
 355.448291776 4.1789507740834 0 0
 357.609980136993 4.82176165747039 0 0
 359.771315828264 9.26227099796508 0 0
 361.932304807051 6.41074467419003 0 0
 364.092953030592 11.5081712895042 0 0
 366.253266456125 15.628043096959 0 0
 368.413251040888 4.44551457465656 0 0
 370.572912742119 3.00798526719144 0 0
 372.732257517056 6.52876253812855 0 0
 374.891291322937 -0.778553666329312 0 0
 377.050020117 1.53031281615077 0 0
 379.208449856483 5.96811938801104 0 0
 381.366586498624 -1.81563172699223 0 0
 383.524436000661 1.18221083758114 0 0
 385.682004319832 5.48234813498847 0 0
 387.839297413375 -2.36057838291425 0 0
 389.996321238528 1.27425055291842 0 0
 392.153081752529 5.16618763100259 0 0
 394.309584912616 -2.21745507457078 0 0
 396.465836676027 1.38568534610293 0 0
 398.621843 5.51900329065507 0 0
 400.777609841773 1.6405484193542 0 0
 402.933143158584 11.8873506339922 0 0
 405.088448907671 16.6281252438246 0 0
 407.243533046272 6.89661288311813 0 0
 409.398401531625 6.62826739096023 0 0
 411.553060320968 7.67668165293696 0 0
 413.707515371539 2.91620058622748 0 0
 415.861772640576 8.90416800514191 0 0
 418.015838085317 13.8952491040454 0 0
 420.169717663 13.7342069806684 0 0
 422.323417330863 23.8415478457395 0 0
 424.476943046144 34.3905790463642 0 0
 426.630300766081 42.4352882206521 0 0
 428.783496447912 63.5089166100903 0 0
 430.936536048875 91.1528395373398 0 0
 433.089425526208 133.659635233924 0 0
 435.242170837149 189.570341045231 0 0
 437.394777938936 235.938892418452 0 0
 439.547252788807 278.768307820896 0 0
 441.699601344 358.332481135725 0 0
 443.851829561753 453.256161201923 0 0
 446.003943399304 536.800326946496 0 0
 448.155948813891 591.050174880151 0 0
 450.307851762752 584.038061834378 0 0
 452.459658203125 519.061971032013 0 0
 454.611374092248 437.807320192652 0 0
 456.763005387359 357.872328879614 0 0
 458.914558045696 293.934927760135 0 0
 461.066038024497 258.705190567715 0 0
 463.217451281 228.062745257377 0 0
 465.368803772443 193.875013051819 0 0
 467.520101456064 169.22726775651 0 0
 469.671350289101 140.769561720625 0 0
 471.822556228792 113.101011884713 0 0
 473.973725232375 102.837785094346 0 0
 476.124863257088 92.3665409708133 0 0
 478.275976260169 82.2109089085711 0 0
 480.427070198856 84.8614418284644 0 0
 482.578151030387 82.2192118710057 0 0
 484.729224712 77.0966671388096 0 0
 486.880297200933 83.4178883718615 0 0
 489.031374454424 84.6089103436684 0 0
 491.182462429711 83.777034130279 0 0
 493.333567084032 93.9976871885198 0 0
 495.484694374625 97.6222678801023 0 0
 497.635850258728 98.7504085790422 0 0
 499.787040693579 109.465698298018 0 0
 501.938271636416 112.646768602344 0 0
 504.089549044477 -NAN 0 0
 506.240878875 -NAN 0 0
 508.392267085223 -NAN 0 0
 510.543719632384 -NAN 0 0
 512.695242473721 -NAN 0 0
 514.846841566472 -NAN 0 0
 516.998522867875 -NAN 0 0
 519.150292335168 -NAN 0 0
 521.302155925589 -NAN 0 0
 523.454119596376 -NAN 0 0
 525.606189304767 -NAN 0 0
 527.758371008 -NAN 0 0
 529.910670663313 -NAN 0 0
 532.063094227944 -NAN 0 0
 534.215647659131 -NAN 0 0
 536.368336914112 -NAN 0 0
 538.521167950125 -NAN 0 0
 540.674146724408 -NAN 0 0
 542.827279194199 -NAN 0 0
 544.980571316736 -NAN 0 0
 547.134029049257 -NAN 0 0
 549.287658349 -NAN 0 0
 551.441465173203 -NAN 0 0
 553.595455479104 -NAN 0 0
 555.749635223941 -NAN 0 0
 557.904010364952 -NAN 0 0
 560.058586859375 -NAN 0 0
 562.213370664448 -NAN 0 0
 564.368367737409 -NAN 0 0
 566.523584035496 -NAN 0 0
 568.679025515947 -NAN 0 0
 570.834698136 -NAN 0 0
 572.990607852893 -NAN 0 0
 575.146760623864 -NAN 0 0
 577.303162406151 -NAN 0 0
 579.459819156992 -NAN 0 0
 581.616736833625 -NAN 0 0
 583.773921393288 -NAN 0 0
 585.931378793219 -NAN 0 0
 588.089114990656 -NAN 0 0
 590.247135942837 -NAN 0 0
 592.405447607 -NAN 0 0
 594.564055940383 -NAN 0 0
 596.722966900224 -NAN 0 0
 598.882186443761 -NAN 0 0
 601.041720528232 -NAN 0 0
 603.201575110875 -NAN 0 0
 605.361756148928 -NAN 0 0
 607.522269599629 -NAN 0 0
 609.683121420216 -NAN 0 0
 611.844317567927 -NAN 0 0
 614.005864 -NAN 0 0
 616.167766673673 -NAN 0 0
 618.330031546184 -NAN 0 0
 620.492664574771 -NAN 0 0
 622.655671716672 -NAN 0 0
 624.819058929125 -NAN 0 0
 626.982832169368 -NAN 0 0
 629.146997394639 -NAN 0 0
 631.311560562176 -NAN 0 0
 633.476527629217 -NAN 0 0
 635.641904553 -NAN 0 0
 637.807697290763 -NAN 0 0
 639.973911799744 -NAN 0 0
 642.140554037181 -NAN 0 0
 644.307629960312 -NAN 0 0
 646.475145526375 -NAN 0 0
 648.643106692608 -NAN 0 0
 650.811519416249 -NAN 0 0
 652.980389654536 -NAN 0 0
 655.149723364707 -NAN 0 0
 657.319526504 -NAN 0 0
 659.489805029653 -NAN 0 0
 661.660564898904 -NAN 0 0
 663.831812068991 -NAN 0 0
 666.003552497152 -NAN 0 0
 668.175792140625 -NAN 0 0
 670.348536956648 -NAN 0 0
 672.521792902459 -NAN 0 0
 674.695565935296 -NAN 0 0
 676.869862012397 -NAN 0 0
 679.044687091 -NAN 0 0
 681.220047128343 -NAN 0 0
 683.395948081664 -NAN 0 0
 685.572395908201 -NAN 0 0
 687.749396565192 -NAN 0 0
 689.926956009875 -NAN 0 0
 692.105080199488 -NAN 0 0
 694.283775091269 -NAN 0 0
 696.463046642456 -NAN 0 0
 698.642900810287 -NAN 0 0
 700.823343552 -NAN 0 0
 703.004380824833 -NAN 0 0
 705.186018586024 -NAN 0 0
 707.368262792811 -NAN 0 0
 709.551119402432 -NAN 0 0
 711.734594372125 -NAN 0 0
 713.918693659128 -NAN 0 0
 716.103423220679 -NAN 0 0
 718.288789014016 -NAN 0 0
 720.474796996377 -NAN 0 0
 722.661453125 -NAN 0 0
 724.848763357123 -NAN 0 0
 727.036733649984 -NAN 0 0
 729.225369960821 -NAN 0 0
 731.414678246872 -NAN 0 0
 733.604664465375 -NAN 0 0
 735.795334573568 -NAN 0 0
[END] of [DATA]
[END] of Spectrum


[Spectrum]
Version            = 1
IDData             = 12ad_2026-06-08_10-23-30_000_346
IDDevice           = SAM_82E6
IDDataType         = SPECTRUM
IDDataTypeSub1     = CALIBRATED
IDDataTypeSub2     = 
IDDataTypeSub3     = 
DateTime           = 2026-06-08 10:23:30
PositionLatitude   = 0
PositionLongitude  = 0
Comment            = 20260608_FrameB
CommentSub1        = con
CommentSub2        = centre
CommentSub3        = 22.5cm
IDMethodType       = SAM Control
MethodName         = SAM_82E6
Mission            = No Mission
MissionSub         = 1
RecordType         = 0
[Attributes]
CalFactor = 1
IDBasisSpec = 
IDDataBack = DLAB_2024-11-11_10-40-48_641_639
IDDataCal = DLAB_2024-11-12_11-45-27_171_455
IntegrationTime = 128
P31 = -1
P31e = 0
PathLength = +INF
PathLengthCustomOn = 0
RAWDynamic = 65535
Salinity = 0
Temperature = -NAN
Unit1 = $01 $01 Wavelength nm
Unit2 = $03 $06 Intensity mW/(m^2 nm)
Unit3 = $f0 $06 Error mW/(m^2 nm)
Unit4 = $f1 $00 Status 
p999 = 6982
[END] of [Attributes]
[DATA]
 0 6 0 0
 185.260577530984 -NAN 0 0
 187.468128380571 -NAN 0 0
 189.674861895872 -NAN 0 0
 191.880784034125 -NAN 0 0
 194.085900752568 -NAN 0 0
 196.290218008439 -NAN 0 0
 198.493741758976 -NAN 0 0
 200.696477961417 -NAN 0 0
 202.898432573 -NAN 0 0
 205.099611550963 -NAN 0 0
 207.300020852544 -NAN 0 0
 209.499666434981 -NAN 0 0
 211.698554255512 -NAN 0 0
 213.896690271375 -NAN 0 0
 216.094080439808 -NAN 0 0
 218.290730718049 -NAN 0 0
 220.486647063336 -NAN 0 0
 222.681835432907 -NAN 0 0
 224.876301784 -NAN 0 0
 227.070052073853 -NAN 0 0
 229.263092259704 -NAN 0 0
 231.455428298791 -NAN 0 0
 233.647066148352 -NAN 0 0
 235.838011765625 -NAN 0 0
 238.028271107848 -NAN 0 0
 240.217850132259 -NAN 0 0
 242.406754796096 -NAN 0 0
 244.594991056597 -NAN 0 0
 246.782564871 -NAN 0 0
 248.969482196543 -NAN 0 0
 251.155748990464 -NAN 0 0
 253.341371210001 -NAN 0 0
 255.526354812392 -NAN 0 0
 257.710705754875 -NAN 0 0
 259.894429994688 -NAN 0 0
 262.077533489069 -NAN 0 0
 264.260022195256 -NAN 0 0
 266.441902070487 -NAN 0 0
 268.623179072 -NAN 0 0
 270.803859157033 -NAN 0 0
 272.983948282824 -NAN 0 0
 275.163452406611 -NAN 0 0
 277.342377485632 -NAN 0 0
 279.520729477125 -2.71687242010591 0 0
 281.698514338328 -0.917422133398411 0 0
 283.875738026479 4.34577335981098 0 0
 286.052406498816 -3.35417551648255 0 0
 288.228525712577 -0.428808261042933 0 0
 290.404101625 4.70431337689754 0 0
 292.579140193323 -3.038493586196 0 0
 294.753647374784 0.216512211202375 0 0
 296.927629126621 4.47257609100355 0 0
 299.101091406072 -2.03244622270851 0 0
 301.274040170375 1.19219313017553 0 0
 303.446481376768 4.19651220384319 0 0
 305.618420982489 -1.49685833216734 0 0
 307.789864944776 1.58500971226359 0 0
 309.960819220867 4.57777710865664 0 0
 312.131289768 -1.08507099927649 0 0
 314.301282543413 3.26284523744958 0 0
 316.470803504344 8.13077579576961 0 0
 318.639858608031 4.97543933619593 0 0
 320.808453811712 13.0027094300386 0 0
 322.976595072625 18.8698282133863 0 0
 325.144288348008 12.5825888805067 0 0
 327.311539595099 18.0743575441099 0 0
 329.478354771136 20.1781953678329 0 0
 331.644739833357 11.3516048921855 0 0
 333.810700739 16.2534776712099 0 0
 335.976243445303 17.0006070289491 0 0
 338.141373909504 7.94323918840739 0 0
 340.306098088841 12.7325546941051 0 0
 342.470421940552 12.9099587905381 0 0
 344.634351421875 5.26369113099986 0 0
 346.797892490048 9.96734651780517 0 0
 348.961051102309 9.93250389281113 0 0
 351.123833215896 3.38497629486105 0 0
 353.286244788047 7.84163266458511 0 0
 355.448291776 7.75770389710516 0 0
 357.609980136993 1.86949998576055 0 0
 359.771315828264 7.05190985037445 0 0
 361.932304807051 10.0244231717877 0 0
 364.092953030592 8.13127898578681 0 0
 366.253266456125 13.5014411484551 0 0
 368.413251040888 8.52248073047856 0 0
 370.572912742119 -0.409571943174014 0 0
 372.732257517056 4.97509265086023 0 0
 374.891291322937 4.05749553212383 0 0
 377.050020117 -2.47142814956689 0 0
 379.208449856483 4.30138226590765 0 0
 381.366586498624 3.26788482935335 0 0
 383.524436000661 -3.0431118406343 0 0
 385.682004319832 4.42838225099062 0 0
 387.839297413375 2.88891900094601 0 0
 389.996321238528 -3.02818951317722 0 0
 392.153081752529 4.23786629563876 0 0
 394.309584912616 2.51572815033638 0 0
 396.465836676027 -2.89561605806003 0 0
 398.621843 5.20454001797117 0 0
 400.777609841773 6.29504683899837 0 0
 402.933143158584 7.29839765712863 0 0
 405.088448907671 16.2485343547315 0 0
 407.243533046272 10.8491023731131 0 0
 409.398401531625 2.62358713529845 0 0
 411.553060320968 7.89175859608094 0 0
 413.707515371539 6.50225617153621 0 0
 415.861772640576 5.39225500484703 0 0
 418.015838085317 14.3523365103109 0 0
 420.169717663 16.6943136697746 0 0
 422.323417330863 20.6416297888371 0 0
 424.476943046144 34.9311524986242 0 0
 426.630300766081 45.0119085042653 0 0
 428.783496447912 60.4413542452668 0 0
 430.936536048875 91.5953376668556 0 0
 433.089425526208 135.260231375764 0 0
 435.242170837149 185.223410140898 0 0
 437.394777938936 235.389771163159 0 0
 439.547252788807 280.425556207057 0 0
 441.699601344 354.912348545911 0 0
 443.851829561753 453.931652178618 0 0
 446.003943399304 538.738174656168 0 0
 448.155948813891 587.28868664664 0 0
 450.307851762752 584.99308218343 0 0
 452.459658203125 520.943306225796 0 0
 454.611374092248 433.884632727105 0 0
 456.763005387359 359.257631933256 0 0
 458.914558045696 295.836176889055 0 0
 461.066038024497 254.502279339362 0 0
 463.217451281 229.555277394628 0 0
 465.368803772443 195.752824640142 0 0
 467.520101456064 164.905697432482 0 0
 469.671350289101 142.578417536941 0 0
 471.822556228792 114.986569041722 0 0
 473.973725232375 98.2957758897266 0 0
 476.124863257088 94.2763373075988 0 0
 478.275976260169 83.6677523518017 0 0
 480.427070198856 80.0261967178336 0 0
 482.578151030387 84.1244754651009 0 0
 484.729224712 78.3003216402494 0 0
 486.880297200933 78.6828367734227 0 0
 489.031374454424 86.5793464149589 0 0
 491.182462429711 84.63813417133 0 0
 493.333567084032 89.3250347640802 0 0
 495.484694374625 99.8104732459481 0 0
 497.635850258728 99.4185615270147 0 0
 499.787040693579 104.883274819888 0 0
 501.938271636416 114.696981397639 0 0
 504.089549044477 -NAN 0 0
 506.240878875 -NAN 0 0
 508.392267085223 -NAN 0 0
 510.543719632384 -NAN 0 0
 512.695242473721 -NAN 0 0
 514.846841566472 -NAN 0 0
 516.998522867875 -NAN 0 0
 519.150292335168 -NAN 0 0
 521.302155925589 -NAN 0 0
 523.454119596376 -NAN 0 0
 525.606189304767 -NAN 0 0
 527.758371008 -NAN 0 0
 529.910670663313 -NAN 0 0
 532.063094227944 -NAN 0 0
 534.215647659131 -NAN 0 0
 536.368336914112 -NAN 0 0
 538.521167950125 -NAN 0 0
 540.674146724408 -NAN 0 0
 542.827279194199 -NAN 0 0
 544.980571316736 -NAN 0 0
 547.134029049257 -NAN 0 0
 549.287658349 -NAN 0 0
 551.441465173203 -NAN 0 0
 553.595455479104 -NAN 0 0
 555.749635223941 -NAN 0 0
 557.904010364952 -NAN 0 0
 560.058586859375 -NAN 0 0
 562.213370664448 -NAN 0 0
 564.368367737409 -NAN 0 0
 566.523584035496 -NAN 0 0
 568.679025515947 -NAN 0 0
 570.834698136 -NAN 0 0
 572.990607852893 -NAN 0 0
 575.146760623864 -NAN 0 0
 577.303162406151 -NAN 0 0
 579.459819156992 -NAN 0 0
 581.616736833625 -NAN 0 0
 583.773921393288 -NAN 0 0
 585.931378793219 -NAN 0 0
 588.089114990656 -NAN 0 0
 590.247135942837 -NAN 0 0
 592.405447607 -NAN 0 0
 594.564055940383 -NAN 0 0
 596.722966900224 -NAN 0 0
 598.882186443761 -NAN 0 0
 601.041720528232 -NAN 0 0
 603.201575110875 -NAN 0 0
 605.361756148928 -NAN 0 0
 607.522269599629 -NAN 0 0
 609.683121420216 -NAN 0 0
 611.844317567927 -NAN 0 0
 614.005864 -NAN 0 0
 616.167766673673 -NAN 0 0
 618.330031546184 -NAN 0 0
 620.492664574771 -NAN 0 0
 622.655671716672 -NAN 0 0
 624.819058929125 -NAN 0 0
 626.982832169368 -NAN 0 0
 629.146997394639 -NAN 0 0
 631.311560562176 -NAN 0 0
 633.476527629217 -NAN 0 0
 635.641904553 -NAN 0 0
 637.807697290763 -NAN 0 0
 639.973911799744 -NAN 0 0
 642.140554037181 -NAN 0 0
 644.307629960312 -NAN 0 0
 646.475145526375 -NAN 0 0
 648.643106692608 -NAN 0 0
 650.811519416249 -NAN 0 0
 652.980389654536 -NAN 0 0
 655.149723364707 -NAN 0 0
 657.319526504 -NAN 0 0
 659.489805029653 -NAN 0 0
 661.660564898904 -NAN 0 0
 663.831812068991 -NAN 0 0
 666.003552497152 -NAN 0 0
 668.175792140625 -NAN 0 0
 670.348536956648 -NAN 0 0
 672.521792902459 -NAN 0 0
 674.695565935296 -NAN 0 0
 676.869862012397 -NAN 0 0
 679.044687091 -NAN 0 0
 681.220047128343 -NAN 0 0
 683.395948081664 -NAN 0 0
 685.572395908201 -NAN 0 0
 687.749396565192 -NAN 0 0
 689.926956009875 -NAN 0 0
 692.105080199488 -NAN 0 0
 694.283775091269 -NAN 0 0
 696.463046642456 -NAN 0 0
 698.642900810287 -NAN 0 0
 700.823343552 -NAN 0 0
 703.004380824833 -NAN 0 0
 705.186018586024 -NAN 0 0
 707.368262792811 -NAN 0 0
 709.551119402432 -NAN 0 0
 711.734594372125 -NAN 0 0
 713.918693659128 -NAN 0 0
 716.103423220679 -NAN 0 0
 718.288789014016 -NAN 0 0
 720.474796996377 -NAN 0 0
 722.661453125 -NAN 0 0
 724.848763357123 -NAN 0 0
 727.036733649984 -NAN 0 0
 729.225369960821 -NAN 0 0
 731.414678246872 -NAN 0 0
 733.604664465375 -NAN 0 0
 735.795334573568 -NAN 0 0
[END] of [DATA]
[END] of Spectrum


[Spectrum]
Version            = 1
IDData             = 12ad_2026-06-08_10-23-25_000_343
IDDevice           = SAM_82E6
IDDataType         = SPECTRUM
IDDataTypeSub1     = CALIBRATED
IDDataTypeSub2     = 
IDDataTypeSub3     = 
DateTime           = 2026-06-08 10:23:25
PositionLatitude   = 0
PositionLongitude  = 0
Comment            = 20260608_FrameB
CommentSub1        = con
CommentSub2        = centre
CommentSub3        = 22.5cm
IDMethodType       = SAM Control
MethodName         = SAM_82E6
Mission            = No Mission
MissionSub         = 1
RecordType         = 0
[Attributes]
CalFactor = 1
IDBasisSpec = 
IDDataBack = DLAB_2024-11-11_10-40-48_641_639
IDDataCal = DLAB_2024-11-12_11-45-27_171_455
IntegrationTime = 128
P31 = -1
P31e = 0
PathLength = +INF
PathLengthCustomOn = 0
RAWDynamic = 65535
Salinity = 0
Temperature = -NAN
Unit1 = $01 $01 Wavelength nm
Unit2 = $03 $06 Intensity mW/(m^2 nm)
Unit3 = $f0 $06 Error mW/(m^2 nm)
Unit4 = $f1 $00 Status 
p999 = 6981
[END] of [Attributes]
[DATA]
 0 6 0 0
 185.260577530984 -NAN 0 0
 187.468128380571 -NAN 0 0
 189.674861895872 -NAN 0 0
 191.880784034125 -NAN 0 0
 194.085900752568 -NAN 0 0
 196.290218008439 -NAN 0 0
 198.493741758976 -NAN 0 0
 200.696477961417 -NAN 0 0
 202.898432573 -NAN 0 0
 205.099611550963 -NAN 0 0
 207.300020852544 -NAN 0 0
 209.499666434981 -NAN 0 0
 211.698554255512 -NAN 0 0
 213.896690271375 -NAN 0 0
 216.094080439808 -NAN 0 0
 218.290730718049 -NAN 0 0
 220.486647063336 -NAN 0 0
 222.681835432907 -NAN 0 0
 224.876301784 -NAN 0 0
 227.070052073853 -NAN 0 0
 229.263092259704 -NAN 0 0
 231.455428298791 -NAN 0 0
 233.647066148352 -NAN 0 0
 235.838011765625 -NAN 0 0
 238.028271107848 -NAN 0 0
 240.217850132259 -NAN 0 0
 242.406754796096 -NAN 0 0
 244.594991056597 -NAN 0 0
 246.782564871 -NAN 0 0
 248.969482196543 -NAN 0 0
 251.155748990464 -NAN 0 0
 253.341371210001 -NAN 0 0
 255.526354812392 -NAN 0 0
 257.710705754875 -NAN 0 0
 259.894429994688 -NAN 0 0
 262.077533489069 -NAN 0 0
 264.260022195256 -NAN 0 0
 266.441902070487 -NAN 0 0
 268.623179072 -NAN 0 0
 270.803859157033 -NAN 0 0
 272.983948282824 -NAN 0 0
 275.163452406611 -NAN 0 0
 277.342377485632 -NAN 0 0
 279.520729477125 -2.00330418277807 0 0
 281.698514338328 4.86800361429908 0 0
 283.875738026479 -0.640500718889881 0 0
 286.052406498816 -2.13024661958736 0 0
 288.228525712577 5.60142830070192 0 0
 290.404101625 -0.456327507722116 0 0
 292.579140193323 -1.59650971253081 0 0
 294.753647374784 5.85436872304065 0 0
 296.927629126621 -0.170523144491644 0 0
 299.101091406072 -0.663155435103962 0 0
 301.274040170375 5.51218159585265 0 0
 303.446481376768 0.339996490555549 0 0
 305.618420982489 0.222748434298177 0 0
 307.789864944776 5.46833087649316 0 0
 309.960819220867 0.528386822910034 0 0
 312.131289768 0.734460532915759 0 0
 314.301282543413 7.06869845173785 0 0
 316.470803504344 3.46487762461728 0 0
 318.639858608031 7.10192258915446 0 0
 320.808453811712 16.6885346485091 0 0
 322.976595072625 13.0691623156123 0 0
 325.144288348008 14.9430327149096 0 0
 327.311539595099 21.7906494280465 0 0
 329.478354771136 13.6944518364302 0 0
 331.644739833357 14.1718871071478 0 0
 333.810700739 19.5795230012625 0 0
 335.976243445303 10.4809316196457 0 0
 338.141373909504 10.6691902332349 0 0
 340.306098088841 15.2937531994196 0 0
 342.470421940552 7.2256408036233 0 0
 344.634351421875 8.22521641676264 0 0
 346.797892490048 12.0076219125069 0 0
 348.961051102309 4.82869746599133 0 0
 351.123833215896 6.16224222510719 0 0
 353.286244788047 9.4085662057874 0 0
 355.448291776 3.2043940174084 0 0
 357.609980136993 4.73823738819459 0 0
 359.771315828264 8.46202345839942 0 0
 361.932304807051 5.21826371144586 0 0
 364.092953030592 11.2981739747294 0 0
 366.253266456125 14.4018311002928 0 0
 368.413251040888 3.52174169010813 0 0
 370.572912742119 3.40739107126943 0 0
 372.732257517056 6.02783118908487 0 0
 374.891291322937 -1.39163079574122 0 0
 377.050020117 1.99380297970855 0 0
 379.208449856483 5.38035314847836 0 0
 381.366586498624 -2.30744817447854 0 0
 383.524436000661 1.6597447830505 0 0
 385.682004319832 4.91056097524875 0 0
 387.839297413375 -2.85364858253189 0 0
 389.996321238528 1.67036158740715 0 0
 392.153081752529 4.73324853289569 0 0
 394.309584912616 -3.01109167407984 0 0
 396.465836676027 1.98176493953296 0 0
 398.621843 5.12890961061681 0 0
 400.777609841773 0.836837879164176 0 0
 402.933143158584 11.5375712853 0 0
 405.088448907671 15.2276928374616 0 0
 407.243533046272 5.96996972045024 0 0
 409.398401531625 6.84826699298801 0 0
 411.553060320968 7.15387923729469 0 0
 413.707515371539 2.54709459874229 0 0
 415.861772640576 9.24709237831804 0 0
 418.015838085317 13.6593330233923 0 0
 420.169717663 13.4560761508195 0 0
 422.323417330863 24.2480610409512 0 0
 424.476943046144 34.1296125521697 0 0
 426.630300766081 42.2125853619679 0 0
 428.783496447912 63.701113427672 0 0
 430.936536048875 90.5546018426872 0 0
 433.089425526208 131.745720575701 0 0
 435.242170837149 187.076789947323 0 0
 437.394777938936 232.955893110226 0 0
 439.547252788807 277.642446545378 0 0
 441.699601344 358.23877887299 0 0
 443.851829561753 452.889537846542 0 0
 446.003943399304 536.671992661087 0 0
 448.155948813891 591.360780626515 0 0
 450.307851762752 583.8053939873 0 0
 452.459658203125 518.739615223329 0 0
 454.611374092248 438.10972373545 0 0
 456.763005387359 357.515020269583 0 0
 458.914558045696 293.785223104314 0 0
 461.066038024497 259.139236672752 0 0
 463.217451281 227.570427767428 0 0
 465.368803772443 193.71668155196 0 0
 467.520101456064 169.66424438407 0 0
 469.671350289101 140.334397125677 0 0
 471.822556228792 113.232181078244 0 0
 473.973725232375 103.247391742617 0 0
 476.124863257088 91.8019055321115 0 0
 478.275976260169 82.2042414328584 0 0
 480.427070198856 85.1554995822554 0 0
 482.578151030387 81.7303393143486 0 0
 484.729224712 77.1301951193511 0 0
 486.880297200933 83.8541440116894 0 0
 489.031374454424 83.9174114838969 0 0
 491.182462429711 83.5491944307013 0 0
 493.333567084032 94.3717665820418 0 0
 495.484694374625 97.1374757960151 0 0
 497.635850258728 98.5463421614348 0 0
 499.787040693579 109.811418503485 0 0
 501.938271636416 111.962288110057 0 0
 504.089549044477 -NAN 0 0
 506.240878875 -NAN 0 0
 508.392267085223 -NAN 0 0
 510.543719632384 -NAN 0 0
 512.695242473721 -NAN 0 0
 514.846841566472 -NAN 0 0
 516.998522867875 -NAN 0 0
 519.150292335168 -NAN 0 0
 521.302155925589 -NAN 0 0
 523.454119596376 -NAN 0 0
 525.606189304767 -NAN 0 0
 527.758371008 -NAN 0 0
 529.910670663313 -NAN 0 0
 532.063094227944 -NAN 0 0
 534.215647659131 -NAN 0 0
 536.368336914112 -NAN 0 0
 538.521167950125 -NAN 0 0
 540.674146724408 -NAN 0 0
 542.827279194199 -NAN 0 0
 544.980571316736 -NAN 0 0
 547.134029049257 -NAN 0 0
 549.287658349 -NAN 0 0
 551.441465173203 -NAN 0 0
 553.595455479104 -NAN 0 0
 555.749635223941 -NAN 0 0
 557.904010364952 -NAN 0 0
 560.058586859375 -NAN 0 0
 562.213370664448 -NAN 0 0
 564.368367737409 -NAN 0 0
 566.523584035496 -NAN 0 0
 568.679025515947 -NAN 0 0
 570.834698136 -NAN 0 0
 572.990607852893 -NAN 0 0
 575.146760623864 -NAN 0 0
 577.303162406151 -NAN 0 0
 579.459819156992 -NAN 0 0
 581.616736833625 -NAN 0 0
 583.773921393288 -NAN 0 0
 585.931378793219 -NAN 0 0
 588.089114990656 -NAN 0 0
 590.247135942837 -NAN 0 0
 592.405447607 -NAN 0 0
 594.564055940383 -NAN 0 0
 596.722966900224 -NAN 0 0
 598.882186443761 -NAN 0 0
 601.041720528232 -NAN 0 0
 603.201575110875 -NAN 0 0
 605.361756148928 -NAN 0 0
 607.522269599629 -NAN 0 0
 609.683121420216 -NAN 0 0
 611.844317567927 -NAN 0 0
 614.005864 -NAN 0 0
 616.167766673673 -NAN 0 0
 618.330031546184 -NAN 0 0
 620.492664574771 -NAN 0 0
 622.655671716672 -NAN 0 0
 624.819058929125 -NAN 0 0
 626.982832169368 -NAN 0 0
 629.146997394639 -NAN 0 0
 631.311560562176 -NAN 0 0
 633.476527629217 -NAN 0 0
 635.641904553 -NAN 0 0
 637.807697290763 -NAN 0 0
 639.973911799744 -NAN 0 0
 642.140554037181 -NAN 0 0
 644.307629960312 -NAN 0 0
 646.475145526375 -NAN 0 0
 648.643106692608 -NAN 0 0
 650.811519416249 -NAN 0 0
 652.980389654536 -NAN 0 0
 655.149723364707 -NAN 0 0
 657.319526504 -NAN 0 0
 659.489805029653 -NAN 0 0
 661.660564898904 -NAN 0 0
 663.831812068991 -NAN 0 0
 666.003552497152 -NAN 0 0
 668.175792140625 -NAN 0 0
 670.348536956648 -NAN 0 0
 672.521792902459 -NAN 0 0
 674.695565935296 -NAN 0 0
 676.869862012397 -NAN 0 0
 679.044687091 -NAN 0 0
 681.220047128343 -NAN 0 0
 683.395948081664 -NAN 0 0
 685.572395908201 -NAN 0 0
 687.749396565192 -NAN 0 0
 689.926956009875 -NAN 0 0
 692.105080199488 -NAN 0 0
 694.283775091269 -NAN 0 0
 696.463046642456 -NAN 0 0
 698.642900810287 -NAN 0 0
 700.823343552 -NAN 0 0
 703.004380824833 -NAN 0 0
 705.186018586024 -NAN 0 0
 707.368262792811 -NAN 0 0
 709.551119402432 -NAN 0 0
 711.734594372125 -NAN 0 0
 713.918693659128 -NAN 0 0
 716.103423220679 -NAN 0 0
 718.288789014016 -NAN 0 0
 720.474796996377 -NAN 0 0
 722.661453125 -NAN 0 0
 724.848763357123 -NAN 0 0
 727.036733649984 -NAN 0 0
 729.225369960821 -NAN 0 0
 731.414678246872 -NAN 0 0
 733.604664465375 -NAN 0 0
 735.795334573568 -NAN 0 0
[END] of [DATA]
[END] of Spectrum


[Spectrum]
Version            = 1
IDData             = 12ad_2026-06-08_10-23-20_000_340
IDDevice           = SAM_82E6
IDDataType         = SPECTRUM
IDDataTypeSub1     = CALIBRATED
IDDataTypeSub2     = 
IDDataTypeSub3     = 
DateTime           = 2026-06-08 10:23:20
PositionLatitude   = 0
PositionLongitude  = 0
Comment            = 20260608_FrameB
CommentSub1        = con
CommentSub2        = centre
CommentSub3        = 22.5cm
IDMethodType       = SAM Control
MethodName         = SAM_82E6
Mission            = No Mission
MissionSub         = 1
RecordType         = 0
[Attributes]
CalFactor = 1
IDBasisSpec = 
IDDataBack = DLAB_2024-11-11_10-40-48_641_639
IDDataCal = DLAB_2024-11-12_11-45-27_171_455
IntegrationTime = 128
P31 = -1
P31e = 0
PathLength = +INF
PathLengthCustomOn = 0
RAWDynamic = 65535
Salinity = 0
Temperature = -NAN
Unit1 = $01 $01 Wavelength nm
Unit2 = $03 $06 Intensity mW/(m^2 nm)
Unit3 = $f0 $06 Error mW/(m^2 nm)
Unit4 = $f1 $00 Status 
p999 = 6980
[END] of [Attributes]
[DATA]
 0 6 0 0
 185.260577530984 -NAN 0 0
 187.468128380571 -NAN 0 0
 189.674861895872 -NAN 0 0
 191.880784034125 -NAN 0 0
 194.085900752568 -NAN 0 0
 196.290218008439 -NAN 0 0
 198.493741758976 -NAN 0 0
 200.696477961417 -NAN 0 0
 202.898432573 -NAN 0 0
 205.099611550963 -NAN 0 0
 207.300020852544 -NAN 0 0
 209.499666434981 -NAN 0 0
 211.698554255512 -NAN 0 0
 213.896690271375 -NAN 0 0
 216.094080439808 -NAN 0 0
 218.290730718049 -NAN 0 0
 220.486647063336 -NAN 0 0
 222.681835432907 -NAN 0 0
 224.876301784 -NAN 0 0
 227.070052073853 -NAN 0 0
 229.263092259704 -NAN 0 0
 231.455428298791 -NAN 0 0
 233.647066148352 -NAN 0 0
 235.838011765625 -NAN 0 0
 238.028271107848 -NAN 0 0
 240.217850132259 -NAN 0 0
 242.406754796096 -NAN 0 0
 244.594991056597 -NAN 0 0
 246.782564871 -NAN 0 0
 248.969482196543 -NAN 0 0
 251.155748990464 -NAN 0 0
 253.341371210001 -NAN 0 0
 255.526354812392 -NAN 0 0
 257.710705754875 -NAN 0 0
 259.894429994688 -NAN 0 0
 262.077533489069 -NAN 0 0
 264.260022195256 -NAN 0 0
 266.441902070487 -NAN 0 0
 268.623179072 -NAN 0 0
 270.803859157033 -NAN 0 0
 272.983948282824 -NAN 0 0
 275.163452406611 -NAN 0 0
 277.342377485632 -NAN 0 0
 279.520729477125 -0.873799136955464 0 0
 281.698514338328 -2.08888913225422 0 0
 283.875738026479 5.52067566326018 0 0
 286.052406498816 -1.04860127179742 0 0
 288.228525712577 -1.94460542956896 0 0
 290.404101625 5.83561194219314 0 0
 292.579140193323 -0.901594707919913 0 0
 294.753647374784 -1.23161893459148 0 0
 296.927629126621 5.73460525154011 0 0
 299.101091406072 -0.440303061490343 0 0
 301.274040170375 -0.286094623053759 0 0
 303.446481376768 5.36078457721182 0 0
 305.618420982489 -0.0794463758186513 0 0
 307.789864944776 0.203988257767414 0 0
 309.960819220867 5.65199486793929 0 0
 312.131289768 0.235974157676944 0 0
 314.301282543413 1.42561698246166 0 0
 316.470803504344 9.27922939118285 0 0
 318.639858608031 6.04575637579756 0 0
 320.808453811712 10.4682886225385 0 0
 322.976595072625 19.3816930344263 0 0
 325.144288348008 13.1340809568014 0 0
 327.311539595099 14.597022495314 0 0
 329.478354771136 20.6928490181805 0 0
 331.644739833357 11.7039551111677 0 0
 333.810700739 12.8756247814993 0 0
 335.976243445303 17.5297401056462 0 0
 338.141373909504 8.42916348593976 0 0
 340.306098088841 9.56193481683186 0 0
 342.470421940552 13.7401494387076 0 0
 344.634351421875 5.83461787398768 0 0
 346.797892490048 7.23248358494275 0 0
 348.961051102309 10.582478787865 0 0
 351.123833215896 3.65139680731513 0 0
 353.286244788047 5.62808006288669 0 0
 355.448291776 8.51712671190929 0 0
 357.609980136993 2.1050812580769 0 0
 359.771315828264 4.94588205135624 0 0
 361.932304807051 10.898469991626 0 0
 364.092953030592 8.19676201942627 0 0
 366.253266456125 10.8574945194531 0 0
 368.413251040888 9.55293604788822 0 0
 370.572912742119 -0.13325346236534 0 0
 372.732257517056 2.51478920217169 0 0
 374.891291322937 5.46649735585997 0 0
 377.050020117 -2.16795244723738 0 0
 379.208449856483 1.93912176035726 0 0
 381.366586498624 5.20688530622467 0 0
 383.524436000661 -2.93509821011148 0 0
 385.682004319832 1.8738306617057 0 0
 387.839297413375 4.65433701451953 0 0
 389.996321238528 -3.19955669831064 0 0
 392.153081752529 1.97048653183534 0 0
 394.309584912616 4.16572864072464 0 0
 396.465836676027 -3.08356908301545 0 0
 398.621843 3.01258505394668 0 0
 400.777609841773 7.49411013682232 0 0
 402.933143158584 6.0716353037445 0 0
 405.088448907671 13.3125400992862 0 0
 407.243533046272 11.6450650897637 0 0
 409.398401531625 1.92692172887717 0 0
 411.553060320968 6.28805667130484 0 0
 413.707515371539 8.01474220071404 0 0
 415.861772640576 4.90032182665983 0 0
 418.015838085317 12.9761593731675 0 0
 420.169717663 18.1965985602511 0 0
 422.323417330863 20.134403865082 0 0
 424.476943046144 33.5286795026131 0 0
 426.630300766081 46.4758776838325 0 0
 428.783496447912 59.7467482027785 0 0
 430.936536048875 90.0412380909398 0 0
 433.089425526208 134.724270502776 0 0
 435.242170837149 181.745226045355 0 0
 437.394777938936 231.752941888661 0 0
 439.547252788807 280.850989418926 0 0
 441.699601344 354.087111074108 0 0
 443.851829561753 453.136464535668 0 0
 446.003943399304 540.712811527658 0 0
 448.155948813891 586.881564990389 0 0
 450.307851762752 584.493477581565 0 0
 452.459658203125 523.114576385435 0 0
 454.611374092248 433.323569550214 0 0
 456.763005387359 358.418054324988 0 0
 458.914558045696 297.995916057026 0 0
 461.066038024497 253.736075886339 0 0
 463.217451281 228.792912336352 0 0
 465.368803772443 197.999020851469 0 0
 467.520101456064 163.984619246939 0 0
 469.671350289101 141.861803203966 0 0
 471.822556228792 117.411012968821 0 0
 473.973725232375 97.2695570827679 0 0
 476.124863257088 93.6032032944013 0 0
 478.275976260169 86.1725007278824 0 0
 480.427070198856 79.0482319154531 0 0
 482.578151030387 83.8074896064465 0 0
 484.729224712 80.8193905782675 0 0
 486.880297200933 77.7409720330764 0 0
 489.031374454424 86.3219924703837 0 0
 491.182462429711 87.2158499881208 0 0
 493.333567084032 88.3074497471781 0 0
 495.484694374625 99.5957479849597 0 0
 497.635850258728 101.871747063413 0 0
 499.787040693579 103.889601021783 0 0
 501.938271636416 114.778774664013 0 0
 504.089549044477 -NAN 0 0
 506.240878875 -NAN 0 0
 508.392267085223 -NAN 0 0
 510.543719632384 -NAN 0 0
 512.695242473721 -NAN 0 0
 514.846841566472 -NAN 0 0
 516.998522867875 -NAN 0 0
 519.150292335168 -NAN 0 0
 521.302155925589 -NAN 0 0
 523.454119596376 -NAN 0 0
 525.606189304767 -NAN 0 0
 527.758371008 -NAN 0 0
 529.910670663313 -NAN 0 0
 532.063094227944 -NAN 0 0
 534.215647659131 -NAN 0 0
 536.368336914112 -NAN 0 0
 538.521167950125 -NAN 0 0
 540.674146724408 -NAN 0 0
 542.827279194199 -NAN 0 0
 544.980571316736 -NAN 0 0
 547.134029049257 -NAN 0 0
 549.287658349 -NAN 0 0
 551.441465173203 -NAN 0 0
 553.595455479104 -NAN 0 0
 555.749635223941 -NAN 0 0
 557.904010364952 -NAN 0 0
 560.058586859375 -NAN 0 0
 562.213370664448 -NAN 0 0
 564.368367737409 -NAN 0 0
 566.523584035496 -NAN 0 0
 568.679025515947 -NAN 0 0
 570.834698136 -NAN 0 0
 572.990607852893 -NAN 0 0
 575.146760623864 -NAN 0 0
 577.303162406151 -NAN 0 0
 579.459819156992 -NAN 0 0
 581.616736833625 -NAN 0 0
 583.773921393288 -NAN 0 0
 585.931378793219 -NAN 0 0
 588.089114990656 -NAN 0 0
 590.247135942837 -NAN 0 0
 592.405447607 -NAN 0 0
 594.564055940383 -NAN 0 0
 596.722966900224 -NAN 0 0
 598.882186443761 -NAN 0 0
 601.041720528232 -NAN 0 0
 603.201575110875 -NAN 0 0
 605.361756148928 -NAN 0 0
 607.522269599629 -NAN 0 0
 609.683121420216 -NAN 0 0
 611.844317567927 -NAN 0 0
 614.005864 -NAN 0 0
 616.167766673673 -NAN 0 0
 618.330031546184 -NAN 0 0
 620.492664574771 -NAN 0 0
 622.655671716672 -NAN 0 0
 624.819058929125 -NAN 0 0
 626.982832169368 -NAN 0 0
 629.146997394639 -NAN 0 0
 631.311560562176 -NAN 0 0
 633.476527629217 -NAN 0 0
 635.641904553 -NAN 0 0
 637.807697290763 -NAN 0 0
 639.973911799744 -NAN 0 0
 642.140554037181 -NAN 0 0
 644.307629960312 -NAN 0 0
 646.475145526375 -NAN 0 0
 648.643106692608 -NAN 0 0
 650.811519416249 -NAN 0 0
 652.980389654536 -NAN 0 0
 655.149723364707 -NAN 0 0
 657.319526504 -NAN 0 0
 659.489805029653 -NAN 0 0
 661.660564898904 -NAN 0 0
 663.831812068991 -NAN 0 0
 666.003552497152 -NAN 0 0
 668.175792140625 -NAN 0 0
 670.348536956648 -NAN 0 0
 672.521792902459 -NAN 0 0
 674.695565935296 -NAN 0 0
 676.869862012397 -NAN 0 0
 679.044687091 -NAN 0 0
 681.220047128343 -NAN 0 0
 683.395948081664 -NAN 0 0
 685.572395908201 -NAN 0 0
 687.749396565192 -NAN 0 0
 689.926956009875 -NAN 0 0
 692.105080199488 -NAN 0 0
 694.283775091269 -NAN 0 0
 696.463046642456 -NAN 0 0
 698.642900810287 -NAN 0 0
 700.823343552 -NAN 0 0
 703.004380824833 -NAN 0 0
 705.186018586024 -NAN 0 0
 707.368262792811 -NAN 0 0
 709.551119402432 -NAN 0 0
 711.734594372125 -NAN 0 0
 713.918693659128 -NAN 0 0
 716.103423220679 -NAN 0 0
 718.288789014016 -NAN 0 0
 720.474796996377 -NAN 0 0
 722.661453125 -NAN 0 0
 724.848763357123 -NAN 0 0
 727.036733649984 -NAN 0 0
 729.225369960821 -NAN 0 0
 731.414678246872 -NAN 0 0
 733.604664465375 -NAN 0 0
 735.795334573568 -NAN 0 0
[END] of [DATA]
[END] of Spectrum


