[Spectrum]
Version            = 1
IDData             = 12ad_2026-06-05_12-51-20_000_172
IDDevice           = SAM_82E6
IDDataType         = SPECTRUM
IDDataTypeSub1     = CALIBRATED
IDDataTypeSub2     = 
IDDataTypeSub3     = 
DateTime           = 2026-06-05 12:51:20
PositionLatitude   = 0
PositionLongitude  = 0
Comment            = 20260605_FrameB
CommentSub1        = UV
CommentSub2        = left
CommentSub3        = 22.5cm
IDMethodType       = SAM Control
MethodName         = SAM_82E6
Mission            = No Mission
MissionSub         = 1
RecordType         = 0
[Attributes]
CalFactor = 1
IDBasisSpec = 
IDDataBack = DLAB_2024-11-11_10-40-48_641_639
IDDataCal = DLAB_2024-11-12_11-45-27_171_455
IntegrationTime = 128
P31 = -1
P31e = 0
PathLength = +INF
PathLengthCustomOn = 0
RAWDynamic = 65535
Salinity = 0
Temperature = -NAN
Unit1 = $01 $01 Wavelength nm
Unit2 = $03 $06 Intensity mW/(m^2 nm)
Unit3 = $f0 $06 Error mW/(m^2 nm)
Unit4 = $f1 $00 Status 
p999 = 6641
[END] of [Attributes]
[DATA]
 0 6 0 0
 185.260577530984 -NAN 0 0
 187.468128380571 -NAN 0 0
 189.674861895872 -NAN 0 0
 191.880784034125 -NAN 0 0
 194.085900752568 -NAN 0 0
 196.290218008439 -NAN 0 0
 198.493741758976 -NAN 0 0
 200.696477961417 -NAN 0 0
 202.898432573 -NAN 0 0
 205.099611550963 -NAN 0 0
 207.300020852544 -NAN 0 0
 209.499666434981 -NAN 0 0
 211.698554255512 -NAN 0 0
 213.896690271375 -NAN 0 0
 216.094080439808 -NAN 0 0
 218.290730718049 -NAN 0 0
 220.486647063336 -NAN 0 0
 222.681835432907 -NAN 0 0
 224.876301784 -NAN 0 0
 227.070052073853 -NAN 0 0
 229.263092259704 -NAN 0 0
 231.455428298791 -NAN 0 0
 233.647066148352 -NAN 0 0
 235.838011765625 -NAN 0 0
 238.028271107848 -NAN 0 0
 240.217850132259 -NAN 0 0
 242.406754796096 -NAN 0 0
 244.594991056597 -NAN 0 0
 246.782564871 -NAN 0 0
 248.969482196543 -NAN 0 0
 251.155748990464 -NAN 0 0
 253.341371210001 -NAN 0 0
 255.526354812392 -NAN 0 0
 257.710705754875 -NAN 0 0
 259.894429994688 -NAN 0 0
 262.077533489069 -NAN 0 0
 264.260022195256 -NAN 0 0
 266.441902070487 -NAN 0 0
 268.623179072 -NAN 0 0
 270.803859157033 -NAN 0 0
 272.983948282824 -NAN 0 0
 275.163452406611 -NAN 0 0
 277.342377485632 -NAN 0 0
 279.520729477125 7.67532119333361 0 0
 281.698514338328 4.20382366405494 0 0
 283.875738026479 11.6564334859606 0 0
 286.052406498816 19.4503929100094 0 0
 288.228525712577 19.3926036733215 0 0
 290.404101625 33.2761456513105 0 0
 292.579140193323 44.8542591758005 0 0
 294.753647374784 51.428068751729 0 0
 296.927629126621 66.7627296574869 0 0
 299.101091406072 77.7999476596596 0 0
 301.274040170375 85.0426702978429 0 0
 303.446481376768 95.369087167908 0 0
 305.618420982489 101.807523393856 0 0
 307.789864944776 101.549798757106 0 0
 309.960819220867 111.073391447682 0 0
 312.131289768 115.390827843489 0 0
 314.301282543413 106.504607943533 0 0
 316.470803504344 101.982647964769 0 0
 318.639858608031 92.796753449759 0 0
 320.808453811712 80.7039576917319 0 0
 322.976595072625 82.0387282846368 0 0
 325.144288348008 73.1211156744007 0 0
 327.311539595099 61.8679620604167 0 0
 329.478354771136 62.8721367722497 0 0
 331.644739833357 53.8986340658346 0 0
 333.810700739 45.0984466728717 0 0
 335.976243445303 46.5840884681313 0 0
 338.141373909504 37.2826741587795 0 0
 340.306098088841 30.0447364298161 0 0
 342.470421940552 32.1575492281469 0 0
 344.634351421875 24.744365526648 0 0
 346.797892490048 19.8522331695778 0 0
 348.961051102309 22.0611279576331 0 0
 351.123833215896 15.8697997209131 0 0
 353.286244788047 12.5249865681786 0 0
 355.448291776 15.514358171259 0 0
 357.609980136993 10.1309068763088 0 0
 359.771315828264 9.01918505180669 0 0
 361.932304807051 17.2902118738855 0 0
 364.092953030592 18.060990724735 0 0
 366.253266456125 17.4031309397519 0 0
 368.413251040888 14.7985597636901 0 0
 370.572912742119 4.44232938120738 0 0
 372.732257517056 3.18139315884181 0 0
 374.891291322937 7.24253877680982 0 0
 377.050020117 0.846113050898798 0 0
 379.208449856483 2.0496777911265 0 0
 381.366586498624 6.00538040056308 0 0
 383.524436000661 -0.546007250784141 0 0
 385.682004319832 1.4741485923354 0 0
 387.839297413375 5.19983134455629 0 0
 389.996321238528 -1.19231319375606 0 0
 392.153081752529 1.63051832979627 0 0
 394.309584912616 4.54345602571435 0 0
 396.465836676027 -1.47925576286031 0 0
 398.621843 2.85468999297881 0 0
 400.777609841773 10.0782085888572 0 0
 402.933143158584 13.1293207851456 0 0
 405.088448907671 19.9547664336764 0 0
 407.243533046272 16.186804590891 0 0
 409.398401531625 4.82243732431561 0 0
 411.553060320968 6.83181530192012 0 0
 413.707515371539 8.27035870354143 0 0
 415.861772640576 6.19343248384484 0 0
 418.015838085317 13.7969507371066 0 0
 420.169717663 19.0546416305673 0 0
 422.323417330863 22.5798920281683 0 0
 424.476943046144 36.2350973284598 0 0
 426.630300766081 49.3097284011197 0 0
 428.783496447912 65.3516457470797 0 0
 430.936536048875 98.6200984752769 0 0
 433.089425526208 151.736575373018 0 0
 435.242170837149 208.522927819519 0 0
 437.394777938936 259.06592939171 0 0
 439.547252788807 301.791847381881 0 0
 441.699601344 376.50743230755 0 0
 443.851829561753 478.710536172545 0 0
 446.003943399304 569.609414792201 0 0
 448.155948813891 621.191216120548 0 0
 450.307851762752 618.669498514556 0 0
 452.459658203125 553.450295864115 0 0
 454.611374092248 461.522224438908 0 0
 456.763005387359 381.444934611288 0 0
 458.914558045696 315.374630535711 0 0
 461.066038024497 270.781046053398 0 0
 463.217451281 242.840579111802 0 0
 465.368803772443 208.171291945719 0 0
 467.520101456064 175.50130962966 0 0
 469.671350289101 150.520712644248 0 0
 471.822556228792 122.298158504465 0 0
 473.973725232375 104.808741815865 0 0
 476.124863257088 98.9517401657119 0 0
 478.275976260169 88.3605440076087 0 0
 480.427070198856 85.3314886924788 0 0
 482.578151030387 87.7530706287819 0 0
 484.729224712 82.3158561097699 0 0
 486.880297200933 83.7691300921332 0 0
 489.031374454424 89.9148773226914 0 0
 491.182462429711 88.5303957057823 0 0
 493.333567084032 94.4073931909486 0 0
 495.484694374625 103.149783103691 0 0
 497.635850258728 103.61728292585 0 0
 499.787040693579 110.668108823951 0 0
 501.938271636416 118.660726135209 0 0
 504.089549044477 -NAN 0 0
 506.240878875 -NAN 0 0
 508.392267085223 -NAN 0 0
 510.543719632384 -NAN 0 0
 512.695242473721 -NAN 0 0
 514.846841566472 -NAN 0 0
 516.998522867875 -NAN 0 0
 519.150292335168 -NAN 0 0
 521.302155925589 -NAN 0 0
 523.454119596376 -NAN 0 0
 525.606189304767 -NAN 0 0
 527.758371008 -NAN 0 0
 529.910670663313 -NAN 0 0
 532.063094227944 -NAN 0 0
 534.215647659131 -NAN 0 0
 536.368336914112 -NAN 0 0
 538.521167950125 -NAN 0 0
 540.674146724408 -NAN 0 0
 542.827279194199 -NAN 0 0
 544.980571316736 -NAN 0 0
 547.134029049257 -NAN 0 0
 549.287658349 -NAN 0 0
 551.441465173203 -NAN 0 0
 553.595455479104 -NAN 0 0
 555.749635223941 -NAN 0 0
 557.904010364952 -NAN 0 0
 560.058586859375 -NAN 0 0
 562.213370664448 -NAN 0 0
 564.368367737409 -NAN 0 0
 566.523584035496 -NAN 0 0
 568.679025515947 -NAN 0 0
 570.834698136 -NAN 0 0
 572.990607852893 -NAN 0 0
 575.146760623864 -NAN 0 0
 577.303162406151 -NAN 0 0
 579.459819156992 -NAN 0 0
 581.616736833625 -NAN 0 0
 583.773921393288 -NAN 0 0
 585.931378793219 -NAN 0 0
 588.089114990656 -NAN 0 0
 590.247135942837 -NAN 0 0
 592.405447607 -NAN 0 0
 594.564055940383 -NAN 0 0
 596.722966900224 -NAN 0 0
 598.882186443761 -NAN 0 0
 601.041720528232 -NAN 0 0
 603.201575110875 -NAN 0 0
 605.361756148928 -NAN 0 0
 607.522269599629 -NAN 0 0
 609.683121420216 -NAN 0 0
 611.844317567927 -NAN 0 0
 614.005864 -NAN 0 0
 616.167766673673 -NAN 0 0
 618.330031546184 -NAN 0 0
 620.492664574771 -NAN 0 0
 622.655671716672 -NAN 0 0
 624.819058929125 -NAN 0 0
 626.982832169368 -NAN 0 0
 629.146997394639 -NAN 0 0
 631.311560562176 -NAN 0 0
 633.476527629217 -NAN 0 0
 635.641904553 -NAN 0 0
 637.807697290763 -NAN 0 0
 639.973911799744 -NAN 0 0
 642.140554037181 -NAN 0 0
 644.307629960312 -NAN 0 0
 646.475145526375 -NAN 0 0
 648.643106692608 -NAN 0 0
 650.811519416249 -NAN 0 0
 652.980389654536 -NAN 0 0
 655.149723364707 -NAN 0 0
 657.319526504 -NAN 0 0
 659.489805029653 -NAN 0 0
 661.660564898904 -NAN 0 0
 663.831812068991 -NAN 0 0
 666.003552497152 -NAN 0 0
 668.175792140625 -NAN 0 0
 670.348536956648 -NAN 0 0
 672.521792902459 -NAN 0 0
 674.695565935296 -NAN 0 0
 676.869862012397 -NAN 0 0
 679.044687091 -NAN 0 0
 681.220047128343 -NAN 0 0
 683.395948081664 -NAN 0 0
 685.572395908201 -NAN 0 0
 687.749396565192 -NAN 0 0
 689.926956009875 -NAN 0 0
 692.105080199488 -NAN 0 0
 694.283775091269 -NAN 0 0
 696.463046642456 -NAN 0 0
 698.642900810287 -NAN 0 0
 700.823343552 -NAN 0 0
 703.004380824833 -NAN 0 0
 705.186018586024 -NAN 0 0
 707.368262792811 -NAN 0 0
 709.551119402432 -NAN 0 0
 711.734594372125 -NAN 0 0
 713.918693659128 -NAN 0 0
 716.103423220679 -NAN 0 0
 718.288789014016 -NAN 0 0
 720.474796996377 -NAN 0 0
 722.661453125 -NAN 0 0
 724.848763357123 -NAN 0 0
 727.036733649984 -NAN 0 0
 729.225369960821 -NAN 0 0
 731.414678246872 -NAN 0 0
 733.604664465375 -NAN 0 0
 735.795334573568 -NAN 0 0
[END] of [DATA]
[END] of Spectrum


[Spectrum]
Version            = 1
IDData             = 12ad_2026-06-05_12-51-15_000_169
IDDevice           = SAM_82E6
IDDataType         = SPECTRUM
IDDataTypeSub1     = CALIBRATED
IDDataTypeSub2     = 
IDDataTypeSub3     = 
DateTime           = 2026-06-05 12:51:15
PositionLatitude   = 0
PositionLongitude  = 0
Comment            = 20260605_FrameB
CommentSub1        = UV
CommentSub2        = left
CommentSub3        = 22.5cm
IDMethodType       = SAM Control
MethodName         = SAM_82E6
Mission            = No Mission
MissionSub         = 1
RecordType         = 0
[Attributes]
CalFactor = 1
IDBasisSpec = 
IDDataBack = DLAB_2024-11-11_10-40-48_641_639
IDDataCal = DLAB_2024-11-12_11-45-27_171_455
IntegrationTime = 128
P31 = -1
P31e = 0
PathLength = +INF
PathLengthCustomOn = 0
RAWDynamic = 65535
Salinity = 0
Temperature = -NAN
Unit1 = $01 $01 Wavelength nm
Unit2 = $03 $06 Intensity mW/(m^2 nm)
Unit3 = $f0 $06 Error mW/(m^2 nm)
Unit4 = $f1 $00 Status 
p999 = 6640
[END] of [Attributes]
[DATA]
 0 6 0 0
 185.260577530984 -NAN 0 0
 187.468128380571 -NAN 0 0
 189.674861895872 -NAN 0 0
 191.880784034125 -NAN 0 0
 194.085900752568 -NAN 0 0
 196.290218008439 -NAN 0 0
 198.493741758976 -NAN 0 0
 200.696477961417 -NAN 0 0
 202.898432573 -NAN 0 0
 205.099611550963 -NAN 0 0
 207.300020852544 -NAN 0 0
 209.499666434981 -NAN 0 0
 211.698554255512 -NAN 0 0
 213.896690271375 -NAN 0 0
 216.094080439808 -NAN 0 0
 218.290730718049 -NAN 0 0
 220.486647063336 -NAN 0 0
 222.681835432907 -NAN 0 0
 224.876301784 -NAN 0 0
 227.070052073853 -NAN 0 0
 229.263092259704 -NAN 0 0
 231.455428298791 -NAN 0 0
 233.647066148352 -NAN 0 0
 235.838011765625 -NAN 0 0
 238.028271107848 -NAN 0 0
 240.217850132259 -NAN 0 0
 242.406754796096 -NAN 0 0
 244.594991056597 -NAN 0 0
 246.782564871 -NAN 0 0
 248.969482196543 -NAN 0 0
 251.155748990464 -NAN 0 0
 253.341371210001 -NAN 0 0
 255.526354812392 -NAN 0 0
 257.710705754875 -NAN 0 0
 259.894429994688 -NAN 0 0
 262.077533489069 -NAN 0 0
 264.260022195256 -NAN 0 0
 266.441902070487 -NAN 0 0
 268.623179072 -NAN 0 0
 270.803859157033 -NAN 0 0
 272.983948282824 -NAN 0 0
 275.163452406611 -NAN 0 0
 277.342377485632 -NAN 0 0
 279.520729477125 7.16723072068132 0 0
 281.698514338328 3.67038779850452 0 0
 283.875738026479 12.2495332064518 0 0
 286.052406498816 18.7534938939837 0 0
 288.228525712577 18.756484634734 0 0
 290.404101625 33.4419143356854 0 0
 292.579140193323 43.7209697970842 0 0
 294.753647374784 50.5986098912837 0 0
 296.927629126621 66.5418110720409 0 0
 299.101091406072 76.5629382275156 0 0
 301.274040170375 84.0053160973822 0 0
 303.446481376768 94.8055181766714 0 0
 305.618420982489 100.284719653196 0 0
 307.789864944776 100.382557713523 0 0
 309.960819220867 110.32122287579 0 0
 312.131289768 113.878489946602 0 0
 314.301282543413 105.192966505795 0 0
 316.470803504344 101.30823691725 0 0
 318.639858608031 91.2530269503335 0 0
 320.808453811712 79.8733491917949 0 0
 322.976595072625 81.7181096604689 0 0
 325.144288348008 71.6485452089017 0 0
 327.311539595099 61.4017763329643 0 0
 329.478354771136 62.6668702874289 0 0
 331.644739833357 52.8149350729987 0 0
 333.810700739 44.9474646418679 0 0
 335.976243445303 46.5143126777977 0 0
 338.141373909504 36.1788114482002 0 0
 340.306098088841 29.8329998284228 0 0
 342.470421940552 32.2596862479533 0 0
 344.634351421875 23.8012046076152 0 0
 346.797892490048 19.7725065999802 0 0
 348.961051102309 22.047249490123 0 0
 351.123833215896 15.1108370845944 0 0
 353.286244788047 12.8259424884095 0 0
 355.448291776 15.5014501347468 0 0
 357.609980136993 9.44343789073106 0 0
 359.771315828264 9.29669024697865 0 0
 361.932304807051 17.3165650443329 0 0
 364.092953030592 17.4987398496928 0 0
 366.253266456125 17.6623871904756 0 0
 368.413251040888 14.674905125601 0 0
 370.572912742119 3.95249207431927 0 0
 372.732257517056 3.75276797884477 0 0
 374.891291322937 7.05700227711938 0 0
 377.050020117 0.531601868484589 0 0
 379.208449856483 2.36035423202234 0 0
 381.366586498624 6.01385999448525 0 0
 383.524436000661 -0.99795902060335 0 0
 385.682004319832 2.19955021290072 0 0
 387.839297413375 5.15732529286511 0 0
 389.996321238528 -1.63899159434973 0 0
 392.153081752529 2.26327547318327 0 0
 394.309584912616 4.4534559989659 0 0
 396.465836676027 -1.66452374460207 0 0
 398.621843 3.67468283061025 0 0
 400.777609841773 9.64123975147236 0 0
 402.933143158584 12.6578790542996 0 0
 405.088448907671 20.3159305805806 0 0
 407.243533046272 15.9373237394035 0 0
 409.398401531625 4.62306268497794 0 0
 411.553060320968 7.37447097385261 0 0
 413.707515371539 8.12398908781454 0 0
 415.861772640576 6.14444328767682 0 0
 418.015838085317 14.2628849963966 0 0
 420.169717663 18.9411188428738 0 0
 422.323417330863 22.6018657143959 0 0
 424.476943046144 36.6877943081848 0 0
 426.630300766081 49.1439960411687 0 0
 428.783496447912 65.3718769910356 0 0
 430.936536048875 98.8771923605822 0 0
 433.089425526208 151.187660762918 0 0
 435.242170837149 207.966674113063 0 0
 437.394777938936 258.682263885829 0 0
 439.547252788807 301.301709499004 0 0
 441.699601344 376.689905134981 0 0
 443.851829561753 479.122359667631 0 0
 446.003943399304 569.352746221383 0 0
 448.155948813891 621.464970337682 0 0
 450.307851762752 618.999562204597 0 0
 452.459658203125 553.172402925594 0 0
 454.611374092248 461.818922254484 0 0
 456.763005387359 381.644090229994 0 0
 458.914558045696 314.931504754482 0 0
 461.066038024497 270.988899117782 0 0
 463.217451281 243.015071386721 0 0
 465.368803772443 207.683630926155 0 0
 467.520101456064 175.604127659674 0 0
 469.671350289101 150.683087493109 0 0
 471.822556228792 121.871858625489 0 0
 473.973725232375 105.132463199176 0 0
 476.124863257088 99.1178094123889 0 0
 478.275976260169 88.0471726491105 0 0
 480.427070198856 85.6188633155017 0 0
 482.578151030387 87.7999488191463 0 0
 484.729224712 81.8799923627303 0 0
 486.880297200933 84.1181346039954 0 0
 489.031374454424 89.6597612385039 0 0
 491.182462429711 88.1551303182425 0 0
 493.333567084032 94.6946327252601 0 0
 495.484694374625 103.036886316985 0 0
 497.635850258728 103.347388631595 0 0
 499.787040693579 111.202996689014 0 0
 501.938271636416 118.512206783109 0 0
 504.089549044477 -NAN 0 0
 506.240878875 -NAN 0 0
 508.392267085223 -NAN 0 0
 510.543719632384 -NAN 0 0
 512.695242473721 -NAN 0 0
 514.846841566472 -NAN 0 0
 516.998522867875 -NAN 0 0
 519.150292335168 -NAN 0 0
 521.302155925589 -NAN 0 0
 523.454119596376 -NAN 0 0
 525.606189304767 -NAN 0 0
 527.758371008 -NAN 0 0
 529.910670663313 -NAN 0 0
 532.063094227944 -NAN 0 0
 534.215647659131 -NAN 0 0
 536.368336914112 -NAN 0 0
 538.521167950125 -NAN 0 0
 540.674146724408 -NAN 0 0
 542.827279194199 -NAN 0 0
 544.980571316736 -NAN 0 0
 547.134029049257 -NAN 0 0
 549.287658349 -NAN 0 0
 551.441465173203 -NAN 0 0
 553.595455479104 -NAN 0 0
 555.749635223941 -NAN 0 0
 557.904010364952 -NAN 0 0
 560.058586859375 -NAN 0 0
 562.213370664448 -NAN 0 0
 564.368367737409 -NAN 0 0
 566.523584035496 -NAN 0 0
 568.679025515947 -NAN 0 0
 570.834698136 -NAN 0 0
 572.990607852893 -NAN 0 0
 575.146760623864 -NAN 0 0
 577.303162406151 -NAN 0 0
 579.459819156992 -NAN 0 0
 581.616736833625 -NAN 0 0
 583.773921393288 -NAN 0 0
 585.931378793219 -NAN 0 0
 588.089114990656 -NAN 0 0
 590.247135942837 -NAN 0 0
 592.405447607 -NAN 0 0
 594.564055940383 -NAN 0 0
 596.722966900224 -NAN 0 0
 598.882186443761 -NAN 0 0
 601.041720528232 -NAN 0 0
 603.201575110875 -NAN 0 0
 605.361756148928 -NAN 0 0
 607.522269599629 -NAN 0 0
 609.683121420216 -NAN 0 0
 611.844317567927 -NAN 0 0
 614.005864 -NAN 0 0
 616.167766673673 -NAN 0 0
 618.330031546184 -NAN 0 0
 620.492664574771 -NAN 0 0
 622.655671716672 -NAN 0 0
 624.819058929125 -NAN 0 0
 626.982832169368 -NAN 0 0
 629.146997394639 -NAN 0 0
 631.311560562176 -NAN 0 0
 633.476527629217 -NAN 0 0
 635.641904553 -NAN 0 0
 637.807697290763 -NAN 0 0
 639.973911799744 -NAN 0 0
 642.140554037181 -NAN 0 0
 644.307629960312 -NAN 0 0
 646.475145526375 -NAN 0 0
 648.643106692608 -NAN 0 0
 650.811519416249 -NAN 0 0
 652.980389654536 -NAN 0 0
 655.149723364707 -NAN 0 0
 657.319526504 -NAN 0 0
 659.489805029653 -NAN 0 0
 661.660564898904 -NAN 0 0
 663.831812068991 -NAN 0 0
 666.003552497152 -NAN 0 0
 668.175792140625 -NAN 0 0
 670.348536956648 -NAN 0 0
 672.521792902459 -NAN 0 0
 674.695565935296 -NAN 0 0
 676.869862012397 -NAN 0 0
 679.044687091 -NAN 0 0
 681.220047128343 -NAN 0 0
 683.395948081664 -NAN 0 0
 685.572395908201 -NAN 0 0
 687.749396565192 -NAN 0 0
 689.926956009875 -NAN 0 0
 692.105080199488 -NAN 0 0
 694.283775091269 -NAN 0 0
 696.463046642456 -NAN 0 0
 698.642900810287 -NAN 0 0
 700.823343552 -NAN 0 0
 703.004380824833 -NAN 0 0
 705.186018586024 -NAN 0 0
 707.368262792811 -NAN 0 0
 709.551119402432 -NAN 0 0
 711.734594372125 -NAN 0 0
 713.918693659128 -NAN 0 0
 716.103423220679 -NAN 0 0
 718.288789014016 -NAN 0 0
 720.474796996377 -NAN 0 0
 722.661453125 -NAN 0 0
 724.848763357123 -NAN 0 0
 727.036733649984 -NAN 0 0
 729.225369960821 -NAN 0 0
 731.414678246872 -NAN 0 0
 733.604664465375 -NAN 0 0
 735.795334573568 -NAN 0 0
[END] of [DATA]
[END] of Spectrum


[Spectrum]
Version            = 1
IDData             = 12ad_2026-06-05_12-51-10_000_166
IDDevice           = SAM_82E6
IDDataType         = SPECTRUM
IDDataTypeSub1     = CALIBRATED
IDDataTypeSub2     = 
IDDataTypeSub3     = 
DateTime           = 2026-06-05 12:51:10
PositionLatitude   = 0
PositionLongitude  = 0
Comment            = 20260605_FrameB
CommentSub1        = UV
CommentSub2        = left
CommentSub3        = 22.5cm
IDMethodType       = SAM Control
MethodName         = SAM_82E6
Mission            = No Mission
MissionSub         = 1
RecordType         = 0
[Attributes]
CalFactor = 1
IDBasisSpec = 
IDDataBack = DLAB_2024-11-11_10-40-48_641_639
IDDataCal = DLAB_2024-11-12_11-45-27_171_455
IntegrationTime = 128
P31 = -1
P31e = 0
PathLength = +INF
PathLengthCustomOn = 0
RAWDynamic = 65535
Salinity = 0
Temperature = -NAN
Unit1 = $01 $01 Wavelength nm
Unit2 = $03 $06 Intensity mW/(m^2 nm)
Unit3 = $f0 $06 Error mW/(m^2 nm)
Unit4 = $f1 $00 Status 
p999 = 6639
[END] of [Attributes]
[DATA]
 0 6 0 0
 185.260577530984 -NAN 0 0
 187.468128380571 -NAN 0 0
 189.674861895872 -NAN 0 0
 191.880784034125 -NAN 0 0
 194.085900752568 -NAN 0 0
 196.290218008439 -NAN 0 0
 198.493741758976 -NAN 0 0
 200.696477961417 -NAN 0 0
 202.898432573 -NAN 0 0
 205.099611550963 -NAN 0 0
 207.300020852544 -NAN 0 0
 209.499666434981 -NAN 0 0
 211.698554255512 -NAN 0 0
 213.896690271375 -NAN 0 0
 216.094080439808 -NAN 0 0
 218.290730718049 -NAN 0 0
 220.486647063336 -NAN 0 0
 222.681835432907 -NAN 0 0
 224.876301784 -NAN 0 0
 227.070052073853 -NAN 0 0
 229.263092259704 -NAN 0 0
 231.455428298791 -NAN 0 0
 233.647066148352 -NAN 0 0
 235.838011765625 -NAN 0 0
 238.028271107848 -NAN 0 0
 240.217850132259 -NAN 0 0
 242.406754796096 -NAN 0 0
 244.594991056597 -NAN 0 0
 246.782564871 -NAN 0 0
 248.969482196543 -NAN 0 0
 251.155748990464 -NAN 0 0
 253.341371210001 -NAN 0 0
 255.526354812392 -NAN 0 0
 257.710705754875 -NAN 0 0
 259.894429994688 -NAN 0 0
 262.077533489069 -NAN 0 0
 264.260022195256 -NAN 0 0
 266.441902070487 -NAN 0 0
 268.623179072 -NAN 0 0
 270.803859157033 -NAN 0 0
 272.983948282824 -NAN 0 0
 275.163452406611 -NAN 0 0
 277.342377485632 -NAN 0 0
 279.520729477125 1.50227101456552 0 0
 281.698514338328 9.86634997214032 0 0
 283.875738026479 12.0024083229138 0 0
 286.052406498816 12.4625284014014 0 0
 288.228525712577 25.5976297006242 0 0
 290.404101625 31.9310927298472 0 0
 292.579140193323 38.2222610080637 0 0
 294.753647374784 57.1589998551684 0 0
 296.927629126621 64.0114045157538 0 0
 299.101091406072 71.6351598056315 0 0
 301.274040170375 88.7732002245558 0 0
 303.446481376768 91.2526307183523 0 0
 305.618420982489 95.7604009124074 0 0
 307.789864944776 104.601514122885 0 0
 309.960819220867 106.027593944572 0 0
 312.131289768 109.225575360569 0 0
 314.301282543413 109.929061874508 0 0
 316.470803504344 96.0143545460521 0 0
 318.639858608031 87.1608652881066 0 0
 320.808453811712 85.7262106889472 0 0
 322.976595072625 75.2199576329262 0 0
 325.144288348008 68.355473413016 0 0
 327.311539595099 67.7158075535225 0 0
 329.478354771136 55.5256790292815 0 0
 331.644739833357 50.4506354943663 0 0
 333.810700739 50.9763843700851 0 0
 335.976243445303 39.1951230042542 0 0
 338.141373909504 35.1493822282833 0 0
 340.306098088841 35.4345187639994 0 0
 342.470421940552 25.2659192891623 0 0
 344.634351421875 23.6943130367915 0 0
 346.797892490048 24.3229609586784 0 0
 348.961051102309 15.8285395066628 0 0
 351.123833215896 15.8015154719228 0 0
 353.286244788047 16.4624931911998 0 0
 355.448291776 9.5433156146333 0 0
 357.609980136993 10.8944043634067 0 0
 359.771315828264 12.5159656312797 0 0
 361.932304807051 11.194943159159 0 0
 364.092953030592 19.5569393380501 0 0
 366.253266456125 20.5480727559632 0 0
 368.413251040888 8.02543757737507 0 0
 370.572912742119 7.14648251384862 0 0
 372.732257517056 6.53006704685002 0 0
 374.891291322937 0.0214044301621032 0 0
 377.050020117 4.58576136460461 0 0
 379.208449856483 5.01229952705671 0 0
 381.366586498624 -1.2545652624748 0 0
 383.524436000661 4.27907532322913 0 0
 385.682004319832 3.87081865243846 0 0
 387.839297413375 -1.92559978727455 0 0
 389.996321238528 4.25912980216858 0 0
 392.153081752529 3.219349314836 0 0
 394.309584912616 -2.01972774307797 0 0
 396.465836676027 4.52852842767882 0 0
 398.621843 3.65743379033645 0 0
 400.777609841773 3.93593531811697 0 0
 402.933143158584 18.8461854298933 0 0
 405.088448907671 19.1722441153841 0 0
 407.243533046272 10.9821588272398 0 0
 409.398401531625 10.3625314691296 0 0
 411.553060320968 5.87113828921037 0 0
 413.707515371539 4.38732128922163 0 0
 415.861772640576 11.6240890007205 0 0
 418.015838085317 12.321492249355 0 0
 420.169717663 15.812620018689 0 0
 422.323417330863 27.4516413788915 0 0
 424.476943046144 34.4553768493445 0 0
 426.630300766081 46.8798503112131 0 0
 428.783496447912 69.8219076928503 0 0
 430.936536048875 96.1669943196558 0 0
 433.089425526208 148.962046805449 0 0
 435.242170837149 211.351350042434 0 0
 437.394777938936 255.046233914468 0 0
 439.547252788807 299.660637280595 0 0
 441.699601344 380.585124635852 0 0
 443.851829561753 475.66120082174 0 0
 446.003943399304 568.279016033463 0 0
 448.155948813891 625.544083656459 0 0
 450.307851762752 614.767352102517 0 0
 452.459658203125 552.710174337855 0 0
 454.611374092248 466.102972444129 0 0
 456.763005387359 377.062534746736 0 0
 458.914558045696 315.205963290153 0 0
 461.066038024497 275.395587860237 0 0
 463.217451281 237.729409558975 0 0
 465.368803772443 208.581898302019 0 0
 467.520101456064 179.96639678725 0 0
 469.671350289101 144.901460374651 0 0
 471.822556228792 123.490705088984 0 0
 473.973725232375 108.705510440143 0 0
 476.124863257088 93.1448521735728 0 0
 478.275976260169 90.3930128540379 0 0
 480.427070198856 88.6919896136428 0 0
 482.578151030387 81.6979710400494 0 0
 484.729224712 84.9835657615219 0 0
 486.880297200933 86.6003173341952 0 0
 489.031374454424 84.0058069692075 0 0
 491.182462429711 91.7190346385976 0 0
 493.333567084032 96.7843560039528 0 0
 495.484694374625 97.2846843512288 0 0
 497.635850258728 107.440785427795 0 0
 499.787040693579 112.51956011298 0 0
 501.938271636416 113.306495869281 0 0
 504.089549044477 -NAN 0 0
 506.240878875 -NAN 0 0
 508.392267085223 -NAN 0 0
 510.543719632384 -NAN 0 0
 512.695242473721 -NAN 0 0
 514.846841566472 -NAN 0 0
 516.998522867875 -NAN 0 0
 519.150292335168 -NAN 0 0
 521.302155925589 -NAN 0 0
 523.454119596376 -NAN 0 0
 525.606189304767 -NAN 0 0
 527.758371008 -NAN 0 0
 529.910670663313 -NAN 0 0
 532.063094227944 -NAN 0 0
 534.215647659131 -NAN 0 0
 536.368336914112 -NAN 0 0
 538.521167950125 -NAN 0 0
 540.674146724408 -NAN 0 0
 542.827279194199 -NAN 0 0
 544.980571316736 -NAN 0 0
 547.134029049257 -NAN 0 0
 549.287658349 -NAN 0 0
 551.441465173203 -NAN 0 0
 553.595455479104 -NAN 0 0
 555.749635223941 -NAN 0 0
 557.904010364952 -NAN 0 0
 560.058586859375 -NAN 0 0
 562.213370664448 -NAN 0 0
 564.368367737409 -NAN 0 0
 566.523584035496 -NAN 0 0
 568.679025515947 -NAN 0 0
 570.834698136 -NAN 0 0
 572.990607852893 -NAN 0 0
 575.146760623864 -NAN 0 0
 577.303162406151 -NAN 0 0
 579.459819156992 -NAN 0 0
 581.616736833625 -NAN 0 0
 583.773921393288 -NAN 0 0
 585.931378793219 -NAN 0 0
 588.089114990656 -NAN 0 0
 590.247135942837 -NAN 0 0
 592.405447607 -NAN 0 0
 594.564055940383 -NAN 0 0
 596.722966900224 -NAN 0 0
 598.882186443761 -NAN 0 0
 601.041720528232 -NAN 0 0
 603.201575110875 -NAN 0 0
 605.361756148928 -NAN 0 0
 607.522269599629 -NAN 0 0
 609.683121420216 -NAN 0 0
 611.844317567927 -NAN 0 0
 614.005864 -NAN 0 0
 616.167766673673 -NAN 0 0
 618.330031546184 -NAN 0 0
 620.492664574771 -NAN 0 0
 622.655671716672 -NAN 0 0
 624.819058929125 -NAN 0 0
 626.982832169368 -NAN 0 0
 629.146997394639 -NAN 0 0
 631.311560562176 -NAN 0 0
 633.476527629217 -NAN 0 0
 635.641904553 -NAN 0 0
 637.807697290763 -NAN 0 0
 639.973911799744 -NAN 0 0
 642.140554037181 -NAN 0 0
 644.307629960312 -NAN 0 0
 646.475145526375 -NAN 0 0
 648.643106692608 -NAN 0 0
 650.811519416249 -NAN 0 0
 652.980389654536 -NAN 0 0
 655.149723364707 -NAN 0 0
 657.319526504 -NAN 0 0
 659.489805029653 -NAN 0 0
 661.660564898904 -NAN 0 0
 663.831812068991 -NAN 0 0
 666.003552497152 -NAN 0 0
 668.175792140625 -NAN 0 0
 670.348536956648 -NAN 0 0
 672.521792902459 -NAN 0 0
 674.695565935296 -NAN 0 0
 676.869862012397 -NAN 0 0
 679.044687091 -NAN 0 0
 681.220047128343 -NAN 0 0
 683.395948081664 -NAN 0 0
 685.572395908201 -NAN 0 0
 687.749396565192 -NAN 0 0
 689.926956009875 -NAN 0 0
 692.105080199488 -NAN 0 0
 694.283775091269 -NAN 0 0
 696.463046642456 -NAN 0 0
 698.642900810287 -NAN 0 0
 700.823343552 -NAN 0 0
 703.004380824833 -NAN 0 0
 705.186018586024 -NAN 0 0
 707.368262792811 -NAN 0 0
 709.551119402432 -NAN 0 0
 711.734594372125 -NAN 0 0
 713.918693659128 -NAN 0 0
 716.103423220679 -NAN 0 0
 718.288789014016 -NAN 0 0
 720.474796996377 -NAN 0 0
 722.661453125 -NAN 0 0
 724.848763357123 -NAN 0 0
 727.036733649984 -NAN 0 0
 729.225369960821 -NAN 0 0
 731.414678246872 -NAN 0 0
 733.604664465375 -NAN 0 0
 735.795334573568 -NAN 0 0
[END] of [DATA]
[END] of Spectrum


[Spectrum]
Version            = 1
IDData             = 12ad_2026-06-05_12-51-05_000_163
IDDevice           = SAM_82E6
IDDataType         = SPECTRUM
IDDataTypeSub1     = CALIBRATED
IDDataTypeSub2     = 
IDDataTypeSub3     = 
DateTime           = 2026-06-05 12:51:05
PositionLatitude   = 0
PositionLongitude  = 0
Comment            = 20260605_FrameB
CommentSub1        = UV
CommentSub2        = left
CommentSub3        = 22.5cm
IDMethodType       = SAM Control
MethodName         = SAM_82E6
Mission            = No Mission
MissionSub         = 1
RecordType         = 0
[Attributes]
CalFactor = 1
IDBasisSpec = 
IDDataBack = DLAB_2024-11-11_10-40-48_641_639
IDDataCal = DLAB_2024-11-12_11-45-27_171_455
IntegrationTime = 128
P31 = -1
P31e = 0
PathLength = +INF
PathLengthCustomOn = 0
RAWDynamic = 65535
Salinity = 0
Temperature = -NAN
Unit1 = $01 $01 Wavelength nm
Unit2 = $03 $06 Intensity mW/(m^2 nm)
Unit3 = $f0 $06 Error mW/(m^2 nm)
Unit4 = $f1 $00 Status 
p999 = 6638
[END] of [Attributes]
[DATA]
 0 6 0 0
 185.260577530984 -NAN 0 0
 187.468128380571 -NAN 0 0
 189.674861895872 -NAN 0 0
 191.880784034125 -NAN 0 0
 194.085900752568 -NAN 0 0
 196.290218008439 -NAN 0 0
 198.493741758976 -NAN 0 0
 200.696477961417 -NAN 0 0
 202.898432573 -NAN 0 0
 205.099611550963 -NAN 0 0
 207.300020852544 -NAN 0 0
 209.499666434981 -NAN 0 0
 211.698554255512 -NAN 0 0
 213.896690271375 -NAN 0 0
 216.094080439808 -NAN 0 0
 218.290730718049 -NAN 0 0
 220.486647063336 -NAN 0 0
 222.681835432907 -NAN 0 0
 224.876301784 -NAN 0 0
 227.070052073853 -NAN 0 0
 229.263092259704 -NAN 0 0
 231.455428298791 -NAN 0 0
 233.647066148352 -NAN 0 0
 235.838011765625 -NAN 0 0
 238.028271107848 -NAN 0 0
 240.217850132259 -NAN 0 0
 242.406754796096 -NAN 0 0
 244.594991056597 -NAN 0 0
 246.782564871 -NAN 0 0
 248.969482196543 -NAN 0 0
 251.155748990464 -NAN 0 0
 253.341371210001 -NAN 0 0
 255.526354812392 -NAN 0 0
 257.710705754875 -NAN 0 0
 259.894429994688 -NAN 0 0
 262.077533489069 -NAN 0 0
 264.260022195256 -NAN 0 0
 266.441902070487 -NAN 0 0
 268.623179072 -NAN 0 0
 270.803859157033 -NAN 0 0
 272.983948282824 -NAN 0 0
 275.163452406611 -NAN 0 0
 277.342377485632 -NAN 0 0
 279.520729477125 3.64422104633496 0 0
 281.698514338328 10.1618316035481 0 0
 283.875738026479 7.51744472224716 0 0
 286.052406498816 15.1426858672004 0 0
 288.228525712577 25.070395902876 0 0
 290.404101625 27.3651833532043 0 0
 292.579140193323 40.4691058708421 0 0
 294.753647374784 55.4234324706064 0 0
 296.927629126621 59.5447862192069 0 0
 299.101091406072 73.1701002185424 0 0
 301.274040170375 86.6543984683574 0 0
 303.446481376768 87.4103134486423 0 0
 305.618420982489 96.8745426322688 0 0
 307.789864944776 101.899329728949 0 0
 309.960819220867 102.10896859733 0 0
 312.131289768 110.735662754634 0 0
 314.301282543413 107.031357563476 0 0
 316.470803504344 92.3099808212724 0 0
 318.639858608031 89.6050989121969 0 0
 320.808453811712 82.0976229151839 0 0
 322.976595072625 71.7409643162975 0 0
 325.144288348008 71.5402679687914 0 0
 327.311539595099 63.9042261341003 0 0
 329.478354771136 52.8363905904708 0 0
 331.644739833357 53.7964821115919 0 0
 333.810700739 47.2343983467772 0 0
 335.976243445303 37.4042110523564 0 0
 338.141373909504 38.3486179212855 0 0
 340.306098088841 31.7589885295576 0 0
 342.470421940552 24.2655002746488 0 0
 344.634351421875 26.8985450657187 0 0
 346.797892490048 21.0300120386329 0 0
 348.961051102309 15.4237508709531 0 0
 351.123833215896 18.4724370799709 0 0
 353.286244788047 13.4114980288588 0 0
 355.448291776 9.65088258556873 0 0
 357.609980136993 13.39156584996 0 0
 359.771315828264 9.46771089051486 0 0
 361.932304807051 11.6407509592273 0 0
 364.092953030592 22.0678749727767 0 0
 366.253266456125 17.0913227463139 0 0
 368.413251040888 9.06316669702528 0 0
 370.572912742119 9.39722213934472 0 0
 372.732257517056 2.64524007431848 0 0
 374.891291322937 1.60787594925432 0 0
 377.050020117 6.8094106016735 0 0
 379.208449856483 0.618047164836184 0 0
 381.366586498624 0.794669935384828 0 0
 383.524436000661 5.90496470899383 0 0
 385.682004319832 -0.441765099628293 0 0
 387.839297413375 0.358392056931321 0 0
 389.996321238528 5.13282151653733 0 0
 392.153081752529 -1.11281691686184 0 0
 394.309584912616 0.669363965224222 0 0
 396.465836676027 4.88026908866681 0 0
 398.621843 -0.389456427747507 0 0
 400.777609841773 6.54734432248844 0 0
 402.933143158584 18.1973193917398 0 0
 405.088448907671 15.1380160254752 0 0
 407.243533046272 13.4745913340054 0 0
 409.398401531625 9.67274105027165 0 0
 411.553060320968 2.8843261762161 0 0
 413.707515371539 6.95621411016742 0 0
 415.861772640576 10.5504091180381 0 0
 418.015838085317 9.85420323919084 0 0
 420.169717663 18.342286137791 0 0
 422.323417330863 26.3401390838759 0 0
 424.476943046144 32.4990157840227 0 0
 426.630300766081 49.1103316555537 0 0
 428.783496447912 68.4495549778372 0 0
 430.936536048875 94.3805214243294 0 0
 433.089425526208 150.660605584194 0 0
 435.242170837149 209.187075563865 0 0
 437.394777938936 253.111920322317 0 0
 439.547252788807 301.80883235802 0 0
 441.699601344 378.921498497476 0 0
 443.851829561753 474.629968004779 0 0
 446.003943399304 571.028791988822 0 0
 448.155948813891 623.641842814319 0 0
 450.307851762752 614.256925740323 0 0
 452.459658203125 555.470577527158 0 0
 454.611374092248 463.716076556003 0 0
 456.763005387359 376.580265748498 0 0
 458.914558045696 318.054343874898 0 0
 461.066038024497 272.673120271835 0 0
 463.217451281 237.571535595953 0 0
 465.368803772443 211.385421392849 0 0
 467.520101456064 176.87328771766 0 0
 469.671350289101 145.301985001843 0 0
 471.822556228792 126.138136645086 0 0
 473.973725232375 105.565192803398 0 0
 476.124863257088 93.7537727447218 0 0
 478.275976260169 92.7244068615878 0 0
 480.427070198856 85.5754229655099 0 0
 482.578151030387 82.914571694744 0 0
 484.729224712 86.9058366459013 0 0
 486.880297200933 83.2288442612695 0 0
 489.031374454424 85.144877906501 0 0
 491.182462429711 93.4591045010586 0 0
 493.333567084032 93.2484150699475 0 0
 495.484694374625 98.9294355771503 0 0
 497.635850258728 108.537916705254 0 0
 499.787040693579 109.164552081305 0 0
 501.938271636416 115.118862455778 0 0
 504.089549044477 -NAN 0 0
 506.240878875 -NAN 0 0
 508.392267085223 -NAN 0 0
 510.543719632384 -NAN 0 0
 512.695242473721 -NAN 0 0
 514.846841566472 -NAN 0 0
 516.998522867875 -NAN 0 0
 519.150292335168 -NAN 0 0
 521.302155925589 -NAN 0 0
 523.454119596376 -NAN 0 0
 525.606189304767 -NAN 0 0
 527.758371008 -NAN 0 0
 529.910670663313 -NAN 0 0
 532.063094227944 -NAN 0 0
 534.215647659131 -NAN 0 0
 536.368336914112 -NAN 0 0
 538.521167950125 -NAN 0 0
 540.674146724408 -NAN 0 0
 542.827279194199 -NAN 0 0
 544.980571316736 -NAN 0 0
 547.134029049257 -NAN 0 0
 549.287658349 -NAN 0 0
 551.441465173203 -NAN 0 0
 553.595455479104 -NAN 0 0
 555.749635223941 -NAN 0 0
 557.904010364952 -NAN 0 0
 560.058586859375 -NAN 0 0
 562.213370664448 -NAN 0 0
 564.368367737409 -NAN 0 0
 566.523584035496 -NAN 0 0
 568.679025515947 -NAN 0 0
 570.834698136 -NAN 0 0
 572.990607852893 -NAN 0 0
 575.146760623864 -NAN 0 0
 577.303162406151 -NAN 0 0
 579.459819156992 -NAN 0 0
 581.616736833625 -NAN 0 0
 583.773921393288 -NAN 0 0
 585.931378793219 -NAN 0 0
 588.089114990656 -NAN 0 0
 590.247135942837 -NAN 0 0
 592.405447607 -NAN 0 0
 594.564055940383 -NAN 0 0
 596.722966900224 -NAN 0 0
 598.882186443761 -NAN 0 0
 601.041720528232 -NAN 0 0
 603.201575110875 -NAN 0 0
 605.361756148928 -NAN 0 0
 607.522269599629 -NAN 0 0
 609.683121420216 -NAN 0 0
 611.844317567927 -NAN 0 0
 614.005864 -NAN 0 0
 616.167766673673 -NAN 0 0
 618.330031546184 -NAN 0 0
 620.492664574771 -NAN 0 0
 622.655671716672 -NAN 0 0
 624.819058929125 -NAN 0 0
 626.982832169368 -NAN 0 0
 629.146997394639 -NAN 0 0
 631.311560562176 -NAN 0 0
 633.476527629217 -NAN 0 0
 635.641904553 -NAN 0 0
 637.807697290763 -NAN 0 0
 639.973911799744 -NAN 0 0
 642.140554037181 -NAN 0 0
 644.307629960312 -NAN 0 0
 646.475145526375 -NAN 0 0
 648.643106692608 -NAN 0 0
 650.811519416249 -NAN 0 0
 652.980389654536 -NAN 0 0
 655.149723364707 -NAN 0 0
 657.319526504 -NAN 0 0
 659.489805029653 -NAN 0 0
 661.660564898904 -NAN 0 0
 663.831812068991 -NAN 0 0
 666.003552497152 -NAN 0 0
 668.175792140625 -NAN 0 0
 670.348536956648 -NAN 0 0
 672.521792902459 -NAN 0 0
 674.695565935296 -NAN 0 0
 676.869862012397 -NAN 0 0
 679.044687091 -NAN 0 0
 681.220047128343 -NAN 0 0
 683.395948081664 -NAN 0 0
 685.572395908201 -NAN 0 0
 687.749396565192 -NAN 0 0
 689.926956009875 -NAN 0 0
 692.105080199488 -NAN 0 0
 694.283775091269 -NAN 0 0
 696.463046642456 -NAN 0 0
 698.642900810287 -NAN 0 0
 700.823343552 -NAN 0 0
 703.004380824833 -NAN 0 0
 705.186018586024 -NAN 0 0
 707.368262792811 -NAN 0 0
 709.551119402432 -NAN 0 0
 711.734594372125 -NAN 0 0
 713.918693659128 -NAN 0 0
 716.103423220679 -NAN 0 0
 718.288789014016 -NAN 0 0
 720.474796996377 -NAN 0 0
 722.661453125 -NAN 0 0
 724.848763357123 -NAN 0 0
 727.036733649984 -NAN 0 0
 729.225369960821 -NAN 0 0
 731.414678246872 -NAN 0 0
 733.604664465375 -NAN 0 0
 735.795334573568 -NAN 0 0
[END] of [DATA]
[END] of Spectrum


[Spectrum]
Version            = 1
IDData             = 12ad_2026-06-05_12-51-00_000_160
IDDevice           = SAM_82E6
IDDataType         = SPECTRUM
IDDataTypeSub1     = CALIBRATED
IDDataTypeSub2     = 
IDDataTypeSub3     = 
DateTime           = 2026-06-05 12:51:00
PositionLatitude   = 0
PositionLongitude  = 0
Comment            = 20260605_FrameB
CommentSub1        = UV
CommentSub2        = left
CommentSub3        = 22.5cm
IDMethodType       = SAM Control
MethodName         = SAM_82E6
Mission            = No Mission
MissionSub         = 1
RecordType         = 0
[Attributes]
CalFactor = 1
IDBasisSpec = 
IDDataBack = DLAB_2024-11-11_10-40-48_641_639
IDDataCal = DLAB_2024-11-12_11-45-27_171_455
IntegrationTime = 128
P31 = -1
P31e = 0
PathLength = +INF
PathLengthCustomOn = 0
RAWDynamic = 65535
Salinity = 0
Temperature = -NAN
Unit1 = $01 $01 Wavelength nm
Unit2 = $03 $06 Intensity mW/(m^2 nm)
Unit3 = $f0 $06 Error mW/(m^2 nm)
Unit4 = $f1 $00 Status 
p999 = 6637
[END] of [Attributes]
[DATA]
 0 6 0 0
 185.260577530984 -NAN 0 0
 187.468128380571 -NAN 0 0
 189.674861895872 -NAN 0 0
 191.880784034125 -NAN 0 0
 194.085900752568 -NAN 0 0
 196.290218008439 -NAN 0 0
 198.493741758976 -NAN 0 0
 200.696477961417 -NAN 0 0
 202.898432573 -NAN 0 0
 205.099611550963 -NAN 0 0
 207.300020852544 -NAN 0 0
 209.499666434981 -NAN 0 0
 211.698554255512 -NAN 0 0
 213.896690271375 -NAN 0 0
 216.094080439808 -NAN 0 0
 218.290730718049 -NAN 0 0
 220.486647063336 -NAN 0 0
 222.681835432907 -NAN 0 0
 224.876301784 -NAN 0 0
 227.070052073853 -NAN 0 0
 229.263092259704 -NAN 0 0
 231.455428298791 -NAN 0 0
 233.647066148352 -NAN 0 0
 235.838011765625 -NAN 0 0
 238.028271107848 -NAN 0 0
 240.217850132259 -NAN 0 0
 242.406754796096 -NAN 0 0
 244.594991056597 -NAN 0 0
 246.782564871 -NAN 0 0
 248.969482196543 -NAN 0 0
 251.155748990464 -NAN 0 0
 253.341371210001 -NAN 0 0
 255.526354812392 -NAN 0 0
 257.710705754875 -NAN 0 0
 259.894429994688 -NAN 0 0
 262.077533489069 -NAN 0 0
 264.260022195256 -NAN 0 0
 266.441902070487 -NAN 0 0
 268.623179072 -NAN 0 0
 270.803859157033 -NAN 0 0
 272.983948282824 -NAN 0 0
 275.163452406611 -NAN 0 0
 277.342377485632 -NAN 0 0
 279.520729477125 3.82728305486409 0 0
 281.698514338328 9.83627883266076 0 0
 283.875738026479 7.21665843542663 0 0
 286.052406498816 15.0947740598486 0 0
 288.228525712577 24.6620762497286 0 0
 290.404101625 26.6104996059184 0 0
 292.579140193323 39.78828650527 0 0
 294.753647374784 54.6145047700731 0 0
 296.927629126621 58.6115956427538 0 0
 299.101091406072 72.2298300432422 0 0
 301.274040170375 85.216723016041 0 0
 303.446481376768 85.7818611890808 0 0
 305.618420982489 95.5033740098526 0 0
 307.789864944776 100.26711629163 0 0
 309.960819220867 100.419831416486 0 0
 312.131289768 109.03765837487 0 0
 314.301282543413 104.941801124101 0 0
 316.470803504344 90.620287925042 0 0
 318.639858608031 88.0343571990315 0 0
 320.808453811712 80.6879844513485 0 0
 322.976595072625 70.4289591568737 0 0
 325.144288348008 70.5830971662171 0 0
 327.311539595099 62.8267213866867 0 0
 329.478354771136 51.9573145576516 0 0
 331.644739833357 53.2413084472293 0 0
 333.810700739 46.4395223600223 0 0
 335.976243445303 36.8067558476242 0 0
 338.141373909504 38.1758760467292 0 0
 340.306098088841 31.2500063146699 0 0
 342.470421940552 23.9630175621454 0 0
 344.634351421875 26.6306873647134 0 0
 346.797892490048 20.6857382153706 0 0
 348.961051102309 15.2190434751799 0 0
 351.123833215896 18.4153469701593 0 0
 353.286244788047 13.2577488087408 0 0
 355.448291776 9.69283370423354 0 0
 357.609980136993 13.2791293336272 0 0
 359.771315828264 9.45157686753975 0 0
 361.932304807051 11.6242802276977 0 0
 364.092953030592 21.9493281015329 0 0
 366.253266456125 16.8425768841331 0 0
 368.413251040888 9.06680359814554 0 0
 370.572912742119 9.49142162143859 0 0
 372.732257517056 2.60219128651004 0 0
 374.891291322937 1.73291141643701 0 0
 377.050020117 6.86320856708646 0 0
 379.208449856483 0.445915623258756 0 0
 381.366586498624 0.773470950579384 0 0
 383.524436000661 5.90922840493552 0 0
 385.682004319832 -0.539907671822424 0 0
 387.839297413375 0.617678972247495 0 0
 389.996321238528 5.16231914676522 0 0
 392.153081752529 -1.23354031921857 0 0
 394.309584912616 0.526182104488051 0 0
 396.465836676027 4.8359658756416 0 0
 398.621843 -0.385475879992015 0 0
 400.777609841773 6.41079156080567 0 0
 402.933143158584 17.927380981336 0 0
 405.088448907671 14.7879079238844 0 0
 407.243533046272 13.1787783243845 0 0
 409.398401531625 9.71742846943354 0 0
 411.553060320968 2.70895574565256 0 0
 413.707515371539 6.94030436932755 0 0
 415.861772640576 10.7555513769916 0 0
 418.015838085317 9.96331442649292 0 0
 420.169717663 18.4643231345614 0 0
 422.323417330863 26.4088068533374 0 0
 424.476943046144 32.3898359242067 0 0
 426.630300766081 49.2372204936412 0 0
 428.783496447912 68.4976041822326 0 0
 430.936536048875 94.2939994436978 0 0
 433.089425526208 150.254991690891 0 0
 435.242170837149 208.283163290874 0 0
 437.394777938936 252.150358648203 0 0
 439.547252788807 301.418177906816 0 0
 441.699601344 378.849988875916 0 0
 443.851829561753 474.481811991303 0 0
 446.003943399304 570.908157760538 0 0
 448.155948813891 623.62868155388 0 0
 450.307851762752 614.129770056455 0 0
 452.459658203125 555.44000930392 0 0
 454.611374092248 463.855866872957 0 0
 456.763005387359 376.583194507596 0 0
 458.914558045696 318.039373409316 0 0
 461.066038024497 272.8228967447 0 0
 463.217451281 237.705520735623 0 0
 465.368803772443 211.521586482728 0 0
 467.520101456064 176.876500781098 0 0
 469.671350289101 145.168837625776 0 0
 471.822556228792 126.338169665221 0 0
 473.973725232375 105.687414141995 0 0
 476.124863257088 93.6375242720479 0 0
 478.275976260169 92.9277648708259 0 0
 480.427070198856 85.4183693924625 0 0
 482.578151030387 82.7973762188331 0 0
 484.729224712 87.1505909038543 0 0
 486.880297200933 83.2120651981992 0 0
 489.031374454424 85.0475309796399 0 0
 491.182462429711 93.4624550848759 0 0
 493.333567084032 93.3719948695932 0 0
 495.484694374625 99.092139769755 0 0
 497.635850258728 108.600453188069 0 0
 499.787040693579 109.148244524444 0 0
 501.938271636416 115.044602779728 0 0
 504.089549044477 -NAN 0 0
 506.240878875 -NAN 0 0
 508.392267085223 -NAN 0 0
 510.543719632384 -NAN 0 0
 512.695242473721 -NAN 0 0
 514.846841566472 -NAN 0 0
 516.998522867875 -NAN 0 0
 519.150292335168 -NAN 0 0
 521.302155925589 -NAN 0 0
 523.454119596376 -NAN 0 0
 525.606189304767 -NAN 0 0
 527.758371008 -NAN 0 0
 529.910670663313 -NAN 0 0
 532.063094227944 -NAN 0 0
 534.215647659131 -NAN 0 0
 536.368336914112 -NAN 0 0
 538.521167950125 -NAN 0 0
 540.674146724408 -NAN 0 0
 542.827279194199 -NAN 0 0
 544.980571316736 -NAN 0 0
 547.134029049257 -NAN 0 0
 549.287658349 -NAN 0 0
 551.441465173203 -NAN 0 0
 553.595455479104 -NAN 0 0
 555.749635223941 -NAN 0 0
 557.904010364952 -NAN 0 0
 560.058586859375 -NAN 0 0
 562.213370664448 -NAN 0 0
 564.368367737409 -NAN 0 0
 566.523584035496 -NAN 0 0
 568.679025515947 -NAN 0 0
 570.834698136 -NAN 0 0
 572.990607852893 -NAN 0 0
 575.146760623864 -NAN 0 0
 577.303162406151 -NAN 0 0
 579.459819156992 -NAN 0 0
 581.616736833625 -NAN 0 0
 583.773921393288 -NAN 0 0
 585.931378793219 -NAN 0 0
 588.089114990656 -NAN 0 0
 590.247135942837 -NAN 0 0
 592.405447607 -NAN 0 0
 594.564055940383 -NAN 0 0
 596.722966900224 -NAN 0 0
 598.882186443761 -NAN 0 0
 601.041720528232 -NAN 0 0
 603.201575110875 -NAN 0 0
 605.361756148928 -NAN 0 0
 607.522269599629 -NAN 0 0
 609.683121420216 -NAN 0 0
 611.844317567927 -NAN 0 0
 614.005864 -NAN 0 0
 616.167766673673 -NAN 0 0
 618.330031546184 -NAN 0 0
 620.492664574771 -NAN 0 0
 622.655671716672 -NAN 0 0
 624.819058929125 -NAN 0 0
 626.982832169368 -NAN 0 0
 629.146997394639 -NAN 0 0
 631.311560562176 -NAN 0 0
 633.476527629217 -NAN 0 0
 635.641904553 -NAN 0 0
 637.807697290763 -NAN 0 0
 639.973911799744 -NAN 0 0
 642.140554037181 -NAN 0 0
 644.307629960312 -NAN 0 0
 646.475145526375 -NAN 0 0
 648.643106692608 -NAN 0 0
 650.811519416249 -NAN 0 0
 652.980389654536 -NAN 0 0
 655.149723364707 -NAN 0 0
 657.319526504 -NAN 0 0
 659.489805029653 -NAN 0 0
 661.660564898904 -NAN 0 0
 663.831812068991 -NAN 0 0
 666.003552497152 -NAN 0 0
 668.175792140625 -NAN 0 0
 670.348536956648 -NAN 0 0
 672.521792902459 -NAN 0 0
 674.695565935296 -NAN 0 0
 676.869862012397 -NAN 0 0
 679.044687091 -NAN 0 0
 681.220047128343 -NAN 0 0
 683.395948081664 -NAN 0 0
 685.572395908201 -NAN 0 0
 687.749396565192 -NAN 0 0
 689.926956009875 -NAN 0 0
 692.105080199488 -NAN 0 0
 694.283775091269 -NAN 0 0
 696.463046642456 -NAN 0 0
 698.642900810287 -NAN 0 0
 700.823343552 -NAN 0 0
 703.004380824833 -NAN 0 0
 705.186018586024 -NAN 0 0
 707.368262792811 -NAN 0 0
 709.551119402432 -NAN 0 0
 711.734594372125 -NAN 0 0
 713.918693659128 -NAN 0 0
 716.103423220679 -NAN 0 0
 718.288789014016 -NAN 0 0
 720.474796996377 -NAN 0 0
 722.661453125 -NAN 0 0
 724.848763357123 -NAN 0 0
 727.036733649984 -NAN 0 0
 729.225369960821 -NAN 0 0
 731.414678246872 -NAN 0 0
 733.604664465375 -NAN 0 0
 735.795334573568 -NAN 0 0
[END] of [DATA]
[END] of Spectrum


[Spectrum]
Version            = 1
IDData             = 12ad_2026-06-05_12-50-55_000_157
IDDevice           = SAM_82E6
IDDataType         = SPECTRUM
IDDataTypeSub1     = CALIBRATED
IDDataTypeSub2     = 
IDDataTypeSub3     = 
DateTime           = 2026-06-05 12:50:55
PositionLatitude   = 0
PositionLongitude  = 0
Comment            = 20260605_FrameB
CommentSub1        = UV
CommentSub2        = left
CommentSub3        = 22.5cm
IDMethodType       = SAM Control
MethodName         = SAM_82E6
Mission            = No Mission
MissionSub         = 1
RecordType         = 0
[Attributes]
CalFactor = 1
IDBasisSpec = 
IDDataBack = DLAB_2024-11-11_10-40-48_641_639
IDDataCal = DLAB_2024-11-12_11-45-27_171_455
IntegrationTime = 128
P31 = -1
P31e = 0
PathLength = +INF
PathLengthCustomOn = 0
RAWDynamic = 65535
Salinity = 0
Temperature = -NAN
Unit1 = $01 $01 Wavelength nm
Unit2 = $03 $06 Intensity mW/(m^2 nm)
Unit3 = $f0 $06 Error mW/(m^2 nm)
Unit4 = $f1 $00 Status 
p999 = 6636
[END] of [Attributes]
[DATA]
 0 6 0 0
 185.260577530984 -NAN 0 0
 187.468128380571 -NAN 0 0
 189.674861895872 -NAN 0 0
 191.880784034125 -NAN 0 0
 194.085900752568 -NAN 0 0
 196.290218008439 -NAN 0 0
 198.493741758976 -NAN 0 0
 200.696477961417 -NAN 0 0
 202.898432573 -NAN 0 0
 205.099611550963 -NAN 0 0
 207.300020852544 -NAN 0 0
 209.499666434981 -NAN 0 0
 211.698554255512 -NAN 0 0
 213.896690271375 -NAN 0 0
 216.094080439808 -NAN 0 0
 218.290730718049 -NAN 0 0
 220.486647063336 -NAN 0 0
 222.681835432907 -NAN 0 0
 224.876301784 -NAN 0 0
 227.070052073853 -NAN 0 0
 229.263092259704 -NAN 0 0
 231.455428298791 -NAN 0 0
 233.647066148352 -NAN 0 0
 235.838011765625 -NAN 0 0
 238.028271107848 -NAN 0 0
 240.217850132259 -NAN 0 0
 242.406754796096 -NAN 0 0
 244.594991056597 -NAN 0 0
 246.782564871 -NAN 0 0
 248.969482196543 -NAN 0 0
 251.155748990464 -NAN 0 0
 253.341371210001 -NAN 0 0
 255.526354812392 -NAN 0 0
 257.710705754875 -NAN 0 0
 259.894429994688 -NAN 0 0
 262.077533489069 -NAN 0 0
 264.260022195256 -NAN 0 0
 266.441902070487 -NAN 0 0
 268.623179072 -NAN 0 0
 270.803859157033 -NAN 0 0
 272.983948282824 -NAN 0 0
 275.163452406611 -NAN 0 0
 277.342377485632 -NAN 0 0
 279.520729477125 6.8658633324905 0 0
 281.698514338328 3.11864776109699 0 0
 283.875738026479 12.1619803905698 0 0
 286.052406498816 17.461326968436 0 0
 288.228525712577 17.2234950597597 0 0
 290.404101625 32.1215813057518 0 0
 292.579140193323 41.1217339583367 0 0
 294.753647374784 47.1384250741128 0 0
 296.927629126621 63.1721678204674 0 0
 299.101091406072 71.6625694558621 0 0
 301.274040170375 78.6073611303314 0 0
 303.446481376768 89.6853409849715 0 0
 305.618420982489 93.9655143000054 0 0
 307.789864944776 94.3133318477108 0 0
 309.960819220867 104.204449719311 0 0
 312.131289768 106.557604264201 0 0
 314.301282543413 98.9254599903618 0 0
 316.470803504344 95.8445300250283 0 0
 318.639858608031 85.2453579900696 0 0
 320.808453811712 75.0946881104264 0 0
 322.976595072625 77.0241405048884 0 0
 325.144288348008 66.7255400252234 0 0
 327.311539595099 57.7485221417335 0 0
 329.478354771136 59.3350085048315 0 0
 331.644739833357 48.8591376565267 0 0
 333.810700739 42.1113708045824 0 0
 335.976243445303 44.0954186128967 0 0
 338.141373909504 33.5132498391931 0 0
 340.306098088841 28.1852547380933 0 0
 342.470421940552 30.4578844626516 0 0
 344.634351421875 21.7312807773114 0 0
 346.797892490048 18.5669442293986 0 0
 348.961051102309 20.955476712666 0 0
 351.123833215896 13.6511213356863 0 0
 353.286244788047 12.0321167278004 0 0
 355.448291776 14.6409143672633 0 0
 357.609980136993 8.3169310794729 0 0
 359.771315828264 8.95895136603293 0 0
 361.932304807051 16.7148343191176 0 0
 364.092953030592 16.229723818473 0 0
 366.253266456125 17.1695667499107 0 0
 368.413251040888 14.0105645209651 0 0
 370.572912742119 3.19638423137918 0 0
 372.732257517056 3.93018116496441 0 0
 374.891291322937 6.70744075596347 0 0
 377.050020117 -0.100179366365009 0 0
 379.208449856483 2.80257835509931 0 0
 381.366586498624 5.49377823392502 0 0
 383.524436000661 -1.31631498424959 0 0
 385.682004319832 2.64901474642746 0 0
 387.839297413375 4.89095403560041 0 0
 389.996321238528 -1.97891666649963 0 0
 392.153081752529 2.70176507254795 0 0
 394.309584912616 4.12345590088825 0 0
 396.465836676027 -1.96524858453074 0 0
 398.621843 4.02231733458992 0 0
 400.777609841773 8.88174629601771 0 0
 402.933143158584 11.3246621165309 0 0
 405.088448907671 19.3552830877947 0 0
 407.243533046272 14.7730797657952 0 0
 409.398401531625 4.07764700495076 0 0
 411.553060320968 7.62373963616306 0 0
 413.707515371539 7.73367011254285 0 0
 415.861772640576 6.28324601015288 0 0
 418.015838085317 14.6619763661681 0 0
 420.169717663 18.6270391302553 0 0
 422.323417330863 22.5780608876493 0 0
 424.476943046144 36.9523113669262 0 0
 426.630300766081 48.8729545774989 0 0
 428.783496447912 65.3651332430503 0 0
 430.936536048875 98.4404623631085 0 0
 433.089425526208 148.878657122794 0 0
 435.242170837149 204.665915768717 0 0
 437.394777938936 255.812765623093 0 0
 439.547252788807 299.897618138157 0 0
 441.699601344 376.283861996464 0 0
 443.851829561753 479.190996916812 0 0
 446.003943399304 568.960898869935 0 0
 448.155948813891 621.347396411093 0 0
 450.307851762752 619.105976181168 0 0
 452.459658203125 552.748153039453 0 0
 454.611374092248 461.999603616533 0 0
 456.763005387359 381.970158742972 0 0
 458.914558045696 314.564229332202 0 0
 461.066038024497 271.200827732448 0 0
 463.217451281 242.988066629888 0 0
 465.368803772443 207.333190539801 0 0
 467.520101456064 175.884735199921 0 0
 469.671350289101 150.67442750117 0 0
 471.822556228792 121.627009464231 0 0
 473.973725232375 105.222752836698 0 0
 476.124863257088 98.9295975994883 0 0
 478.275976260169 87.6582365658682 0 0
 480.427070198856 85.7101994359974 0 0
 482.578151030387 87.7508383340026 0 0
 484.729224712 81.7101172613201 0 0
 486.880297200933 84.1091857703579 0 0
 489.031374454424 89.7515135143959 0 0
 491.182462429711 88.0054709077356 0 0
 493.333567084032 95.1065653907457 0 0
 495.484694374625 103.247184253005 0 0
 497.635850258728 103.08188286245 0 0
 499.787040693579 111.311713734759 0 0
 501.938271636416 118.484224876192 0 0
 504.089549044477 -NAN 0 0
 506.240878875 -NAN 0 0
 508.392267085223 -NAN 0 0
 510.543719632384 -NAN 0 0
 512.695242473721 -NAN 0 0
 514.846841566472 -NAN 0 0
 516.998522867875 -NAN 0 0
 519.150292335168 -NAN 0 0
 521.302155925589 -NAN 0 0
 523.454119596376 -NAN 0 0
 525.606189304767 -NAN 0 0
 527.758371008 -NAN 0 0
 529.910670663313 -NAN 0 0
 532.063094227944 -NAN 0 0
 534.215647659131 -NAN 0 0
 536.368336914112 -NAN 0 0
 538.521167950125 -NAN 0 0
 540.674146724408 -NAN 0 0
 542.827279194199 -NAN 0 0
 544.980571316736 -NAN 0 0
 547.134029049257 -NAN 0 0
 549.287658349 -NAN 0 0
 551.441465173203 -NAN 0 0
 553.595455479104 -NAN 0 0
 555.749635223941 -NAN 0 0
 557.904010364952 -NAN 0 0
 560.058586859375 -NAN 0 0
 562.213370664448 -NAN 0 0
 564.368367737409 -NAN 0 0
 566.523584035496 -NAN 0 0
 568.679025515947 -NAN 0 0
 570.834698136 -NAN 0 0
 572.990607852893 -NAN 0 0
 575.146760623864 -NAN 0 0
 577.303162406151 -NAN 0 0
 579.459819156992 -NAN 0 0
 581.616736833625 -NAN 0 0
 583.773921393288 -NAN 0 0
 585.931378793219 -NAN 0 0
 588.089114990656 -NAN 0 0
 590.247135942837 -NAN 0 0
 592.405447607 -NAN 0 0
 594.564055940383 -NAN 0 0
 596.722966900224 -NAN 0 0
 598.882186443761 -NAN 0 0
 601.041720528232 -NAN 0 0
 603.201575110875 -NAN 0 0
 605.361756148928 -NAN 0 0
 607.522269599629 -NAN 0 0
 609.683121420216 -NAN 0 0
 611.844317567927 -NAN 0 0
 614.005864 -NAN 0 0
 616.167766673673 -NAN 0 0
 618.330031546184 -NAN 0 0
 620.492664574771 -NAN 0 0
 622.655671716672 -NAN 0 0
 624.819058929125 -NAN 0 0
 626.982832169368 -NAN 0 0
 629.146997394639 -NAN 0 0
 631.311560562176 -NAN 0 0
 633.476527629217 -NAN 0 0
 635.641904553 -NAN 0 0
 637.807697290763 -NAN 0 0
 639.973911799744 -NAN 0 0
 642.140554037181 -NAN 0 0
 644.307629960312 -NAN 0 0
 646.475145526375 -NAN 0 0
 648.643106692608 -NAN 0 0
 650.811519416249 -NAN 0 0
 652.980389654536 -NAN 0 0
 655.149723364707 -NAN 0 0
 657.319526504 -NAN 0 0
 659.489805029653 -NAN 0 0
 661.660564898904 -NAN 0 0
 663.831812068991 -NAN 0 0
 666.003552497152 -NAN 0 0
 668.175792140625 -NAN 0 0
 670.348536956648 -NAN 0 0
 672.521792902459 -NAN 0 0
 674.695565935296 -NAN 0 0
 676.869862012397 -NAN 0 0
 679.044687091 -NAN 0 0
 681.220047128343 -NAN 0 0
 683.395948081664 -NAN 0 0
 685.572395908201 -NAN 0 0
 687.749396565192 -NAN 0 0
 689.926956009875 -NAN 0 0
 692.105080199488 -NAN 0 0
 694.283775091269 -NAN 0 0
 696.463046642456 -NAN 0 0
 698.642900810287 -NAN 0 0
 700.823343552 -NAN 0 0
 703.004380824833 -NAN 0 0
 705.186018586024 -NAN 0 0
 707.368262792811 -NAN 0 0
 709.551119402432 -NAN 0 0
 711.734594372125 -NAN 0 0
 713.918693659128 -NAN 0 0
 716.103423220679 -NAN 0 0
 718.288789014016 -NAN 0 0
 720.474796996377 -NAN 0 0
 722.661453125 -NAN 0 0
 724.848763357123 -NAN 0 0
 727.036733649984 -NAN 0 0
 729.225369960821 -NAN 0 0
 731.414678246872 -NAN 0 0
 733.604664465375 -NAN 0 0
 735.795334573568 -NAN 0 0
[END] of [DATA]
[END] of Spectrum


[Spectrum]
Version            = 1
IDData             = 12ad_2026-06-05_12-50-50_000_154
IDDevice           = SAM_82E6
IDDataType         = SPECTRUM
IDDataTypeSub1     = CALIBRATED
IDDataTypeSub2     = 
IDDataTypeSub3     = 
DateTime           = 2026-06-05 12:50:50
PositionLatitude   = 0
PositionLongitude  = 0
Comment            = 20260605_FrameB
CommentSub1        = UV
CommentSub2        = left
CommentSub3        = 22.5cm
IDMethodType       = SAM Control
MethodName         = SAM_82E6
Mission            = No Mission
MissionSub         = 1
RecordType         = 0
[Attributes]
CalFactor = 1
IDBasisSpec = 
IDDataBack = DLAB_2024-11-11_10-40-48_641_639
IDDataCal = DLAB_2024-11-12_11-45-27_171_455
IntegrationTime = 128
P31 = -1
P31e = 0
PathLength = +INF
PathLengthCustomOn = 0
RAWDynamic = 65535
Salinity = 0
Temperature = -NAN
Unit1 = $01 $01 Wavelength nm
Unit2 = $03 $06 Intensity mW/(m^2 nm)
Unit3 = $f0 $06 Error mW/(m^2 nm)
Unit4 = $f1 $00 Status 
p999 = 6635
[END] of [Attributes]
[DATA]
 0 6 0 0
 185.260577530984 -NAN 0 0
 187.468128380571 -NAN 0 0
 189.674861895872 -NAN 0 0
 191.880784034125 -NAN 0 0
 194.085900752568 -NAN 0 0
 196.290218008439 -NAN 0 0
 198.493741758976 -NAN 0 0
 200.696477961417 -NAN 0 0
 202.898432573 -NAN 0 0
 205.099611550963 -NAN 0 0
 207.300020852544 -NAN 0 0
 209.499666434981 -NAN 0 0
 211.698554255512 -NAN 0 0
 213.896690271375 -NAN 0 0
 216.094080439808 -NAN 0 0
 218.290730718049 -NAN 0 0
 220.486647063336 -NAN 0 0
 222.681835432907 -NAN 0 0
 224.876301784 -NAN 0 0
 227.070052073853 -NAN 0 0
 229.263092259704 -NAN 0 0
 231.455428298791 -NAN 0 0
 233.647066148352 -NAN 0 0
 235.838011765625 -NAN 0 0
 238.028271107848 -NAN 0 0
 240.217850132259 -NAN 0 0
 242.406754796096 -NAN 0 0
 244.594991056597 -NAN 0 0
 246.782564871 -NAN 0 0
 248.969482196543 -NAN 0 0
 251.155748990464 -NAN 0 0
 253.341371210001 -NAN 0 0
 255.526354812392 -NAN 0 0
 257.710705754875 -NAN 0 0
 259.894429994688 -NAN 0 0
 262.077533489069 -NAN 0 0
 264.260022195256 -NAN 0 0
 266.441902070487 -NAN 0 0
 268.623179072 -NAN 0 0
 270.803859157033 -NAN 0 0
 272.983948282824 -NAN 0 0
 275.163452406611 -NAN 0 0
 277.342377485632 -NAN 0 0
 279.520729477125 5.98542224385039 0 0
 281.698514338328 8.78378895087625 0 0
 283.875738026479 6.56283660069469 0 0
 286.052406498816 17.0881956202722 0 0
 288.228525712577 22.6577281979631 0 0
 290.404101625 25.4661140392248 0 0
 292.579140193323 40.8863367863894 0 0
 294.753647374784 51.3199379761924 0 0
 296.927629126621 56.3097255541695 0 0
 299.101091406072 71.5708067137859 0 0
 301.274040170375 80.9408279056408 0 0
 303.446481376768 82.9563709171252 0 0
 305.618420982489 93.6116990241034 0 0
 307.789864944776 95.4816417933488 0 0
 309.960819220867 97.2155500721471 0 0
 312.131289768 106.774777786596 0 0
 314.301282543413 100.091751091471 0 0
 316.470803504344 88.031380298786 0 0
 318.639858608031 86.7209032357704 0 0
 320.808453811712 76.1183065983296 0 0
 322.976595072625 69.0438304515871 0 0
 325.144288348008 69.8626925953504 0 0
 327.311539595099 58.4800525756919 0 0
 329.478354771136 51.4025000733172 0 0
 331.644739833357 52.6890957090765 0 0
 333.810700739 42.7167791445875 0 0
 335.976243445303 36.8140241591173 0 0
 338.141373909504 37.904825788279 0 0
 340.306098088841 28.1296060159322 0 0
 342.470421940552 24.4173963553865 0 0
 344.634351421875 26.4332523456626 0 0
 346.797892490048 18.0390577003965 0 0
 348.961051102309 15.8285395066628 0 0
 351.123833215896 18.0179550293139 0 0
 353.286244788047 11.1434244271185 0 0
 355.448291776 10.5695045173573 0 0
 357.609980136993 12.8989868260258 0 0
 359.771315828264 7.57895460089485 0 0
 361.932304807051 12.6180143633178 0 0
 364.092953030592 21.0811133968994 0 0
 366.253266456125 14.998587605337 0 0
 368.413251040888 10.3821495033096 0 0
 370.572912742119 8.81946531583568 0 0
 372.732257517056 0.965032841067776 0 0
 374.891291322937 3.62726596762425 0 0
 377.050020117 5.95140202508736 0 0
 379.208449856483 -0.831776226011095 0 0
 381.366586498624 3.19722154666854 0 0
 383.524436000661 4.99537624143316 0 0
 385.682004319832 -1.68490434742062 0 0
 387.839297413375 2.99660099856365 0 0
 389.996321238528 4.15799506995869 0 0
 392.153081752529 -2.07582888508679 0 0
 394.309584912616 3.11027378158372 0 0
 396.465836676027 3.65857442645662 0 0
 398.621843 -1.19087337585331 0 0
 400.777609841773 8.59433524523779 0 0
 402.933143158584 16.0631584381252 0 0
 405.088448907671 13.9095665462094 0 0
 407.243533046272 14.9168282564142 0 0
 409.398401531625 8.36191008818951 0 0
 411.553060320968 2.79388356422736 0 0
 413.707515371539 8.79750145003609 0 0
 415.861772640576 9.67676845304171 0 0
 418.015838085317 10.1805538174277 0 0
 420.169717663 20.0186393027306 0 0
 422.323417330863 25.4080885597195 0 0
 424.476943046144 32.985443126943 0 0
 426.630300766081 50.5932910013653 0 0
 428.783496447912 67.545892747804 0 0
 430.936536048875 94.4761076124557 0 0
 433.089425526208 150.215320870987 0 0
 435.242170837149 205.381213279174 0 0
 437.394777938936 251.147233210951 0 0
 439.547252788807 301.786185723167 0 0
 441.699601344 377.433769589146 0 0
 443.851829561753 475.148932571756 0 0
 446.003943399304 571.774841967998 0 0
 448.155948813891 622.322207100953 0 0
 450.307851762752 614.962143788443 0 0
 452.459658203125 556.078236752722 0 0
 454.611374092248 462.439895567212 0 0
 456.763005387359 377.64242904826 0 0
 458.914558045696 318.565335766766 0 0
 461.066038024497 271.122373389519 0 0
 463.217451281 238.92592801556 0 0
 465.368803772443 211.792861119152 0 0
 467.520101456064 175.320307055989 0 0
 469.671350289101 146.752533651671 0 0
 471.822556228792 126.186232016047 0 0
 473.973725232375 104.127165161887 0 0
 476.124863257088 95.3170379201079 0 0
 478.275976260169 92.7132944020666 0 0
 480.427070198856 84.1207281683471 0 0
 482.578151030387 84.430299849859 0 0
 484.729224712 86.7337263457883 0 0
 486.880297200933 81.9692959267922 0 0
 489.031374454424 86.9463555185269 0 0
 491.182462429711 92.9051413099285 0 0
 493.333567084032 92.1350835416083 0 0
 495.484694374625 100.990355350142 0 0
 497.635850258728 107.875249413668 0 0
 499.787040693579 108.194796033265 0 0
 501.938271636416 117.025937034919 0 0
 504.089549044477 -NAN 0 0
 506.240878875 -NAN 0 0
 508.392267085223 -NAN 0 0
 510.543719632384 -NAN 0 0
 512.695242473721 -NAN 0 0
 514.846841566472 -NAN 0 0
 516.998522867875 -NAN 0 0
 519.150292335168 -NAN 0 0
 521.302155925589 -NAN 0 0
 523.454119596376 -NAN 0 0
 525.606189304767 -NAN 0 0
 527.758371008 -NAN 0 0
 529.910670663313 -NAN 0 0
 532.063094227944 -NAN 0 0
 534.215647659131 -NAN 0 0
 536.368336914112 -NAN 0 0
 538.521167950125 -NAN 0 0
 540.674146724408 -NAN 0 0
 542.827279194199 -NAN 0 0
 544.980571316736 -NAN 0 0
 547.134029049257 -NAN 0 0
 549.287658349 -NAN 0 0
 551.441465173203 -NAN 0 0
 553.595455479104 -NAN 0 0
 555.749635223941 -NAN 0 0
 557.904010364952 -NAN 0 0
 560.058586859375 -NAN 0 0
 562.213370664448 -NAN 0 0
 564.368367737409 -NAN 0 0
 566.523584035496 -NAN 0 0
 568.679025515947 -NAN 0 0
 570.834698136 -NAN 0 0
 572.990607852893 -NAN 0 0
 575.146760623864 -NAN 0 0
 577.303162406151 -NAN 0 0
 579.459819156992 -NAN 0 0
 581.616736833625 -NAN 0 0
 583.773921393288 -NAN 0 0
 585.931378793219 -NAN 0 0
 588.089114990656 -NAN 0 0
 590.247135942837 -NAN 0 0
 592.405447607 -NAN 0 0
 594.564055940383 -NAN 0 0
 596.722966900224 -NAN 0 0
 598.882186443761 -NAN 0 0
 601.041720528232 -NAN 0 0
 603.201575110875 -NAN 0 0
 605.361756148928 -NAN 0 0
 607.522269599629 -NAN 0 0
 609.683121420216 -NAN 0 0
 611.844317567927 -NAN 0 0
 614.005864 -NAN 0 0
 616.167766673673 -NAN 0 0
 618.330031546184 -NAN 0 0
 620.492664574771 -NAN 0 0
 622.655671716672 -NAN 0 0
 624.819058929125 -NAN 0 0
 626.982832169368 -NAN 0 0
 629.146997394639 -NAN 0 0
 631.311560562176 -NAN 0 0
 633.476527629217 -NAN 0 0
 635.641904553 -NAN 0 0
 637.807697290763 -NAN 0 0
 639.973911799744 -NAN 0 0
 642.140554037181 -NAN 0 0
 644.307629960312 -NAN 0 0
 646.475145526375 -NAN 0 0
 648.643106692608 -NAN 0 0
 650.811519416249 -NAN 0 0
 652.980389654536 -NAN 0 0
 655.149723364707 -NAN 0 0
 657.319526504 -NAN 0 0
 659.489805029653 -NAN 0 0
 661.660564898904 -NAN 0 0
 663.831812068991 -NAN 0 0
 666.003552497152 -NAN 0 0
 668.175792140625 -NAN 0 0
 670.348536956648 -NAN 0 0
 672.521792902459 -NAN 0 0
 674.695565935296 -NAN 0 0
 676.869862012397 -NAN 0 0
 679.044687091 -NAN 0 0
 681.220047128343 -NAN 0 0
 683.395948081664 -NAN 0 0
 685.572395908201 -NAN 0 0
 687.749396565192 -NAN 0 0
 689.926956009875 -NAN 0 0
 692.105080199488 -NAN 0 0
 694.283775091269 -NAN 0 0
 696.463046642456 -NAN 0 0
 698.642900810287 -NAN 0 0
 700.823343552 -NAN 0 0
 703.004380824833 -NAN 0 0
 705.186018586024 -NAN 0 0
 707.368262792811 -NAN 0 0
 709.551119402432 -NAN 0 0
 711.734594372125 -NAN 0 0
 713.918693659128 -NAN 0 0
 716.103423220679 -NAN 0 0
 718.288789014016 -NAN 0 0
 720.474796996377 -NAN 0 0
 722.661453125 -NAN 0 0
 724.848763357123 -NAN 0 0
 727.036733649984 -NAN 0 0
 729.225369960821 -NAN 0 0
 731.414678246872 -NAN 0 0
 733.604664465375 -NAN 0 0
 735.795334573568 -NAN 0 0
[END] of [DATA]
[END] of Spectrum


[Spectrum]
Version            = 1
IDData             = 12ad_2026-06-05_12-50-45_000_151
IDDevice           = SAM_82E6
IDDataType         = SPECTRUM
IDDataTypeSub1     = CALIBRATED
IDDataTypeSub2     = 
IDDataTypeSub3     = 
DateTime           = 2026-06-05 12:50:45
PositionLatitude   = 0
PositionLongitude  = 0
Comment            = 20260605_FrameB
CommentSub1        = UV
CommentSub2        = left
CommentSub3        = 22.5cm
IDMethodType       = SAM Control
MethodName         = SAM_82E6
Mission            = No Mission
MissionSub         = 1
RecordType         = 0
[Attributes]
CalFactor = 1
IDBasisSpec = 
IDDataBack = DLAB_2024-11-11_10-40-48_641_639
IDDataCal = DLAB_2024-11-12_11-45-27_171_455
IntegrationTime = 128
P31 = -1
P31e = 0
PathLength = +INF
PathLengthCustomOn = 0
RAWDynamic = 65535
Salinity = 0
Temperature = -NAN
Unit1 = $01 $01 Wavelength nm
Unit2 = $03 $06 Intensity mW/(m^2 nm)
Unit3 = $f0 $06 Error mW/(m^2 nm)
Unit4 = $f1 $00 Status 
p999 = 6634
[END] of [Attributes]
[DATA]
 0 6 0 0
 185.260577530984 -NAN 0 0
 187.468128380571 -NAN 0 0
 189.674861895872 -NAN 0 0
 191.880784034125 -NAN 0 0
 194.085900752568 -NAN 0 0
 196.290218008439 -NAN 0 0
 198.493741758976 -NAN 0 0
 200.696477961417 -NAN 0 0
 202.898432573 -NAN 0 0
 205.099611550963 -NAN 0 0
 207.300020852544 -NAN 0 0
 209.499666434981 -NAN 0 0
 211.698554255512 -NAN 0 0
 213.896690271375 -NAN 0 0
 216.094080439808 -NAN 0 0
 218.290730718049 -NAN 0 0
 220.486647063336 -NAN 0 0
 222.681835432907 -NAN 0 0
 224.876301784 -NAN 0 0
 227.070052073853 -NAN 0 0
 229.263092259704 -NAN 0 0
 231.455428298791 -NAN 0 0
 233.647066148352 -NAN 0 0
 235.838011765625 -NAN 0 0
 238.028271107848 -NAN 0 0
 240.217850132259 -NAN 0 0
 242.406754796096 -NAN 0 0
 244.594991056597 -NAN 0 0
 246.782564871 -NAN 0 0
 248.969482196543 -NAN 0 0
 251.155748990464 -NAN 0 0
 253.341371210001 -NAN 0 0
 255.526354812392 -NAN 0 0
 257.710705754875 -NAN 0 0
 259.894429994688 -NAN 0 0
 262.077533489069 -NAN 0 0
 264.260022195256 -NAN 0 0
 266.441902070487 -NAN 0 0
 268.623179072 -NAN 0 0
 270.803859157033 -NAN 0 0
 272.983948282824 -NAN 0 0
 275.163452406611 -NAN 0 0
 277.342377485632 -NAN 0 0
 279.520729477125 7.24568586719381 0 0
 281.698514338328 3.21147606122954 0 0
 283.875738026479 10.3050134085557 0 0
 286.052406498816 17.7734796526975 0 0
 288.228525712577 16.4999812883933 0 0
 290.404101625 29.5027269148811 0 0
 292.579140193323 40.4606484874189 0 0
 294.753647374784 45.2153397623544 0 0
 296.927629126621 59.7657048046529 0 0
 299.101091406072 69.9452952827218 0 0
 301.274040170375 75.264388589473 0 0
 303.446481376768 85.4771407461447 0 0
 305.618420982489 91.3124374439263 0 0
 307.789864944776 90.175611994495 0 0
 309.960819220867 99.7292628569474 0 0
 312.131289768 103.660081879912 0 0
 314.301282543413 94.7591379412341 0 0
 316.470803504344 91.4889586764663 0 0
 318.639858608031 83.113728982113 0 0
 320.808453811712 71.3556187573446 0 0
 322.976595072625 73.4537427559312 0 0
 325.144288348008 65.4767425226189 0 0
 327.311539595099 54.6332873277828 0 0
 329.478354771136 56.6293582447669 0 0
 331.644739833357 48.2980421397441 0 0
 333.810700739 39.5254334696461 0 0
 335.976243445303 41.9745253192125 0 0
 338.141373909504 33.4612868362778 0 0
 340.306098088841 26.13168116176 0 0
 342.470421940552 29.2309307760035 0 0
 344.634351421875 22.0695611602711 0 0
 346.797892490048 17.043683558754 0 0
 348.961051102309 20.2673360319595 0 0
 351.123833215896 14.0529909322032 0 0
 353.286244788047 10.7356073468056 0 0
 355.448291776 14.2913217117232 0 0
 357.609980136993 8.83628070253394 0 0
 359.771315828264 7.73814362758264 0 0
 361.932304807051 16.2789089579671 0 0
 364.092953030592 16.5740742539908 0 0
 366.253266456125 15.6549029787907 0 0
 368.413251040888 14.0093522205917 0 0
 370.572912742119 3.89597238506295 0 0
 372.732257517056 2.47304492308472 0 0
 374.891291322937 7.31110661365194 0 0
 377.050020117 0.320548311864527 0 0
 379.208449856483 1.39053993679342 0 0
 381.366586498624 6.30640598480039 0 0
 383.524436000661 -0.959585757128134 0 0
 385.682004319832 1.18825501246554 0 0
 387.839297413375 5.39960978750482 0 0
 389.996321238528 -1.6263497528235 0 0
 392.153081752529 1.30165113027277 0 0
 394.309584912616 4.95663796669588 0 0
 396.465836676027 -1.72493721690917 0 0
 398.621843 2.58799329336082 0 0
 400.777609841773 9.41885382530328 0 0
 402.933143158584 10.7531023837042 0 0
 405.088448907671 17.5187511162923 0 0
 407.243533046272 14.9429643456176 0 0
 409.398401531625 3.87025154678915 0 0
 411.553060320968 6.5902673503892 0 0
 413.707515371539 8.38172688942058 0 0
 415.861772640576 6.15362876195833 0 0
 418.015838085317 13.6524521377065 0 0
 420.169717663 19.2050593242611 0 0
 422.323417330863 22.3299413473287 0 0
 424.476943046144 36.2324344050496 0 0
 426.630300766081 49.555737372922 0 0
 428.783496447912 64.8787404196089 0 0
 430.936536048875 97.6535243487927 0 0
 433.089425526208 148.163772755953 0 0
 435.242170837149 202.334605335193 0 0
 437.394777938936 253.697010218786 0 0
 439.547252788807 299.722106718051 0 0
 441.699601344 375.587670623339 0 0
 443.851829561753 478.677891627203 0 0
 446.003943399304 569.714648906236 0 0
 448.155948813891 620.920094155501 0 0
 450.307851762752 618.634327793486 0 0
 452.459658203125 553.514211239974 0 0
 454.611374092248 461.382434121954 0 0
 456.763005387359 381.406860743006 0 0
 458.914558045696 315.479423794785 0 0
 461.066038024497 270.777989390686 0 0
 463.217451281 242.930941182742 0 0
 465.368803772443 208.225124655671 0 0
 467.520101456064 175.324591140573 0 0
 469.671350289101 150.692829984041 0 0
 471.822556228792 122.412931548804 0 0
 473.973725232375 104.488323711976 0 0
 476.124863257088 99.1277735671895 0 0
 478.275976260169 88.6172418225486 0 0
 480.427070198856 85.0274062425358 0 0
 482.578151030387 88.1515352468791 0 0
 484.729224712 82.3527368883655 0 0
 486.880297200933 83.1415931333039 0 0
 489.031374454424 89.951802019087 0 0
 491.182462429711 88.4667346132532 0 0
 493.333567084032 94.1635735862424 0 0
 495.484694374625 103.325769271202 0 0
 497.635850258728 103.377011176087 0 0
 499.787040693579 110.449587562005 0 0
 501.938271636416 118.87059043709 0 0
 504.089549044477 -NAN 0 0
 506.240878875 -NAN 0 0
 508.392267085223 -NAN 0 0
 510.543719632384 -NAN 0 0
 512.695242473721 -NAN 0 0
 514.846841566472 -NAN 0 0
 516.998522867875 -NAN 0 0
 519.150292335168 -NAN 0 0
 521.302155925589 -NAN 0 0
 523.454119596376 -NAN 0 0
 525.606189304767 -NAN 0 0
 527.758371008 -NAN 0 0
 529.910670663313 -NAN 0 0
 532.063094227944 -NAN 0 0
 534.215647659131 -NAN 0 0
 536.368336914112 -NAN 0 0
 538.521167950125 -NAN 0 0
 540.674146724408 -NAN 0 0
 542.827279194199 -NAN 0 0
 544.980571316736 -NAN 0 0
 547.134029049257 -NAN 0 0
 549.287658349 -NAN 0 0
 551.441465173203 -NAN 0 0
 553.595455479104 -NAN 0 0
 555.749635223941 -NAN 0 0
 557.904010364952 -NAN 0 0
 560.058586859375 -NAN 0 0
 562.213370664448 -NAN 0 0
 564.368367737409 -NAN 0 0
 566.523584035496 -NAN 0 0
 568.679025515947 -NAN 0 0
 570.834698136 -NAN 0 0
 572.990607852893 -NAN 0 0
 575.146760623864 -NAN 0 0
 577.303162406151 -NAN 0 0
 579.459819156992 -NAN 0 0
 581.616736833625 -NAN 0 0
 583.773921393288 -NAN 0 0
 585.931378793219 -NAN 0 0
 588.089114990656 -NAN 0 0
 590.247135942837 -NAN 0 0
 592.405447607 -NAN 0 0
 594.564055940383 -NAN 0 0
 596.722966900224 -NAN 0 0
 598.882186443761 -NAN 0 0
 601.041720528232 -NAN 0 0
 603.201575110875 -NAN 0 0
 605.361756148928 -NAN 0 0
 607.522269599629 -NAN 0 0
 609.683121420216 -NAN 0 0
 611.844317567927 -NAN 0 0
 614.005864 -NAN 0 0
 616.167766673673 -NAN 0 0
 618.330031546184 -NAN 0 0
 620.492664574771 -NAN 0 0
 622.655671716672 -NAN 0 0
 624.819058929125 -NAN 0 0
 626.982832169368 -NAN 0 0
 629.146997394639 -NAN 0 0
 631.311560562176 -NAN 0 0
 633.476527629217 -NAN 0 0
 635.641904553 -NAN 0 0
 637.807697290763 -NAN 0 0
 639.973911799744 -NAN 0 0
 642.140554037181 -NAN 0 0
 644.307629960312 -NAN 0 0
 646.475145526375 -NAN 0 0
 648.643106692608 -NAN 0 0
 650.811519416249 -NAN 0 0
 652.980389654536 -NAN 0 0
 655.149723364707 -NAN 0 0
 657.319526504 -NAN 0 0
 659.489805029653 -NAN 0 0
 661.660564898904 -NAN 0 0
 663.831812068991 -NAN 0 0
 666.003552497152 -NAN 0 0
 668.175792140625 -NAN 0 0
 670.348536956648 -NAN 0 0
 672.521792902459 -NAN 0 0
 674.695565935296 -NAN 0 0
 676.869862012397 -NAN 0 0
 679.044687091 -NAN 0 0
 681.220047128343 -NAN 0 0
 683.395948081664 -NAN 0 0
 685.572395908201 -NAN 0 0
 687.749396565192 -NAN 0 0
 689.926956009875 -NAN 0 0
 692.105080199488 -NAN 0 0
 694.283775091269 -NAN 0 0
 696.463046642456 -NAN 0 0
 698.642900810287 -NAN 0 0
 700.823343552 -NAN 0 0
 703.004380824833 -NAN 0 0
 705.186018586024 -NAN 0 0
 707.368262792811 -NAN 0 0
 709.551119402432 -NAN 0 0
 711.734594372125 -NAN 0 0
 713.918693659128 -NAN 0 0
 716.103423220679 -NAN 0 0
 718.288789014016 -NAN 0 0
 720.474796996377 -NAN 0 0
 722.661453125 -NAN 0 0
 724.848763357123 -NAN 0 0
 727.036733649984 -NAN 0 0
 729.225369960821 -NAN 0 0
 731.414678246872 -NAN 0 0
 733.604664465375 -NAN 0 0
 735.795334573568 -NAN 0 0
[END] of [DATA]
[END] of Spectrum


[Spectrum]
Version            = 1
IDData             = 12ad_2026-06-05_12-50-40_000_148
IDDevice           = SAM_82E6
IDDataType         = SPECTRUM
IDDataTypeSub1     = CALIBRATED
IDDataTypeSub2     = 
IDDataTypeSub3     = 
DateTime           = 2026-06-05 12:50:40
PositionLatitude   = 0
PositionLongitude  = 0
Comment            = 20260605_FrameB
CommentSub1        = UV
CommentSub2        = left
CommentSub3        = 22.5cm
IDMethodType       = SAM Control
MethodName         = SAM_82E6
Mission            = No Mission
MissionSub         = 1
RecordType         = 0
[Attributes]
CalFactor = 1
IDBasisSpec = 
IDDataBack = DLAB_2024-11-11_10-40-48_641_639
IDDataCal = DLAB_2024-11-12_11-45-27_171_455
IntegrationTime = 128
P31 = -1
P31e = 0
PathLength = +INF
PathLengthCustomOn = 0
RAWDynamic = 65535
Salinity = 0
Temperature = -NAN
Unit1 = $01 $01 Wavelength nm
Unit2 = $03 $06 Intensity mW/(m^2 nm)
Unit3 = $f0 $06 Error mW/(m^2 nm)
Unit4 = $f1 $00 Status 
p999 = 6633
[END] of [Attributes]
[DATA]
 0 6 0 0
 185.260577530984 -NAN 0 0
 187.468128380571 -NAN 0 0
 189.674861895872 -NAN 0 0
 191.880784034125 -NAN 0 0
 194.085900752568 -NAN 0 0
 196.290218008439 -NAN 0 0
 198.493741758976 -NAN 0 0
 200.696477961417 -NAN 0 0
 202.898432573 -NAN 0 0
 205.099611550963 -NAN 0 0
 207.300020852544 -NAN 0 0
 209.499666434981 -NAN 0 0
 211.698554255512 -NAN 0 0
 213.896690271375 -NAN 0 0
 216.094080439808 -NAN 0 0
 218.290730718049 -NAN 0 0
 220.486647063336 -NAN 0 0
 222.681835432907 -NAN 0 0
 224.876301784 -NAN 0 0
 227.070052073853 -NAN 0 0
 229.263092259704 -NAN 0 0
 231.455428298791 -NAN 0 0
 233.647066148352 -NAN 0 0
 235.838011765625 -NAN 0 0
 238.028271107848 -NAN 0 0
 240.217850132259 -NAN 0 0
 242.406754796096 -NAN 0 0
 244.594991056597 -NAN 0 0
 246.782564871 -NAN 0 0
 248.969482196543 -NAN 0 0
 251.155748990464 -NAN 0 0
 253.341371210001 -NAN 0 0
 255.526354812392 -NAN 0 0
 257.710705754875 -NAN 0 0
 259.894429994688 -NAN 0 0
 262.077533489069 -NAN 0 0
 264.260022195256 -NAN 0 0
 266.441902070487 -NAN 0 0
 268.623179072 -NAN 0 0
 270.803859157033 -NAN 0 0
 272.983948282824 -NAN 0 0
 275.163452406611 -NAN 0 0
 277.342377485632 -NAN 0 0
 279.520729477125 2.1299121866654 0 0
 281.698514338328 4.71241815351354 0 0
 283.875738026479 13.5529404493408 0 0
 286.052406498816 11.6001158690696 0 0
 288.228525712577 18.4799734310237 0 0
 290.404101625 31.8263967186631 0 0
 292.579140193323 33.9597397627425 0 0
 294.753647374784 46.9837570027756 0 0
 296.927629126621 60.3091137389685 0 0
 299.101091406072 63.7840826004629 0 0
 301.274040170375 76.8888806259887 0 0
 303.446481376768 84.7846935747416 0 0
 305.618420982489 85.2104682175815 0 0
 307.789864944776 91.5181529750269 0 0
 309.960819220867 98.1103713042256 0 0
 312.131289768 97.2348963209646 0 0
 314.301282543413 96.6800879901202 0 0
 316.470803504344 89.5927884848904 0 0
 318.639858608031 76.5786201345453 0 0
 320.808453811712 74.4650762186473 0 0
 322.976595072625 71.1194141764633 0 0
 325.144288348008 59.0263064051191 0 0
 327.311539595099 58.5592161897876 0 0
 329.478354771136 53.7853762231927 0 0
 331.644739833357 42.3761897198758 0 0
 333.810700739 44.1821929749177 0 0
 335.976243445303 38.959629711878 0 0
 338.141373909504 28.3998094712297 0 0
 340.306098088841 30.6460140863366 0 0
 342.470421940552 26.1144422229381 0 0
 344.634351421875 18.4880647637308 0 0
 346.797892490048 21.3658300136045 0 0
 348.961051102309 17.0359661800369 0 0
 351.123833215896 11.3887858076623 0 0
 353.286244788047 14.7941505899197 0 0
 355.448291776 11.2471764342505 0 0
 357.609980136993 7.0587129205106 0 0
 359.771315828264 11.7802541836145 0 0
 361.932304807051 12.9342524086865 0 0
 364.092953030592 15.0860287654253 0 0
 366.253266456125 19.9384702204778 0 0
 368.413251040888 9.9238999621557 0 0
 370.572912742119 2.76055462755822 0 0
 372.732257517056 7.3284263843884 0 0
 374.891291322937 2.44144573047227 0 0
 377.050020117 0.141221760488004 0 0
 379.208449856483 6.32217857515811 0 0
 381.366586498624 0.780537278847865 0 0
 383.524436000661 -0.402462820747221 0 0
 385.682004319832 5.73979459248322 0 0
 387.839297413375 -0.140345616245148 0 0
 389.996321238528 -0.494202611696143 0 0
 392.153081752529 5.19255251197704 0 0
 394.309584912616 -0.694272803691696 0 0
 396.465836676027 -0.183722412274777 0 0
 398.621843 5.73527971870349 0 0
 400.777609841773 3.93593531811697 0 0
 402.933143158584 12.5729688500881 0 0
 405.088448907671 19.1943562060109 0 0
 407.243533046272 9.80603481308436 0 0
 409.398401531625 6.17566404303852 0 0
 411.553060320968 8.09470299371422 0 0
 413.707515371539 4.08185426509595 0 0
 415.861772640576 8.40917300219421 0 0
 418.015838085317 14.6747551538702 0 0
 420.169717663 15.4550232374547 0 0
 422.323417330863 24.8147990315728 0 0
 424.476943046144 36.5164795687987 0 0
 426.630300766081 46.0874424651974 0 0
 428.783496447912 67.4700255829691 0 0
 430.936536048875 97.5315695570453 0 0
 433.089425526208 144.60473348457 0 0
 435.242170837149 204.014555465898 0 0
 437.394777938936 252.370167010947 0 0
 439.547252788807 296.530548820642 0 0
 441.699601344 378.321475236105 0 0
 443.851829561753 477.770540674617 0 0
 446.003943399304 566.769804837056 0 0
 448.155948813891 624.264809141773 0 0
 450.307851762752 617.445737783995 0 0
 452.459658203125 550.792713062065 0 0
 454.611374092248 465.075941544059 0 0
 456.763005387359 379.522692389568 0 0
 458.914558045696 312.852606100654 0 0
 461.066038024497 274.533608975586 0 0
 463.217451281 240.664618897786 0 0
 465.368803772443 206.168926244174 0 0
 467.520101456064 179.291653465282 0 0
 469.671350289101 147.90214758161 0 0
 471.822556228792 120.657450508714 0 0
 473.973725232375 108.78478914626 0 0
 476.124863257088 95.8551022793414 0 0
 478.275976260169 87.2126269390677 0 0
 480.427070198856 89.1932244212411 0 0
 482.578151030387 84.2896652787659 0 0
 484.729224712 81.6240621112636 0 0
 486.880297200933 87.4862518643071 0 0
 489.031374454424 86.1205850354988 0 0
 491.182462429711 88.2612321391243 0 0
 493.333567084032 98.0067940220693 0 0
 495.484694374625 99.1375198506855 0 0
 497.635850258728 103.846583362839 0 0
 499.787040693579 113.830687684658 0 0
 501.938271636416 114.585053769969 0 0
 504.089549044477 -NAN 0 0
 506.240878875 -NAN 0 0
 508.392267085223 -NAN 0 0
 510.543719632384 -NAN 0 0
 512.695242473721 -NAN 0 0
 514.846841566472 -NAN 0 0
 516.998522867875 -NAN 0 0
 519.150292335168 -NAN 0 0
 521.302155925589 -NAN 0 0
 523.454119596376 -NAN 0 0
 525.606189304767 -NAN 0 0
 527.758371008 -NAN 0 0
 529.910670663313 -NAN 0 0
 532.063094227944 -NAN 0 0
 534.215647659131 -NAN 0 0
 536.368336914112 -NAN 0 0
 538.521167950125 -NAN 0 0
 540.674146724408 -NAN 0 0
 542.827279194199 -NAN 0 0
 544.980571316736 -NAN 0 0
 547.134029049257 -NAN 0 0
 549.287658349 -NAN 0 0
 551.441465173203 -NAN 0 0
 553.595455479104 -NAN 0 0
 555.749635223941 -NAN 0 0
 557.904010364952 -NAN 0 0
 560.058586859375 -NAN 0 0
 562.213370664448 -NAN 0 0
 564.368367737409 -NAN 0 0
 566.523584035496 -NAN 0 0
 568.679025515947 -NAN 0 0
 570.834698136 -NAN 0 0
 572.990607852893 -NAN 0 0
 575.146760623864 -NAN 0 0
 577.303162406151 -NAN 0 0
 579.459819156992 -NAN 0 0
 581.616736833625 -NAN 0 0
 583.773921393288 -NAN 0 0
 585.931378793219 -NAN 0 0
 588.089114990656 -NAN 0 0
 590.247135942837 -NAN 0 0
 592.405447607 -NAN 0 0
 594.564055940383 -NAN 0 0
 596.722966900224 -NAN 0 0
 598.882186443761 -NAN 0 0
 601.041720528232 -NAN 0 0
 603.201575110875 -NAN 0 0
 605.361756148928 -NAN 0 0
 607.522269599629 -NAN 0 0
 609.683121420216 -NAN 0 0
 611.844317567927 -NAN 0 0
 614.005864 -NAN 0 0
 616.167766673673 -NAN 0 0
 618.330031546184 -NAN 0 0
 620.492664574771 -NAN 0 0
 622.655671716672 -NAN 0 0
 624.819058929125 -NAN 0 0
 626.982832169368 -NAN 0 0
 629.146997394639 -NAN 0 0
 631.311560562176 -NAN 0 0
 633.476527629217 -NAN 0 0
 635.641904553 -NAN 0 0
 637.807697290763 -NAN 0 0
 639.973911799744 -NAN 0 0
 642.140554037181 -NAN 0 0
 644.307629960312 -NAN 0 0
 646.475145526375 -NAN 0 0
 648.643106692608 -NAN 0 0
 650.811519416249 -NAN 0 0
 652.980389654536 -NAN 0 0
 655.149723364707 -NAN 0 0
 657.319526504 -NAN 0 0
 659.489805029653 -NAN 0 0
 661.660564898904 -NAN 0 0
 663.831812068991 -NAN 0 0
 666.003552497152 -NAN 0 0
 668.175792140625 -NAN 0 0
 670.348536956648 -NAN 0 0
 672.521792902459 -NAN 0 0
 674.695565935296 -NAN 0 0
 676.869862012397 -NAN 0 0
 679.044687091 -NAN 0 0
 681.220047128343 -NAN 0 0
 683.395948081664 -NAN 0 0
 685.572395908201 -NAN 0 0
 687.749396565192 -NAN 0 0
 689.926956009875 -NAN 0 0
 692.105080199488 -NAN 0 0
 694.283775091269 -NAN 0 0
 696.463046642456 -NAN 0 0
 698.642900810287 -NAN 0 0
 700.823343552 -NAN 0 0
 703.004380824833 -NAN 0 0
 705.186018586024 -NAN 0 0
 707.368262792811 -NAN 0 0
 709.551119402432 -NAN 0 0
 711.734594372125 -NAN 0 0
 713.918693659128 -NAN 0 0
 716.103423220679 -NAN 0 0
 718.288789014016 -NAN 0 0
 720.474796996377 -NAN 0 0
 722.661453125 -NAN 0 0
 724.848763357123 -NAN 0 0
 727.036733649984 -NAN 0 0
 729.225369960821 -NAN 0 0
 731.414678246872 -NAN 0 0
 733.604664465375 -NAN 0 0
 735.795334573568 -NAN 0 0
[END] of [DATA]
[END] of Spectrum


[Spectrum]
Version            = 1
IDData             = 12ad_2026-06-05_12-50-35_000_145
IDDevice           = SAM_82E6
IDDataType         = SPECTRUM
IDDataTypeSub1     = CALIBRATED
IDDataTypeSub2     = 
IDDataTypeSub3     = 
DateTime           = 2026-06-05 12:50:35
PositionLatitude   = 0
PositionLongitude  = 0
Comment            = 20260605_FrameB
CommentSub1        = UV
CommentSub2        = left
CommentSub3        = 22.5cm
IDMethodType       = SAM Control
MethodName         = SAM_82E6
Mission            = No Mission
MissionSub         = 1
RecordType         = 0
[Attributes]
CalFactor = 1
IDBasisSpec = 
IDDataBack = DLAB_2024-11-11_10-40-48_641_639
IDDataCal = DLAB_2024-11-12_11-45-27_171_455
IntegrationTime = 128
P31 = -1
P31e = 0
PathLength = +INF
PathLengthCustomOn = 0
RAWDynamic = 65535
Salinity = 0
Temperature = -NAN
Unit1 = $01 $01 Wavelength nm
Unit2 = $03 $06 Intensity mW/(m^2 nm)
Unit3 = $f0 $06 Error mW/(m^2 nm)
Unit4 = $f1 $00 Status 
p999 = 6632
[END] of [Attributes]
[DATA]
 0 6 0 0
 185.260577530984 -NAN 0 0
 187.468128380571 -NAN 0 0
 189.674861895872 -NAN 0 0
 191.880784034125 -NAN 0 0
 194.085900752568 -NAN 0 0
 196.290218008439 -NAN 0 0
 198.493741758976 -NAN 0 0
 200.696477961417 -NAN 0 0
 202.898432573 -NAN 0 0
 205.099611550963 -NAN 0 0
 207.300020852544 -NAN 0 0
 209.499666434981 -NAN 0 0
 211.698554255512 -NAN 0 0
 213.896690271375 -NAN 0 0
 216.094080439808 -NAN 0 0
 218.290730718049 -NAN 0 0
 220.486647063336 -NAN 0 0
 222.681835432907 -NAN 0 0
 224.876301784 -NAN 0 0
 227.070052073853 -NAN 0 0
 229.263092259704 -NAN 0 0
 231.455428298791 -NAN 0 0
 233.647066148352 -NAN 0 0
 235.838011765625 -NAN 0 0
 238.028271107848 -NAN 0 0
 240.217850132259 -NAN 0 0
 242.406754796096 -NAN 0 0
 244.594991056597 -NAN 0 0
 246.782564871 -NAN 0 0
 248.969482196543 -NAN 0 0
 251.155748990464 -NAN 0 0
 253.341371210001 -NAN 0 0
 255.526354812392 -NAN 0 0
 257.710705754875 -NAN 0 0
 259.894429994688 -NAN 0 0
 262.077533489069 -NAN 0 0
 264.260022195256 -NAN 0 0
 266.441902070487 -NAN 0 0
 268.623179072 -NAN 0 0
 270.803859157033 -NAN 0 0
 272.983948282824 -NAN 0 0
 275.163452406611 -NAN 0 0
 277.342377485632 -NAN 0 0
 279.520729477125 2.35282442834373 0 0
 281.698514338328 4.42870348972815 0 0
 283.875738026479 13.6023654260484 0 0
 286.052406498816 11.3634605782108 0 0
 288.228525712577 18.1432888047443 0 0
 290.404101625 31.3276365542718 0 0
 292.579140193323 33.4255150431735 0 0
 294.753647374784 46.1693543262658 0 0
 296.927629126621 59.3479909275739 0 0
 299.101091406072 62.603084192703 0 0
 301.274040170375 75.0706098965458 0 0
 303.446481376768 83.3877851642927 0 0
 305.618420982489 83.7188518416668 0 0
 307.789864944776 89.6315408487222 0 0
 309.960819220867 96.4169113154973 0 0
 312.131289768 95.4513728339364 0 0
 314.301282543413 94.6277412369217 0 0
 316.470803504344 87.9861752104559 0 0
 318.639858608031 75.2574475387871 0 0
 320.808453811712 72.7625950144494 0 0
 322.976595072625 70.1561520819239 0 0
 325.144288348008 57.8554685153938 0 0
 327.311539595099 57.3966838568638 0 0
 329.478354771136 53.0609937731369 0 0
 331.644739833357 41.6285558518674 0 0
 333.810700739 43.3813961242019 0 0
 335.976243445303 38.4086917007017 0 0
 338.141373909504 27.8675397927188 0 0
 340.306098088841 30.2048961667674 0 0
 342.470421940552 25.7360114700659 0 0
 344.634351421875 18.0114541126463 0 0
 346.797892490048 20.8645190078016 0 0
 348.961051102309 16.8682680309571 0 0
 351.123833215896 11.266769690614 0 0
 353.286244788047 14.4201365296327 0 0
 355.448291776 10.9556699430155 0 0
 357.609980136993 6.76851962597546 0 0
 359.771315828264 11.6049311339516 0 0
 361.932304807051 12.6762109480558 0 0
 364.092953030592 14.7597426150494 0 0
 366.253266456125 19.5799491890716 0 0
 368.413251040888 9.70447359456612 0 0
 370.572912742119 2.98537739148892 0 0
 372.732257517056 7.28015956169409 0 0
 374.891291322937 2.48850208908941 0 0
 377.050020117 0.239161646239798 0 0
 379.208449856483 6.32077913173065 0 0
 381.366586498624 0.957195485559905 0 0
 383.524436000661 -0.352719701427496 0 0
 385.682004319832 5.86638428705246 0 0
 387.839297413375 -0.0397479605760304 0 0
 389.996321238528 -0.394472528544726 0 0
 392.153081752529 5.46591469892274 0 0
 394.309584912616 -0.695636440460611 0 0
 396.465836676027 -0.0884033781902451 0 0
 398.621843 5.90113587518234 0 0
 400.777609841773 3.93463481562475 0 0
 402.933143158584 12.3663962637228 0 0
 405.088448907671 19.0604552127709 0 0
 407.243533046272 9.59100607918322 0 0
 409.398401531625 5.98889354756702 0 0
 411.553060320968 8.13330654761186 0 0
 413.707515371539 4.08079361570663 0 0
 415.861772640576 8.55511998244477 0 0
 418.015838085317 14.5499162278579 0 0
 420.169717663 15.3519067052998 0 0
 422.323417330863 24.8468439906548 0 0
 424.476943046144 36.5635245490446 0 0
 426.630300766081 45.9778174146048 0 0
 428.783496447912 67.454009181504 0 0
 430.936536048875 97.2785957660558 0 0
 433.089425526208 143.962713888981 0 0
 435.242170837149 203.179375691118 0 0
 437.394777938936 251.333470841931 0 0
 439.547252788807 296.267686094677 0 0
 441.699601344 378.58696498052 0 0
 443.851829561753 477.935437480576 0 0
 446.003943399304 566.938350531893 0 0
 448.155948813891 624.358692799572 0 0
 450.307851762752 617.525999173104 0 0
 452.459658203125 550.958522515382 0 0
 454.611374092248 465.194810861197 0 0
 456.763005387359 379.662296573268 0 0
 458.914558045696 313.0312536566 0 0
 461.066038024497 274.715989850707 0 0
 463.217451281 240.626189051524 0 0
 465.368803772443 206.053872020943 0 0
 467.520101456064 179.483366250413 0 0
 469.671350289101 147.74518522771 0 0
 471.822556228792 120.577655915983 0 0
 473.973725232375 108.862966759236 0 0
 476.124863257088 95.7144969838216 0 0
 478.275976260169 87.3915375373592 0 0
 480.427070198856 89.3725550968484 0 0
 482.578151030387 84.1479145602831 0 0
 484.729224712 81.663178088562 0 0
 486.880297200933 87.6059425142086 0 0
 489.031374454424 86.0993253618166 0 0
 491.182462429711 88.4812538097949 0 0
 493.333567084032 98.0858405605813 0 0
 495.484694374625 99.1364130194433 0 0
 497.635850258728 103.865234594556 0 0
 499.787040693579 114.123136537711 0 0
 501.938271636416 114.758326347419 0 0
 504.089549044477 -NAN 0 0
 506.240878875 -NAN 0 0
 508.392267085223 -NAN 0 0
 510.543719632384 -NAN 0 0
 512.695242473721 -NAN 0 0
 514.846841566472 -NAN 0 0
 516.998522867875 -NAN 0 0
 519.150292335168 -NAN 0 0
 521.302155925589 -NAN 0 0
 523.454119596376 -NAN 0 0
 525.606189304767 -NAN 0 0
 527.758371008 -NAN 0 0
 529.910670663313 -NAN 0 0
 532.063094227944 -NAN 0 0
 534.215647659131 -NAN 0 0
 536.368336914112 -NAN 0 0
 538.521167950125 -NAN 0 0
 540.674146724408 -NAN 0 0
 542.827279194199 -NAN 0 0
 544.980571316736 -NAN 0 0
 547.134029049257 -NAN 0 0
 549.287658349 -NAN 0 0
 551.441465173203 -NAN 0 0
 553.595455479104 -NAN 0 0
 555.749635223941 -NAN 0 0
 557.904010364952 -NAN 0 0
 560.058586859375 -NAN 0 0
 562.213370664448 -NAN 0 0
 564.368367737409 -NAN 0 0
 566.523584035496 -NAN 0 0
 568.679025515947 -NAN 0 0
 570.834698136 -NAN 0 0
 572.990607852893 -NAN 0 0
 575.146760623864 -NAN 0 0
 577.303162406151 -NAN 0 0
 579.459819156992 -NAN 0 0
 581.616736833625 -NAN 0 0
 583.773921393288 -NAN 0 0
 585.931378793219 -NAN 0 0
 588.089114990656 -NAN 0 0
 590.247135942837 -NAN 0 0
 592.405447607 -NAN 0 0
 594.564055940383 -NAN 0 0
 596.722966900224 -NAN 0 0
 598.882186443761 -NAN 0 0
 601.041720528232 -NAN 0 0
 603.201575110875 -NAN 0 0
 605.361756148928 -NAN 0 0
 607.522269599629 -NAN 0 0
 609.683121420216 -NAN 0 0
 611.844317567927 -NAN 0 0
 614.005864 -NAN 0 0
 616.167766673673 -NAN 0 0
 618.330031546184 -NAN 0 0
 620.492664574771 -NAN 0 0
 622.655671716672 -NAN 0 0
 624.819058929125 -NAN 0 0
 626.982832169368 -NAN 0 0
 629.146997394639 -NAN 0 0
 631.311560562176 -NAN 0 0
 633.476527629217 -NAN 0 0
 635.641904553 -NAN 0 0
 637.807697290763 -NAN 0 0
 639.973911799744 -NAN 0 0
 642.140554037181 -NAN 0 0
 644.307629960312 -NAN 0 0
 646.475145526375 -NAN 0 0
 648.643106692608 -NAN 0 0
 650.811519416249 -NAN 0 0
 652.980389654536 -NAN 0 0
 655.149723364707 -NAN 0 0
 657.319526504 -NAN 0 0
 659.489805029653 -NAN 0 0
 661.660564898904 -NAN 0 0
 663.831812068991 -NAN 0 0
 666.003552497152 -NAN 0 0
 668.175792140625 -NAN 0 0
 670.348536956648 -NAN 0 0
 672.521792902459 -NAN 0 0
 674.695565935296 -NAN 0 0
 676.869862012397 -NAN 0 0
 679.044687091 -NAN 0 0
 681.220047128343 -NAN 0 0
 683.395948081664 -NAN 0 0
 685.572395908201 -NAN 0 0
 687.749396565192 -NAN 0 0
 689.926956009875 -NAN 0 0
 692.105080199488 -NAN 0 0
 694.283775091269 -NAN 0 0
 696.463046642456 -NAN 0 0
 698.642900810287 -NAN 0 0
 700.823343552 -NAN 0 0
 703.004380824833 -NAN 0 0
 705.186018586024 -NAN 0 0
 707.368262792811 -NAN 0 0
 709.551119402432 -NAN 0 0
 711.734594372125 -NAN 0 0
 713.918693659128 -NAN 0 0
 716.103423220679 -NAN 0 0
 718.288789014016 -NAN 0 0
 720.474796996377 -NAN 0 0
 722.661453125 -NAN 0 0
 724.848763357123 -NAN 0 0
 727.036733649984 -NAN 0 0
 729.225369960821 -NAN 0 0
 731.414678246872 -NAN 0 0
 733.604664465375 -NAN 0 0
 735.795334573568 -NAN 0 0
[END] of [DATA]
[END] of Spectrum


[Spectrum]
Version            = 1
IDData             = 12ad_2026-06-05_12-50-30_000_142
IDDevice           = SAM_82E6
IDDataType         = SPECTRUM
IDDataTypeSub1     = CALIBRATED
IDDataTypeSub2     = 
IDDataTypeSub3     = 
DateTime           = 2026-06-05 12:50:30
PositionLatitude   = 0
PositionLongitude  = 0
Comment            = 20260605_FrameB
CommentSub1        = UV
CommentSub2        = left
CommentSub3        = 22.5cm
IDMethodType       = SAM Control
MethodName         = SAM_82E6
Mission            = No Mission
MissionSub         = 1
RecordType         = 0
[Attributes]
CalFactor = 1
IDBasisSpec = 
IDDataBack = DLAB_2024-11-11_10-40-48_641_639
IDDataCal = DLAB_2024-11-12_11-45-27_171_455
IntegrationTime = 128
P31 = -1
P31e = 0
PathLength = +INF
PathLengthCustomOn = 0
RAWDynamic = 65535
Salinity = 0
Temperature = -NAN
Unit1 = $01 $01 Wavelength nm
Unit2 = $03 $06 Intensity mW/(m^2 nm)
Unit3 = $f0 $06 Error mW/(m^2 nm)
Unit4 = $f1 $00 Status 
p999 = 6631
[END] of [Attributes]
[DATA]
 0 6 0 0
 185.260577530984 -NAN 0 0
 187.468128380571 -NAN 0 0
 189.674861895872 -NAN 0 0
 191.880784034125 -NAN 0 0
 194.085900752568 -NAN 0 0
 196.290218008439 -NAN 0 0
 198.493741758976 -NAN 0 0
 200.696477961417 -NAN 0 0
 202.898432573 -NAN 0 0
 205.099611550963 -NAN 0 0
 207.300020852544 -NAN 0 0
 209.499666434981 -NAN 0 0
 211.698554255512 -NAN 0 0
 213.896690271375 -NAN 0 0
 216.094080439808 -NAN 0 0
 218.290730718049 -NAN 0 0
 220.486647063336 -NAN 0 0
 222.681835432907 -NAN 0 0
 224.876301784 -NAN 0 0
 227.070052073853 -NAN 0 0
 229.263092259704 -NAN 0 0
 231.455428298791 -NAN 0 0
 233.647066148352 -NAN 0 0
 235.838011765625 -NAN 0 0
 238.028271107848 -NAN 0 0
 240.217850132259 -NAN 0 0
 242.406754796096 -NAN 0 0
 244.594991056597 -NAN 0 0
 246.782564871 -NAN 0 0
 248.969482196543 -NAN 0 0
 251.155748990464 -NAN 0 0
 253.341371210001 -NAN 0 0
 255.526354812392 -NAN 0 0
 257.710705754875 -NAN 0 0
 259.894429994688 -NAN 0 0
 262.077533489069 -NAN 0 0
 264.260022195256 -NAN 0 0
 266.441902070487 -NAN 0 0
 268.623179072 -NAN 0 0
 270.803859157033 -NAN 0 0
 272.983948282824 -NAN 0 0
 275.163452406611 -NAN 0 0
 277.342377485632 -NAN 0 0
 279.520729477125 0.472391551615911 0 0
 281.698514338328 7.6319335647245 0 0
 283.875738026479 11.3683564788649 0 0
 286.052406498816 9.53700440704341 0 0
 288.228525712577 21.1634215374975 0 0
 290.404101625 28.6607964916084 0 0
 292.579140193323 31.4493064499393 0 0
 294.753647374784 48.6851057874843 0 0
 296.927629126621 56.3795561415231 0 0
 299.101091406072 60.7177769464102 0 0
 301.274040170375 76.5767460846868 0 0
 303.446481376768 80.0085555928082 0 0
 305.618420982489 81.7658775527979 0 0
 307.789864944776 90.4802490800457 0 0
 309.960819220867 92.8203351556455 0 0
 312.131289768 93.6509705757375 0 0
 314.301282543413 95.4882152297641 0 0
 316.470803504344 84.2280440833377 0 0
 318.639858608031 74.2874727216481 0 0
 320.808453811712 74.1549291345362 0 0
 322.976595072625 65.9065490896637 0 0
 325.144288348008 57.6244770698254 0 0
 327.311539595099 59.1676032240415 0 0
 329.478354771136 49.1014330297109 0 0
 331.644739833357 42.0045934805291 0 0
 333.810700739 44.8764142743368 0 0
 335.976243445303 34.6437063472801 0 0
 338.141373909504 28.8562412535939 0 0
 340.306098088841 31.453599200625 0 0
 342.470421940552 22.3916787958939 0 0
 344.634351421875 19.1683981733264 0 0
 346.797892490048 21.8671410194075 0 0
 348.961051102309 13.9769206330307 0 0
 351.123833215896 12.4376766487105 0 0
 353.286244788047 14.9915166100711 0 0
 355.448291776 8.46011621731351 0 0
 357.609980136993 8.17772396401324 0 0
 359.771315828264 12.0136597159879 0 0
 361.932304807051 10.1089729269731 0 0
 364.092953030592 16.4893979173881 0 0
 366.253266456125 19.6033056080557 0 0
 368.413251040888 7.04468657527576 0 0
 370.572912742119 5.1130296937157 0 0
 372.732257517056 6.78966428242214 0 0
 374.891291322937 -0.122453580467445 0 0
 377.050020117 2.77456319570172 0 0
 379.208449856483 5.61825853114635 0 0
 381.366586498624 -1.43122346918684 0 0
 383.524436000661 2.38741555709904 0 0
 385.682004319832 4.69151813296039 0 0
 387.839297413375 -2.28123375309072 0 0
 389.996321238528 2.69294610197379 0 0
 392.153081752529 3.97005460995084 0 0
 394.309584912616 -2.46018241943781 0 0
 396.465836676027 2.91078989145543 0 0
 398.621843 4.30360937597805 0 0
 400.777609841773 2.22837554583622 0 0
 402.933143158584 14.8554058319526 0 0
 405.088448907671 17.3160569522135 0 0
 407.243533046272 8.28895363522937 0 0
 409.398401531625 8.79618013594224 0 0
 411.553060320968 6.64651824321147 0 0
 413.707515371539 3.52925593325749 0 0
 415.861772640576 11.0004973578317 0 0
 418.015838085317 13.3310164778166 0 0
 420.169717663 15.2175714065293 0 0
 422.323417330863 27.0240700677117 0 0
 424.476943046144 35.3350292158299 0 0
 426.630300766081 46.3058293770078 0 0
 428.783496447912 69.3068539404713 0 0
 430.936536048875 95.9156685663926 0 0
 433.089425526208 143.687446975362 0 0
 435.242170837149 203.742023118338 0 0
 437.394777938936 249.435925194094 0 0
 439.547252788807 296.356655017312 0 0
 441.699601344 379.742626220914 0 0
 443.851829561753 476.294839817228 0 0
 446.003943399304 567.679267139653 0 0
 448.155948813891 625.781863761726 0 0
 450.307851762752 615.872073469457 0 0
 452.459658203125 551.894095408401 0 0
 454.611374092248 466.480501395359 0 0
 456.763005387359 377.783985738026 0 0
 458.914558045696 314.147052357983 0 0
 461.066038024497 275.690046368115 0 0
 463.217451281 238.496967839718 0 0
 465.368803772443 207.575965506251 0 0
 467.520101456064 180.353035420948 0 0
 469.671350289101 145.662457166315 0 0
 471.822556228792 122.409652318966 0 0
 473.973725232375 109.281382152632 0 0
 476.124863257088 93.6840236611175 0 0
 478.275976260169 88.9939542003176 0 0
 480.427070198856 89.3747828071044 0 0
 482.578151030387 82.2013535127717 0 0
 484.729224712 83.5563913898054 0 0
 486.880297200933 87.3665612144057 0 0
 489.031374454424 84.0069258994013 0 0
 491.182462429711 90.4134238111156 0 0
 493.333567084032 97.6271479709056 0 0
 495.484694374625 97.36548303191 0 0
 497.635850258728 105.960755334503 0 0
 499.787040693579 113.225133739862 0 0
 501.938271636416 113.152595381236 0 0
 504.089549044477 -NAN 0 0
 506.240878875 -NAN 0 0
 508.392267085223 -NAN 0 0
 510.543719632384 -NAN 0 0
 512.695242473721 -NAN 0 0
 514.846841566472 -NAN 0 0
 516.998522867875 -NAN 0 0
 519.150292335168 -NAN 0 0
 521.302155925589 -NAN 0 0
 523.454119596376 -NAN 0 0
 525.606189304767 -NAN 0 0
 527.758371008 -NAN 0 0
 529.910670663313 -NAN 0 0
 532.063094227944 -NAN 0 0
 534.215647659131 -NAN 0 0
 536.368336914112 -NAN 0 0
 538.521167950125 -NAN 0 0
 540.674146724408 -NAN 0 0
 542.827279194199 -NAN 0 0
 544.980571316736 -NAN 0 0
 547.134029049257 -NAN 0 0
 549.287658349 -NAN 0 0
 551.441465173203 -NAN 0 0
 553.595455479104 -NAN 0 0
 555.749635223941 -NAN 0 0
 557.904010364952 -NAN 0 0
 560.058586859375 -NAN 0 0
 562.213370664448 -NAN 0 0
 564.368367737409 -NAN 0 0
 566.523584035496 -NAN 0 0
 568.679025515947 -NAN 0 0
 570.834698136 -NAN 0 0
 572.990607852893 -NAN 0 0
 575.146760623864 -NAN 0 0
 577.303162406151 -NAN 0 0
 579.459819156992 -NAN 0 0
 581.616736833625 -NAN 0 0
 583.773921393288 -NAN 0 0
 585.931378793219 -NAN 0 0
 588.089114990656 -NAN 0 0
 590.247135942837 -NAN 0 0
 592.405447607 -NAN 0 0
 594.564055940383 -NAN 0 0
 596.722966900224 -NAN 0 0
 598.882186443761 -NAN 0 0
 601.041720528232 -NAN 0 0
 603.201575110875 -NAN 0 0
 605.361756148928 -NAN 0 0
 607.522269599629 -NAN 0 0
 609.683121420216 -NAN 0 0
 611.844317567927 -NAN 0 0
 614.005864 -NAN 0 0
 616.167766673673 -NAN 0 0
 618.330031546184 -NAN 0 0
 620.492664574771 -NAN 0 0
 622.655671716672 -NAN 0 0
 624.819058929125 -NAN 0 0
 626.982832169368 -NAN 0 0
 629.146997394639 -NAN 0 0
 631.311560562176 -NAN 0 0
 633.476527629217 -NAN 0 0
 635.641904553 -NAN 0 0
 637.807697290763 -NAN 0 0
 639.973911799744 -NAN 0 0
 642.140554037181 -NAN 0 0
 644.307629960312 -NAN 0 0
 646.475145526375 -NAN 0 0
 648.643106692608 -NAN 0 0
 650.811519416249 -NAN 0 0
 652.980389654536 -NAN 0 0
 655.149723364707 -NAN 0 0
 657.319526504 -NAN 0 0
 659.489805029653 -NAN 0 0
 661.660564898904 -NAN 0 0
 663.831812068991 -NAN 0 0
 666.003552497152 -NAN 0 0
 668.175792140625 -NAN 0 0
 670.348536956648 -NAN 0 0
 672.521792902459 -NAN 0 0
 674.695565935296 -NAN 0 0
 676.869862012397 -NAN 0 0
 679.044687091 -NAN 0 0
 681.220047128343 -NAN 0 0
 683.395948081664 -NAN 0 0
 685.572395908201 -NAN 0 0
 687.749396565192 -NAN 0 0
 689.926956009875 -NAN 0 0
 692.105080199488 -NAN 0 0
 694.283775091269 -NAN 0 0
 696.463046642456 -NAN 0 0
 698.642900810287 -NAN 0 0
 700.823343552 -NAN 0 0
 703.004380824833 -NAN 0 0
 705.186018586024 -NAN 0 0
 707.368262792811 -NAN 0 0
 709.551119402432 -NAN 0 0
 711.734594372125 -NAN 0 0
 713.918693659128 -NAN 0 0
 716.103423220679 -NAN 0 0
 718.288789014016 -NAN 0 0
 720.474796996377 -NAN 0 0
 722.661453125 -NAN 0 0
 724.848763357123 -NAN 0 0
 727.036733649984 -NAN 0 0
 729.225369960821 -NAN 0 0
 731.414678246872 -NAN 0 0
 733.604664465375 -NAN 0 0
 735.795334573568 -NAN 0 0
[END] of [DATA]
[END] of Spectrum


