[Spectrum]
Version            = 1
IDData             = 12ad_2026-06-08_11-09-45_000_823
IDDevice           = SAM_82E6
IDDataType         = SPECTRUM
IDDataTypeSub1     = CALIBRATED
IDDataTypeSub2     = 
IDDataTypeSub3     = 
DateTime           = 2026-06-08 11:09:45
PositionLatitude   = 0
PositionLongitude  = 0
Comment            = 20260608_FrameB
CommentSub1        = con
CommentSub2        = right
CommentSub3        = 50cm
IDMethodType       = SAM Control
MethodName         = SAM_82E6
Mission            = No Mission
MissionSub         = 1
RecordType         = 0
[Attributes]
CalFactor = 1
IDBasisSpec = 
IDDataBack = DLAB_2024-11-11_10-40-48_641_639
IDDataCal = DLAB_2024-11-12_11-45-27_171_455
IntegrationTime = 128
P31 = -1
P31e = 0
PathLength = +INF
PathLengthCustomOn = 0
RAWDynamic = 65535
Salinity = 0
Temperature = -NAN
Unit1 = $01 $01 Wavelength nm
Unit2 = $03 $06 Intensity mW/(m^2 nm)
Unit3 = $f0 $06 Error mW/(m^2 nm)
Unit4 = $f1 $00 Status 
p999 = 7061
[END] of [Attributes]
[DATA]
 0 6 0 0
 185.260577530984 -NAN 0 0
 187.468128380571 -NAN 0 0
 189.674861895872 -NAN 0 0
 191.880784034125 -NAN 0 0
 194.085900752568 -NAN 0 0
 196.290218008439 -NAN 0 0
 198.493741758976 -NAN 0 0
 200.696477961417 -NAN 0 0
 202.898432573 -NAN 0 0
 205.099611550963 -NAN 0 0
 207.300020852544 -NAN 0 0
 209.499666434981 -NAN 0 0
 211.698554255512 -NAN 0 0
 213.896690271375 -NAN 0 0
 216.094080439808 -NAN 0 0
 218.290730718049 -NAN 0 0
 220.486647063336 -NAN 0 0
 222.681835432907 -NAN 0 0
 224.876301784 -NAN 0 0
 227.070052073853 -NAN 0 0
 229.263092259704 -NAN 0 0
 231.455428298791 -NAN 0 0
 233.647066148352 -NAN 0 0
 235.838011765625 -NAN 0 0
 238.028271107848 -NAN 0 0
 240.217850132259 -NAN 0 0
 242.406754796096 -NAN 0 0
 244.594991056597 -NAN 0 0
 246.782564871 -NAN 0 0
 248.969482196543 -NAN 0 0
 251.155748990464 -NAN 0 0
 253.341371210001 -NAN 0 0
 255.526354812392 -NAN 0 0
 257.710705754875 -NAN 0 0
 259.894429994688 -NAN 0 0
 262.077533489069 -NAN 0 0
 264.260022195256 -NAN 0 0
 266.441902070487 -NAN 0 0
 268.623179072 -NAN 0 0
 270.803859157033 -NAN 0 0
 272.983948282824 -NAN 0 0
 275.163452406611 -NAN 0 0
 277.342377485632 -NAN 0 0
 279.520729477125 -7.49640975843795 0 0
 281.698514338328 8.58505794214178 0 0
 283.875738026479 1.67117604883408 0 0
 286.052406498816 -8.58672562847574 0 0
 288.228525712577 9.88090480579383 0 0
 290.404101625 1.13883255157001 0 0
 292.579140193323 -7.8648403930676 0 0
 294.753647374784 9.96744442541356 0 0
 296.927629126621 0.650938492195636 0 0
 299.101091406072 -5.87694759852423 0 0
 301.274040170375 9.08258302182324 0 0
 303.446481376768 0.437201219664185 0 0
 305.618420982489 -4.9855414781424 0 0
 307.789864944776 8.75734249838537 0 0
 309.960819220867 0.274421859699345 0 0
 312.131289768 -3.98596913779944 0 0
 314.301282543413 12.5931740463249 0 0
 316.470803504344 7.94995544244922 0 0
 318.639858608031 11.8475951361381 0 0
 320.808453811712 36.8853660099584 0 0
 322.976595072625 31.7733216141075 0 0
 325.144288348008 30.9492961962704 0 0
 327.311539595099 49.3908968832237 0 0
 329.478354771136 34.496276403227 0 0
 331.644739833357 29.3333097651158 0 0
 333.810700739 44.7032290034796 0 0
 335.976243445303 27.1471698733052 0 0
 338.141373909504 22.0687495484669 0 0
 340.306098088841 35.5458162083215 0 0
 342.470421940552 19.3629233239442 0 0
 344.634351421875 16.3049616231431 0 0
 346.797892490048 28.0966852529638 0 0
 348.961051102309 13.4252515495063 0 0
 351.123833215896 11.6417733531019 0 0
 353.286244788047 22.2439000356358 0 0
 355.448291776 8.77959012099175 0 0
 357.609980136993 8.34156003066961 0 0
 359.771315828264 19.8644752956783 0 0
 361.932304807051 14.1113606886697 0 0
 364.092953030592 23.6936606355494 0 0
 366.253266456125 34.2863184024208 0 0
 368.413251040888 9.60870186506569 0 0
 370.572912742119 4.60435249040882 0 0
 372.732257517056 14.2684127825979 0 0
 374.891291322937 -2.04638641421403 0 0
 377.050020117 0.527463563452822 0 0
 379.208449856483 12.6336684329971 0 0
 381.366586498624 -4.64922936265331 0 0
 383.524436000661 -0.0812643931398594 0 0
 385.682004319832 11.3865483839427 0 0
 387.839297413375 -6.06852295877452 0 0
 389.996321238528 -0.1514682414293 0 0
 392.153081752529 10.4016979424042 0 0
 394.309584912616 -6.37518358299542 0 0
 396.465836676027 0.627160638247152 0 0
 398.621843 10.9551046754059 0 0
 400.777609841773 1.63144490190868 0 0
 402.933143158584 21.7559440697384 0 0
 405.088448907671 33.2920424300652 0 0
 407.243533046272 11.1864955246486 0 0
 409.398401531625 9.21899187108937 0 0
 411.553060320968 12.0366773260043 0 0
 413.707515371539 -0.814103316029483 0 0
 415.861772640576 9.02562038730846 0 0
 418.015838085317 17.1793975434711 0 0
 420.169717663 9.91321915155364 0 0
 422.323417330863 24.0658625593135 0 0
 424.476943046144 36.637198763392 0 0
 426.630300766081 38.6070433436588 0 0
 428.783496447912 63.9278719536785 0 0
 430.936536048875 97.7326301596559 0 0
 433.089425526208 152.015890329485 0 0
 435.242170837149 226.464507498021 0 0
 437.394777938936 268.33384926815 0 0
 439.547252788807 283.406823923694 0 0
 441.699601344 355.175372441307 0 0
 443.851829561753 447.103082924743 0 0
 446.003943399304 526.291460095322 0 0
 448.155948813891 589.970074106778 0 0
 450.307851762752 590.346246292944 0 0
 452.459658203125 524.657808504018 0 0
 454.611374092248 450.843955941787 0 0
 456.763005387359 370.535306968968 0 0
 458.914558045696 298.63465592186 0 0
 461.066038024497 267.959746370656 0 0
 463.217451281 237.122841174733 0 0
 465.368803772443 196.812590145862 0 0
 467.520101456064 179.205971773604 0 0
 469.671350289101 149.822500794144 0 0
 471.822556228792 115.237976662657 0 0
 473.973725232375 111.174161261175 0 0
 476.124863257088 99.0945597178541 0 0
 478.275976260169 82.5231690211171 0 0
 480.427070198856 92.6328090564929 0 0
 482.578151030387 88.6604984565495 0 0
 484.729224712 77.7325811697467 0 0
 486.880297200933 92.0479198110196 0 0
 489.031374454424 91.2878046704901 0 0
 491.182462429711 85.1161507959341 0 0
 493.333567084032 103.548958370142 0 0
 495.484694374625 104.50786503788 0 0
 497.635850258728 100.895300226474 0 0
 499.787040693579 120.064523087647 0 0
 501.938271636416 120.23309405853 0 0
 504.089549044477 -NAN 0 0
 506.240878875 -NAN 0 0
 508.392267085223 -NAN 0 0
 510.543719632384 -NAN 0 0
 512.695242473721 -NAN 0 0
 514.846841566472 -NAN 0 0
 516.998522867875 -NAN 0 0
 519.150292335168 -NAN 0 0
 521.302155925589 -NAN 0 0
 523.454119596376 -NAN 0 0
 525.606189304767 -NAN 0 0
 527.758371008 -NAN 0 0
 529.910670663313 -NAN 0 0
 532.063094227944 -NAN 0 0
 534.215647659131 -NAN 0 0
 536.368336914112 -NAN 0 0
 538.521167950125 -NAN 0 0
 540.674146724408 -NAN 0 0
 542.827279194199 -NAN 0 0
 544.980571316736 -NAN 0 0
 547.134029049257 -NAN 0 0
 549.287658349 -NAN 0 0
 551.441465173203 -NAN 0 0
 553.595455479104 -NAN 0 0
 555.749635223941 -NAN 0 0
 557.904010364952 -NAN 0 0
 560.058586859375 -NAN 0 0
 562.213370664448 -NAN 0 0
 564.368367737409 -NAN 0 0
 566.523584035496 -NAN 0 0
 568.679025515947 -NAN 0 0
 570.834698136 -NAN 0 0
 572.990607852893 -NAN 0 0
 575.146760623864 -NAN 0 0
 577.303162406151 -NAN 0 0
 579.459819156992 -NAN 0 0
 581.616736833625 -NAN 0 0
 583.773921393288 -NAN 0 0
 585.931378793219 -NAN 0 0
 588.089114990656 -NAN 0 0
 590.247135942837 -NAN 0 0
 592.405447607 -NAN 0 0
 594.564055940383 -NAN 0 0
 596.722966900224 -NAN 0 0
 598.882186443761 -NAN 0 0
 601.041720528232 -NAN 0 0
 603.201575110875 -NAN 0 0
 605.361756148928 -NAN 0 0
 607.522269599629 -NAN 0 0
 609.683121420216 -NAN 0 0
 611.844317567927 -NAN 0 0
 614.005864 -NAN 0 0
 616.167766673673 -NAN 0 0
 618.330031546184 -NAN 0 0
 620.492664574771 -NAN 0 0
 622.655671716672 -NAN 0 0
 624.819058929125 -NAN 0 0
 626.982832169368 -NAN 0 0
 629.146997394639 -NAN 0 0
 631.311560562176 -NAN 0 0
 633.476527629217 -NAN 0 0
 635.641904553 -NAN 0 0
 637.807697290763 -NAN 0 0
 639.973911799744 -NAN 0 0
 642.140554037181 -NAN 0 0
 644.307629960312 -NAN 0 0
 646.475145526375 -NAN 0 0
 648.643106692608 -NAN 0 0
 650.811519416249 -NAN 0 0
 652.980389654536 -NAN 0 0
 655.149723364707 -NAN 0 0
 657.319526504 -NAN 0 0
 659.489805029653 -NAN 0 0
 661.660564898904 -NAN 0 0
 663.831812068991 -NAN 0 0
 666.003552497152 -NAN 0 0
 668.175792140625 -NAN 0 0
 670.348536956648 -NAN 0 0
 672.521792902459 -NAN 0 0
 674.695565935296 -NAN 0 0
 676.869862012397 -NAN 0 0
 679.044687091 -NAN 0 0
 681.220047128343 -NAN 0 0
 683.395948081664 -NAN 0 0
 685.572395908201 -NAN 0 0
 687.749396565192 -NAN 0 0
 689.926956009875 -NAN 0 0
 692.105080199488 -NAN 0 0
 694.283775091269 -NAN 0 0
 696.463046642456 -NAN 0 0
 698.642900810287 -NAN 0 0
 700.823343552 -NAN 0 0
 703.004380824833 -NAN 0 0
 705.186018586024 -NAN 0 0
 707.368262792811 -NAN 0 0
 709.551119402432 -NAN 0 0
 711.734594372125 -NAN 0 0
 713.918693659128 -NAN 0 0
 716.103423220679 -NAN 0 0
 718.288789014016 -NAN 0 0
 720.474796996377 -NAN 0 0
 722.661453125 -NAN 0 0
 724.848763357123 -NAN 0 0
 727.036733649984 -NAN 0 0
 729.225369960821 -NAN 0 0
 731.414678246872 -NAN 0 0
 733.604664465375 -NAN 0 0
 735.795334573568 -NAN 0 0
[END] of [DATA]
[END] of Spectrum


[Spectrum]
Version            = 1
IDData             = 12ad_2026-06-08_11-09-50_000_826
IDDevice           = SAM_82E6
IDDataType         = SPECTRUM
IDDataTypeSub1     = CALIBRATED
IDDataTypeSub2     = 
IDDataTypeSub3     = 
DateTime           = 2026-06-08 11:09:50
PositionLatitude   = 0
PositionLongitude  = 0
Comment            = 20260608_FrameB
CommentSub1        = con
CommentSub2        = right
CommentSub3        = 50cm
IDMethodType       = SAM Control
MethodName         = SAM_82E6
Mission            = No Mission
MissionSub         = 1
RecordType         = 0
[Attributes]
CalFactor = 1
IDBasisSpec = 
IDDataBack = DLAB_2024-11-11_10-40-48_641_639
IDDataCal = DLAB_2024-11-12_11-45-27_171_455
IntegrationTime = 128
P31 = -1
P31e = 0
PathLength = +INF
PathLengthCustomOn = 0
RAWDynamic = 65535
Salinity = 0
Temperature = -NAN
Unit1 = $01 $01 Wavelength nm
Unit2 = $03 $06 Intensity mW/(m^2 nm)
Unit3 = $f0 $06 Error mW/(m^2 nm)
Unit4 = $f1 $00 Status 
p999 = 7062
[END] of [Attributes]
[DATA]
 0 6 0 0
 185.260577530984 -NAN 0 0
 187.468128380571 -NAN 0 0
 189.674861895872 -NAN 0 0
 191.880784034125 -NAN 0 0
 194.085900752568 -NAN 0 0
 196.290218008439 -NAN 0 0
 198.493741758976 -NAN 0 0
 200.696477961417 -NAN 0 0
 202.898432573 -NAN 0 0
 205.099611550963 -NAN 0 0
 207.300020852544 -NAN 0 0
 209.499666434981 -NAN 0 0
 211.698554255512 -NAN 0 0
 213.896690271375 -NAN 0 0
 216.094080439808 -NAN 0 0
 218.290730718049 -NAN 0 0
 220.486647063336 -NAN 0 0
 222.681835432907 -NAN 0 0
 224.876301784 -NAN 0 0
 227.070052073853 -NAN 0 0
 229.263092259704 -NAN 0 0
 231.455428298791 -NAN 0 0
 233.647066148352 -NAN 0 0
 235.838011765625 -NAN 0 0
 238.028271107848 -NAN 0 0
 240.217850132259 -NAN 0 0
 242.406754796096 -NAN 0 0
 244.594991056597 -NAN 0 0
 246.782564871 -NAN 0 0
 248.969482196543 -NAN 0 0
 251.155748990464 -NAN 0 0
 253.341371210001 -NAN 0 0
 255.526354812392 -NAN 0 0
 257.710705754875 -NAN 0 0
 259.894429994688 -NAN 0 0
 262.077533489069 -NAN 0 0
 264.260022195256 -NAN 0 0
 266.441902070487 -NAN 0 0
 268.623179072 -NAN 0 0
 270.803859157033 -NAN 0 0
 272.983948282824 -NAN 0 0
 275.163452406611 -NAN 0 0
 277.342377485632 -NAN 0 0
 279.520729477125 1.50351633435143 0 0
 281.698514338328 -8.01813337311481 0 0
 283.875738026479 8.97901189060043 0 0
 286.052406498816 1.22648364093658 0 0
 288.228525712577 -8.44190236649291 0 0
 290.404101625 9.97255849523426 0 0
 292.579140193323 0.825121074328247 0 0
 294.753647374784 -7.48814773177836 0 0
 296.927629126621 9.27819014797629 0 0
 299.101091406072 0.376027825810891 0 0
 301.274040170375 -5.63183377464508 0 0
 303.446481376768 8.58601564527708 0 0
 305.618420982489 0.0958481225765194 0 0
 307.789864944776 -4.66272279666067 0 0
 309.960819220867 8.7849498821852 0 0
 312.131289768 0.540917290159379 0 0
 314.301282543413 -1.88023107382357 0 0
 316.470803504344 18.5609336085812 0 0
 318.639858608031 16.4903525831601 0 0
 320.808453811712 21.3234365664269 0 0
 322.976595072625 45.8847597436014 0 0
 325.144288348008 36.1595969903744 0 0
 327.311539595099 32.7797318588112 0 0
 329.478354771136 50.0652930453909 0 0
 331.644739833357 33.3971809882504 0 0
 333.810700739 28.4371354868141 0 0
 335.976243445303 42.833639737696 0 0
 338.141373909504 24.8368327578203 0 0
 340.306098088841 20.7038948221984 0 0
 342.470421940552 33.6110375869296 0 0
 344.634351421875 17.5386161052379 0 0
 346.797892490048 15.2353400028816 0 0
 348.961051102309 26.155275873097 0 0
 351.123833215896 12.0749865393193 0 0
 353.286244788047 10.8501014468935 0 0
 355.448291776 21.0067277072221 0 0
 357.609980136993 7.81150216795783 0 0
 359.771315828264 9.18697889074788 0 0
 361.932304807051 26.9486488428521 0 0
 364.092953030592 22.5860941527855 0 0
 366.253266456125 23.6813363626825 0 0
 368.413251040888 23.7598841240339 0 0
 370.572912742119 1.88010346825422 0 0
 372.732257517056 2.25780098404251 0 0
 374.891291322937 13.1877735712385 0 0
 377.050020117 -3.65636282366253 0 0
 379.208449856483 0.45431228382351 0 0
 381.366586498624 11.7460654858774 0 0
 383.524436000661 -5.64538759704617 0 0
 385.682004319832 -0.0705301526331008 0 0
 387.839297413375 10.6746108023798 0 0
 389.996321238528 -6.66201662744082 0 0
 392.153081752529 0.323375283588916 0 0
 394.309584912616 9.61618480608157 0 0
 396.465836676027 -6.77953106660298 0 0
 398.621843 2.27353002067692 0 0
 400.777609841773 17.3974366150538 0 0
 402.933143158584 14.8097824386449 0 0
 405.088448907671 27.31072191552 0 0
 407.243533046272 26.0163501394989 0 0
 409.398401531625 1.43306845557524 0 0
 411.553060320968 6.40827916772891 0 0
 413.707515371539 11.8532323406822 0 0
 415.861772640576 1.11692703093385 0 0
 418.015838085317 12.6940430600531 0 0
 420.169717663 21.2286030148965 0 0
 422.323417330863 16.4437401490953 0 0
 424.476943046144 33.4177243605236 0 0
 426.630300766081 48.6364406888188 0 0
 428.783496447912 56.5004765163439 0 0
 430.936536048875 95.8711715477821 0 0
 433.089425526208 163.739832023959 0 0
 435.242170837149 222.688216171863 0 0
 437.394777938936 269.77978864344 0 0
 439.547252788807 294.114638166927 0 0
 441.699601344 347.4449357657 0 0
 443.851829561753 446.116213207861 0 0
 446.003943399304 536.00123212935 0 0
 448.155948813891 581.149397360454 0 0
 450.307851762752 589.786220195908 0 0
 452.459658203125 534.770332536775 0 0
 454.611374092248 440.890314801937 0 0
 456.763005387359 370.71981879218 0 0
 458.914558045696 309.116975922413 0 0
 461.066038024497 257.019950526092 0 0
 463.217451281 237.711752602584 0 0
 465.368803772443 207.727963746115 0 0
 467.520101456064 167.147344691018 0 0
 469.671350289101 151.449496779735 0 0
 471.822556228792 126.049597439452 0 0
 473.973725232375 98.4598387676632 0 0
 476.124863257088 101.575634263208 0 0
 478.275976260169 92.8744250651241 0 0
 480.427070198856 79.5906793627871 0 0
 482.578151030387 91.744413694092 0 0
 484.729224712 87.6199826314353 0 0
 486.880297200933 78.6481600430774 0 0
 489.031374454424 95.1246163050472 0 0
 491.182462429711 94.2330893628593 0 0
 493.333567084032 89.9919203495554 0 0
 495.484694374625 109.2993374854 0 0
 497.635850258728 109.23898359155 0 0
 499.787040693579 106.493374267364 0 0
 501.938271636416 125.550732600027 0 0
 504.089549044477 -NAN 0 0
 506.240878875 -NAN 0 0
 508.392267085223 -NAN 0 0
 510.543719632384 -NAN 0 0
 512.695242473721 -NAN 0 0
 514.846841566472 -NAN 0 0
 516.998522867875 -NAN 0 0
 519.150292335168 -NAN 0 0
 521.302155925589 -NAN 0 0
 523.454119596376 -NAN 0 0
 525.606189304767 -NAN 0 0
 527.758371008 -NAN 0 0
 529.910670663313 -NAN 0 0
 532.063094227944 -NAN 0 0
 534.215647659131 -NAN 0 0
 536.368336914112 -NAN 0 0
 538.521167950125 -NAN 0 0
 540.674146724408 -NAN 0 0
 542.827279194199 -NAN 0 0
 544.980571316736 -NAN 0 0
 547.134029049257 -NAN 0 0
 549.287658349 -NAN 0 0
 551.441465173203 -NAN 0 0
 553.595455479104 -NAN 0 0
 555.749635223941 -NAN 0 0
 557.904010364952 -NAN 0 0
 560.058586859375 -NAN 0 0
 562.213370664448 -NAN 0 0
 564.368367737409 -NAN 0 0
 566.523584035496 -NAN 0 0
 568.679025515947 -NAN 0 0
 570.834698136 -NAN 0 0
 572.990607852893 -NAN 0 0
 575.146760623864 -NAN 0 0
 577.303162406151 -NAN 0 0
 579.459819156992 -NAN 0 0
 581.616736833625 -NAN 0 0
 583.773921393288 -NAN 0 0
 585.931378793219 -NAN 0 0
 588.089114990656 -NAN 0 0
 590.247135942837 -NAN 0 0
 592.405447607 -NAN 0 0
 594.564055940383 -NAN 0 0
 596.722966900224 -NAN 0 0
 598.882186443761 -NAN 0 0
 601.041720528232 -NAN 0 0
 603.201575110875 -NAN 0 0
 605.361756148928 -NAN 0 0
 607.522269599629 -NAN 0 0
 609.683121420216 -NAN 0 0
 611.844317567927 -NAN 0 0
 614.005864 -NAN 0 0
 616.167766673673 -NAN 0 0
 618.330031546184 -NAN 0 0
 620.492664574771 -NAN 0 0
 622.655671716672 -NAN 0 0
 624.819058929125 -NAN 0 0
 626.982832169368 -NAN 0 0
 629.146997394639 -NAN 0 0
 631.311560562176 -NAN 0 0
 633.476527629217 -NAN 0 0
 635.641904553 -NAN 0 0
 637.807697290763 -NAN 0 0
 639.973911799744 -NAN 0 0
 642.140554037181 -NAN 0 0
 644.307629960312 -NAN 0 0
 646.475145526375 -NAN 0 0
 648.643106692608 -NAN 0 0
 650.811519416249 -NAN 0 0
 652.980389654536 -NAN 0 0
 655.149723364707 -NAN 0 0
 657.319526504 -NAN 0 0
 659.489805029653 -NAN 0 0
 661.660564898904 -NAN 0 0
 663.831812068991 -NAN 0 0
 666.003552497152 -NAN 0 0
 668.175792140625 -NAN 0 0
 670.348536956648 -NAN 0 0
 672.521792902459 -NAN 0 0
 674.695565935296 -NAN 0 0
 676.869862012397 -NAN 0 0
 679.044687091 -NAN 0 0
 681.220047128343 -NAN 0 0
 683.395948081664 -NAN 0 0
 685.572395908201 -NAN 0 0
 687.749396565192 -NAN 0 0
 689.926956009875 -NAN 0 0
 692.105080199488 -NAN 0 0
 694.283775091269 -NAN 0 0
 696.463046642456 -NAN 0 0
 698.642900810287 -NAN 0 0
 700.823343552 -NAN 0 0
 703.004380824833 -NAN 0 0
 705.186018586024 -NAN 0 0
 707.368262792811 -NAN 0 0
 709.551119402432 -NAN 0 0
 711.734594372125 -NAN 0 0
 713.918693659128 -NAN 0 0
 716.103423220679 -NAN 0 0
 718.288789014016 -NAN 0 0
 720.474796996377 -NAN 0 0
 722.661453125 -NAN 0 0
 724.848763357123 -NAN 0 0
 727.036733649984 -NAN 0 0
 729.225369960821 -NAN 0 0
 731.414678246872 -NAN 0 0
 733.604664465375 -NAN 0 0
 735.795334573568 -NAN 0 0
[END] of [DATA]
[END] of Spectrum


[Spectrum]
Version            = 1
IDData             = 12ad_2026-06-08_11-09-55_000_829
IDDevice           = SAM_82E6
IDDataType         = SPECTRUM
IDDataTypeSub1     = CALIBRATED
IDDataTypeSub2     = 
IDDataTypeSub3     = 
DateTime           = 2026-06-08 11:09:55
PositionLatitude   = 0
PositionLongitude  = 0
Comment            = 20260608_FrameB
CommentSub1        = con
CommentSub2        = right
CommentSub3        = 50cm
IDMethodType       = SAM Control
MethodName         = SAM_82E6
Mission            = No Mission
MissionSub         = 1
RecordType         = 0
[Attributes]
CalFactor = 1
IDBasisSpec = 
IDDataBack = DLAB_2024-11-11_10-40-48_641_639
IDDataCal = DLAB_2024-11-12_11-45-27_171_455
IntegrationTime = 128
P31 = -1
P31e = 0
PathLength = +INF
PathLengthCustomOn = 0
RAWDynamic = 65535
Salinity = 0
Temperature = -NAN
Unit1 = $01 $01 Wavelength nm
Unit2 = $03 $06 Intensity mW/(m^2 nm)
Unit3 = $f0 $06 Error mW/(m^2 nm)
Unit4 = $f1 $00 Status 
p999 = 7063
[END] of [Attributes]
[DATA]
 0 6 0 0
 185.260577530984 -NAN 0 0
 187.468128380571 -NAN 0 0
 189.674861895872 -NAN 0 0
 191.880784034125 -NAN 0 0
 194.085900752568 -NAN 0 0
 196.290218008439 -NAN 0 0
 198.493741758976 -NAN 0 0
 200.696477961417 -NAN 0 0
 202.898432573 -NAN 0 0
 205.099611550963 -NAN 0 0
 207.300020852544 -NAN 0 0
 209.499666434981 -NAN 0 0
 211.698554255512 -NAN 0 0
 213.896690271375 -NAN 0 0
 216.094080439808 -NAN 0 0
 218.290730718049 -NAN 0 0
 220.486647063336 -NAN 0 0
 222.681835432907 -NAN 0 0
 224.876301784 -NAN 0 0
 227.070052073853 -NAN 0 0
 229.263092259704 -NAN 0 0
 231.455428298791 -NAN 0 0
 233.647066148352 -NAN 0 0
 235.838011765625 -NAN 0 0
 238.028271107848 -NAN 0 0
 240.217850132259 -NAN 0 0
 242.406754796096 -NAN 0 0
 244.594991056597 -NAN 0 0
 246.782564871 -NAN 0 0
 248.969482196543 -NAN 0 0
 251.155748990464 -NAN 0 0
 253.341371210001 -NAN 0 0
 255.526354812392 -NAN 0 0
 257.710705754875 -NAN 0 0
 259.894429994688 -NAN 0 0
 262.077533489069 -NAN 0 0
 264.260022195256 -NAN 0 0
 266.441902070487 -NAN 0 0
 268.623179072 -NAN 0 0
 270.803859157033 -NAN 0 0
 272.983948282824 -NAN 0 0
 275.163452406611 -NAN 0 0
 277.342377485632 -NAN 0 0
 279.520729477125 -7.84011801934979 0 0
 281.698514338328 1.72883814080265 0 0
 283.875738026479 8.42404000928368 0 0
 286.052406498816 -9.27491340680115 0 0
 288.228525712577 2.7546523329692 0 0
 290.404101625 8.66822068923149 0 0
 292.579140193323 -9.16727744024906 0 0
 294.753647374784 3.47959789321802 0 0
 296.927629126621 7.56797558133368 0 0
 299.101091406072 -7.60018039127983 0 0
 301.274040170375 4.00024365043839 0 0
 303.446481376768 6.56437571741091 0 0
 305.618420982489 -6.61803870859558 0 0
 307.789864944776 4.57579766093255 0 0
 309.960819220867 6.49278100146234 0 0
 312.131289768 -5.9979186613367 0 0
 314.301282543413 8.48382932915576 0 0
 316.470803504344 15.5517408367697 0 0
 318.639858608031 10.4273667566667 0 0
 320.808453811712 34.3855538899557 0 0
 322.976595072625 42.851538812329 0 0
 325.144288348008 30.6547821031706 0 0
 327.311539595099 48.3001982001275 0 0
 329.478354771136 46.669471416074 0 0
 331.644739833357 28.8181086045872 0 0
 333.810700739 44.1614699510544 0 0
 335.976243445303 39.1224398893233 0 0
 338.141373909504 21.1755476605172 0 0
 340.306098088841 35.1956364444788 0 0
 342.470421940552 29.7494725688665 0 0
 344.634351421875 14.9166287503269 0 0
 346.797892490048 28.1329246027809 0 0
 348.961051102309 22.5781008723823 0 0
 351.123833215896 10.3454920362035 0 0
 353.286244788047 22.6887913959771 0 0
 355.448291776 17.2730781460533 0 0
 357.609980136993 6.73532408305816 0 0
 359.771315828264 20.9035063752757 0 0
 361.932304807051 22.9001430328726 0 0
 364.092953030592 22.6301258478189 0 0
 366.253266456125 36.6336385103246 0 0
 368.413251040888 18.8755259195121 0 0
 370.572912742119 1.88387144753798 0 0
 372.732257517056 16.1625594461693 0 0
 374.891291322937 7.09330289662403 0 0
 377.050020117 -2.60937165062575 0 0
 379.208449856483 15.0938899784696 0 0
 381.366586498624 4.83095664234145 0 0
 383.524436000661 -3.82478942994426 0 0
 385.682004319832 14.6551227448429 0 0
 387.839297413375 3.1042829961813 0 0
 389.996321238528 -3.85131386144103 0 0
 392.153081752529 14.0900060281995 0 0
 394.309584912616 2.15845531688041 0 0
 396.465836676027 -3.4165144415079 0 0
 398.621843 15.1983685827608 0 0
 400.777609841773 10.4020337094192 0 0
 402.933143158584 19.6268523820469 0 0
 405.088448907671 40.0067472837321 0 0
 407.243533046272 19.7329966941778 0 0
 409.398401531625 5.99462270386983 0 0
 411.553060320968 16.2786564200131 0 0
 413.707515371539 5.17432313610098 0 0
 415.861772640576 5.326936076623 0 0
 418.015838085317 20.8360967935949 0 0
 420.169717663 15.1522958036055 0 0
 422.323417330863 20.5171122335471 0 0
 424.476943046144 40.2108419798101 0 0
 426.630300766081 42.8901890211426 0 0
 428.783496447912 60.8426072503934 0 0
 430.936536048875 102.207052586603 0 0
 433.089425526208 160.390481372067 0 0
 435.242170837149 230.358283443215 0 0
 437.394777938936 278.155686218706 0 0
 439.547252788807 289.618472340344 0 0
 441.699601344 352.433348331809 0 0
 443.851829561753 450.985272701584 0 0
 446.003943399304 529.705152087196 0 0
 448.155948813891 586.316508208867 0 0
 450.307851762752 594.334064974256 0 0
 452.459658203125 527.803556568069 0 0
 454.611374092248 446.490486070932 0 0
 456.763005387359 374.711717443585 0 0
 458.914558045696 301.485032568683 0 0
 461.066038024497 263.3319590254 0 0
 463.217451281 241.472684313778 0 0
 465.368803772443 199.561224983408 0 0
 467.520101456064 174.167888302915 0 0
 469.671350289101 154.375491556217 0 0
 471.822556228792 117.297333001094 0 0
 473.973725232375 106.014438804727 0 0
 476.124863257088 103.711284775475 0 0
 478.275976260169 84.1767029978732 0 0
 480.427070198856 87.5536296728309 0 0
 482.578151030387 93.4956489484185 0 0
 484.729224712 78.8524157198328 0 0
 486.880297200933 86.9873543890168 0 0
 489.031374454424 95.8328991177257 0 0
 491.182462429711 85.692451212513 0 0
 493.333567084032 98.5723664384656 0 0
 495.484694374625 109.302657979127 0 0
 497.635850258728 100.849220712821 0 0
 499.787040693579 115.283147415804 0 0
 501.938271636416 124.934054420655 0 0
 504.089549044477 -NAN 0 0
 506.240878875 -NAN 0 0
 508.392267085223 -NAN 0 0
 510.543719632384 -NAN 0 0
 512.695242473721 -NAN 0 0
 514.846841566472 -NAN 0 0
 516.998522867875 -NAN 0 0
 519.150292335168 -NAN 0 0
 521.302155925589 -NAN 0 0
 523.454119596376 -NAN 0 0
 525.606189304767 -NAN 0 0
 527.758371008 -NAN 0 0
 529.910670663313 -NAN 0 0
 532.063094227944 -NAN 0 0
 534.215647659131 -NAN 0 0
 536.368336914112 -NAN 0 0
 538.521167950125 -NAN 0 0
 540.674146724408 -NAN 0 0
 542.827279194199 -NAN 0 0
 544.980571316736 -NAN 0 0
 547.134029049257 -NAN 0 0
 549.287658349 -NAN 0 0
 551.441465173203 -NAN 0 0
 553.595455479104 -NAN 0 0
 555.749635223941 -NAN 0 0
 557.904010364952 -NAN 0 0
 560.058586859375 -NAN 0 0
 562.213370664448 -NAN 0 0
 564.368367737409 -NAN 0 0
 566.523584035496 -NAN 0 0
 568.679025515947 -NAN 0 0
 570.834698136 -NAN 0 0
 572.990607852893 -NAN 0 0
 575.146760623864 -NAN 0 0
 577.303162406151 -NAN 0 0
 579.459819156992 -NAN 0 0
 581.616736833625 -NAN 0 0
 583.773921393288 -NAN 0 0
 585.931378793219 -NAN 0 0
 588.089114990656 -NAN 0 0
 590.247135942837 -NAN 0 0
 592.405447607 -NAN 0 0
 594.564055940383 -NAN 0 0
 596.722966900224 -NAN 0 0
 598.882186443761 -NAN 0 0
 601.041720528232 -NAN 0 0
 603.201575110875 -NAN 0 0
 605.361756148928 -NAN 0 0
 607.522269599629 -NAN 0 0
 609.683121420216 -NAN 0 0
 611.844317567927 -NAN 0 0
 614.005864 -NAN 0 0
 616.167766673673 -NAN 0 0
 618.330031546184 -NAN 0 0
 620.492664574771 -NAN 0 0
 622.655671716672 -NAN 0 0
 624.819058929125 -NAN 0 0
 626.982832169368 -NAN 0 0
 629.146997394639 -NAN 0 0
 631.311560562176 -NAN 0 0
 633.476527629217 -NAN 0 0
 635.641904553 -NAN 0 0
 637.807697290763 -NAN 0 0
 639.973911799744 -NAN 0 0
 642.140554037181 -NAN 0 0
 644.307629960312 -NAN 0 0
 646.475145526375 -NAN 0 0
 648.643106692608 -NAN 0 0
 650.811519416249 -NAN 0 0
 652.980389654536 -NAN 0 0
 655.149723364707 -NAN 0 0
 657.319526504 -NAN 0 0
 659.489805029653 -NAN 0 0
 661.660564898904 -NAN 0 0
 663.831812068991 -NAN 0 0
 666.003552497152 -NAN 0 0
 668.175792140625 -NAN 0 0
 670.348536956648 -NAN 0 0
 672.521792902459 -NAN 0 0
 674.695565935296 -NAN 0 0
 676.869862012397 -NAN 0 0
 679.044687091 -NAN 0 0
 681.220047128343 -NAN 0 0
 683.395948081664 -NAN 0 0
 685.572395908201 -NAN 0 0
 687.749396565192 -NAN 0 0
 689.926956009875 -NAN 0 0
 692.105080199488 -NAN 0 0
 694.283775091269 -NAN 0 0
 696.463046642456 -NAN 0 0
 698.642900810287 -NAN 0 0
 700.823343552 -NAN 0 0
 703.004380824833 -NAN 0 0
 705.186018586024 -NAN 0 0
 707.368262792811 -NAN 0 0
 709.551119402432 -NAN 0 0
 711.734594372125 -NAN 0 0
 713.918693659128 -NAN 0 0
 716.103423220679 -NAN 0 0
 718.288789014016 -NAN 0 0
 720.474796996377 -NAN 0 0
 722.661453125 -NAN 0 0
 724.848763357123 -NAN 0 0
 727.036733649984 -NAN 0 0
 729.225369960821 -NAN 0 0
 731.414678246872 -NAN 0 0
 733.604664465375 -NAN 0 0
 735.795334573568 -NAN 0 0
[END] of [DATA]
[END] of Spectrum


[Spectrum]
Version            = 1
IDData             = 12ad_2026-06-08_11-10-00_000_832
IDDevice           = SAM_82E6
IDDataType         = SPECTRUM
IDDataTypeSub1     = CALIBRATED
IDDataTypeSub2     = 
IDDataTypeSub3     = 
DateTime           = 2026-06-08 11:10:00
PositionLatitude   = 0
PositionLongitude  = 0
Comment            = 20260608_FrameB
CommentSub1        = con
CommentSub2        = right
CommentSub3        = 50cm
IDMethodType       = SAM Control
MethodName         = SAM_82E6
Mission            = No Mission
MissionSub         = 1
RecordType         = 0
[Attributes]
CalFactor = 1
IDBasisSpec = 
IDDataBack = DLAB_2024-11-11_10-40-48_641_639
IDDataCal = DLAB_2024-11-12_11-45-27_171_455
IntegrationTime = 128
P31 = -1
P31e = 0
PathLength = +INF
PathLengthCustomOn = 0
RAWDynamic = 65535
Salinity = 0
Temperature = -NAN
Unit1 = $01 $01 Wavelength nm
Unit2 = $03 $06 Intensity mW/(m^2 nm)
Unit3 = $f0 $06 Error mW/(m^2 nm)
Unit4 = $f1 $00 Status 
p999 = 7064
[END] of [Attributes]
[DATA]
 0 6 0 0
 185.260577530984 -NAN 0 0
 187.468128380571 -NAN 0 0
 189.674861895872 -NAN 0 0
 191.880784034125 -NAN 0 0
 194.085900752568 -NAN 0 0
 196.290218008439 -NAN 0 0
 198.493741758976 -NAN 0 0
 200.696477961417 -NAN 0 0
 202.898432573 -NAN 0 0
 205.099611550963 -NAN 0 0
 207.300020852544 -NAN 0 0
 209.499666434981 -NAN 0 0
 211.698554255512 -NAN 0 0
 213.896690271375 -NAN 0 0
 216.094080439808 -NAN 0 0
 218.290730718049 -NAN 0 0
 220.486647063336 -NAN 0 0
 222.681835432907 -NAN 0 0
 224.876301784 -NAN 0 0
 227.070052073853 -NAN 0 0
 229.263092259704 -NAN 0 0
 231.455428298791 -NAN 0 0
 233.647066148352 -NAN 0 0
 235.838011765625 -NAN 0 0
 238.028271107848 -NAN 0 0
 240.217850132259 -NAN 0 0
 242.406754796096 -NAN 0 0
 244.594991056597 -NAN 0 0
 246.782564871 -NAN 0 0
 248.969482196543 -NAN 0 0
 251.155748990464 -NAN 0 0
 253.341371210001 -NAN 0 0
 255.526354812392 -NAN 0 0
 257.710705754875 -NAN 0 0
 259.894429994688 -NAN 0 0
 262.077533489069 -NAN 0 0
 264.260022195256 -NAN 0 0
 266.441902070487 -NAN 0 0
 268.623179072 -NAN 0 0
 270.803859157033 -NAN 0 0
 272.983948282824 -NAN 0 0
 275.163452406611 -NAN 0 0
 277.342377485632 -NAN 0 0
 279.520729477125 9.48850680162215 0 0
 281.698514338328 -3.80032920089512 0 0
 283.875738026479 -5.35140707021984 0 0
 286.052406498816 11.1631021111035 0 0
 288.228525712577 -4.7484003811809 0 0
 290.404101625 -5.04550266462819 0 0
 292.579140193323 10.903502987042 0 0
 294.753647374784 -4.89574660688841 0 0
 296.927629126621 -3.76616356968235 0 0
 299.101091406072 9.30442345743253 0 0
 301.274040170375 -4.12337688359479 0 0
 303.446481376768 -2.69410168319497 0 0
 305.618420982489 8.48202295991115 0 0
 307.789864944776 -3.94655842010306 0 0
 309.960819220867 -1.79296101103277 0 0
 312.131289768 9.35613684686567 0 0
 314.301282543413 -1.60348403288235 0 0
 316.470803504344 7.24011337975231 0 0
 318.639858608031 28.3513178537455 0 0
 320.808453811712 22.3829948451927 0 0
 322.976595072625 35.2340340442704 0 0
 325.144288348008 51.3415097503627 0 0
 327.311539595099 34.1577651412177 0 0
 329.478354771136 39.8168431873122 0 0
 331.644739833357 48.8058409847479 0 0
 333.810700739 28.6828513411927 0 0
 335.976243445303 33.2365612422175 0 0
 338.141373909504 39.6561194270734 0 0
 340.306098088841 19.6343535279813 0 0
 342.470421940552 25.1781862080466 0 0
 344.634351421875 30.6950821517985 0 0
 346.797892490048 13.3702214656291 0 0
 348.961051102309 19.3525137152556 0 0
 351.123833215896 23.6250993439463 0 0
 353.286244788047 8.3617630049842 0 0
 355.448291776 15.0087934078625 0 0
 357.609980136993 18.8024393454804 0 0
 359.771315828264 5.82249729967077 0 0
 361.932304807051 21.537464510989 0 0
 364.092953030592 35.2514160729129 0 0
 366.253266456125 20.1124755419094 0 0
 368.413251040888 18.4403100854532 0 0
 370.572912742119 14.7037929639658 0 0
 372.732257517056 -3.65423254165021 0 0
 374.891291322937 7.55445521107202 0 0
 377.050020117 10.3531791438757 0 0
 379.208449856483 -6.79480467041289 0 0
 381.366586498624 6.61308463165249 0 0
 383.524436000661 8.737480046257 0 0
 385.682004319832 -8.07839510122671 0 0
 387.839297413375 6.24264647937981 0 0
 389.996321238528 7.88171972396442 0 0
 392.153081752529 -8.26325016219784 0 0
 394.309584912616 6.33254746653204 0 0
 396.465836676027 6.97594531691967 0 0
 398.621843 -6.15196272844869 0 0
 400.777609841773 15.9746868885685 0 0
 402.933143158584 29.9846299793698 0 0
 405.088448907671 21.3453712442053 0 0
 407.243533046272 26.5129358343645 0 0
 409.398401531625 14.1013788723411 0 0
 411.553060320968 -1.330078950723 0 0
 413.707515371539 11.5138245360981 0 0
 415.861772640576 11.739417733366 0 0
 418.015838085317 5.28431216020547 0 0
 420.169717663 21.5048417982838 0 0
 422.323417330863 25.8081927631148 0 0
 424.476943046144 26.4870223650462 0 0
 426.630300766081 49.6187501972784 0 0
 428.783496447912 65.1678786144796 0 0
 430.936536048875 90.1640169015503 0 0
 433.089425526208 169.659689883913 0 0
 435.242170837149 237.796578336877 0 0
 437.394777938936 269.739823486577 0 0
 439.547252788807 298.616465652223 0 0
 441.699601344 355.866632116393 0 0
 443.851829561753 438.993006006283 0 0
 446.003943399304 538.360871857067 0 0
 448.155948813891 588.623238455171 0 0
 450.307851762752 581.608576640472 0 0
 452.459658203125 538.025385156643 0 0
 454.611374092248 448.733787823957 0 0
 456.763005387359 361.79686607175 0 0
 458.914558045696 313.145029195024 0 0
 461.066038024497 264.781836038236 0 0
 463.217451281 228.068977124338 0 0
 465.368803772443 212.368132235305 0 0
 467.520101456064 174.650918839752 0 0
 469.671350289101 141.048846460667 0 0
 471.822556228792 131.169568293614 0 0
 473.973725232375 105.638966043812 0 0
 476.124863257088 90.679277424575 0 0
 478.275976260169 98.7395812004187 0 0
 480.427070198856 86.1913848512917 0 0
 482.578151030387 80.6990191263322 0 0
 484.729224712 94.061825292809 0 0
 486.880297200933 84.4917484083608 0 0
 489.031374454424 83.7898534418032 0 0
 491.182462429711 101.133058303992 0 0
 493.333567084032 94.785925910584 0 0
 495.484694374625 97.7882925664335 0 0
 497.635850258728 116.451524609565 0 0
 499.787040693579 110.802917960675 0 0
 501.938271636416 114.202993117828 0 0
 504.089549044477 -NAN 0 0
 506.240878875 -NAN 0 0
 508.392267085223 -NAN 0 0
 510.543719632384 -NAN 0 0
 512.695242473721 -NAN 0 0
 514.846841566472 -NAN 0 0
 516.998522867875 -NAN 0 0
 519.150292335168 -NAN 0 0
 521.302155925589 -NAN 0 0
 523.454119596376 -NAN 0 0
 525.606189304767 -NAN 0 0
 527.758371008 -NAN 0 0
 529.910670663313 -NAN 0 0
 532.063094227944 -NAN 0 0
 534.215647659131 -NAN 0 0
 536.368336914112 -NAN 0 0
 538.521167950125 -NAN 0 0
 540.674146724408 -NAN 0 0
 542.827279194199 -NAN 0 0
 544.980571316736 -NAN 0 0
 547.134029049257 -NAN 0 0
 549.287658349 -NAN 0 0
 551.441465173203 -NAN 0 0
 553.595455479104 -NAN 0 0
 555.749635223941 -NAN 0 0
 557.904010364952 -NAN 0 0
 560.058586859375 -NAN 0 0
 562.213370664448 -NAN 0 0
 564.368367737409 -NAN 0 0
 566.523584035496 -NAN 0 0
 568.679025515947 -NAN 0 0
 570.834698136 -NAN 0 0
 572.990607852893 -NAN 0 0
 575.146760623864 -NAN 0 0
 577.303162406151 -NAN 0 0
 579.459819156992 -NAN 0 0
 581.616736833625 -NAN 0 0
 583.773921393288 -NAN 0 0
 585.931378793219 -NAN 0 0
 588.089114990656 -NAN 0 0
 590.247135942837 -NAN 0 0
 592.405447607 -NAN 0 0
 594.564055940383 -NAN 0 0
 596.722966900224 -NAN 0 0
 598.882186443761 -NAN 0 0
 601.041720528232 -NAN 0 0
 603.201575110875 -NAN 0 0
 605.361756148928 -NAN 0 0
 607.522269599629 -NAN 0 0
 609.683121420216 -NAN 0 0
 611.844317567927 -NAN 0 0
 614.005864 -NAN 0 0
 616.167766673673 -NAN 0 0
 618.330031546184 -NAN 0 0
 620.492664574771 -NAN 0 0
 622.655671716672 -NAN 0 0
 624.819058929125 -NAN 0 0
 626.982832169368 -NAN 0 0
 629.146997394639 -NAN 0 0
 631.311560562176 -NAN 0 0
 633.476527629217 -NAN 0 0
 635.641904553 -NAN 0 0
 637.807697290763 -NAN 0 0
 639.973911799744 -NAN 0 0
 642.140554037181 -NAN 0 0
 644.307629960312 -NAN 0 0
 646.475145526375 -NAN 0 0
 648.643106692608 -NAN 0 0
 650.811519416249 -NAN 0 0
 652.980389654536 -NAN 0 0
 655.149723364707 -NAN 0 0
 657.319526504 -NAN 0 0
 659.489805029653 -NAN 0 0
 661.660564898904 -NAN 0 0
 663.831812068991 -NAN 0 0
 666.003552497152 -NAN 0 0
 668.175792140625 -NAN 0 0
 670.348536956648 -NAN 0 0
 672.521792902459 -NAN 0 0
 674.695565935296 -NAN 0 0
 676.869862012397 -NAN 0 0
 679.044687091 -NAN 0 0
 681.220047128343 -NAN 0 0
 683.395948081664 -NAN 0 0
 685.572395908201 -NAN 0 0
 687.749396565192 -NAN 0 0
 689.926956009875 -NAN 0 0
 692.105080199488 -NAN 0 0
 694.283775091269 -NAN 0 0
 696.463046642456 -NAN 0 0
 698.642900810287 -NAN 0 0
 700.823343552 -NAN 0 0
 703.004380824833 -NAN 0 0
 705.186018586024 -NAN 0 0
 707.368262792811 -NAN 0 0
 709.551119402432 -NAN 0 0
 711.734594372125 -NAN 0 0
 713.918693659128 -NAN 0 0
 716.103423220679 -NAN 0 0
 718.288789014016 -NAN 0 0
 720.474796996377 -NAN 0 0
 722.661453125 -NAN 0 0
 724.848763357123 -NAN 0 0
 727.036733649984 -NAN 0 0
 729.225369960821 -NAN 0 0
 731.414678246872 -NAN 0 0
 733.604664465375 -NAN 0 0
 735.795334573568 -NAN 0 0
[END] of [DATA]
[END] of Spectrum


[Spectrum]
Version            = 1
IDData             = 12ad_2026-06-08_11-10-05_000_835
IDDevice           = SAM_82E6
IDDataType         = SPECTRUM
IDDataTypeSub1     = CALIBRATED
IDDataTypeSub2     = 
IDDataTypeSub3     = 
DateTime           = 2026-06-08 11:10:05
PositionLatitude   = 0
PositionLongitude  = 0
Comment            = 20260608_FrameB
CommentSub1        = con
CommentSub2        = right
CommentSub3        = 50cm
IDMethodType       = SAM Control
MethodName         = SAM_82E6
Mission            = No Mission
MissionSub         = 1
RecordType         = 0
[Attributes]
CalFactor = 1
IDBasisSpec = 
IDDataBack = DLAB_2024-11-11_10-40-48_641_639
IDDataCal = DLAB_2024-11-12_11-45-27_171_455
IntegrationTime = 128
P31 = -1
P31e = 0
PathLength = +INF
PathLengthCustomOn = 0
RAWDynamic = 65535
Salinity = 0
Temperature = -NAN
Unit1 = $01 $01 Wavelength nm
Unit2 = $03 $06 Intensity mW/(m^2 nm)
Unit3 = $f0 $06 Error mW/(m^2 nm)
Unit4 = $f1 $00 Status 
p999 = 7065
[END] of [Attributes]
[DATA]
 0 6 0 0
 185.260577530984 -NAN 0 0
 187.468128380571 -NAN 0 0
 189.674861895872 -NAN 0 0
 191.880784034125 -NAN 0 0
 194.085900752568 -NAN 0 0
 196.290218008439 -NAN 0 0
 198.493741758976 -NAN 0 0
 200.696477961417 -NAN 0 0
 202.898432573 -NAN 0 0
 205.099611550963 -NAN 0 0
 207.300020852544 -NAN 0 0
 209.499666434981 -NAN 0 0
 211.698554255512 -NAN 0 0
 213.896690271375 -NAN 0 0
 216.094080439808 -NAN 0 0
 218.290730718049 -NAN 0 0
 220.486647063336 -NAN 0 0
 222.681835432907 -NAN 0 0
 224.876301784 -NAN 0 0
 227.070052073853 -NAN 0 0
 229.263092259704 -NAN 0 0
 231.455428298791 -NAN 0 0
 233.647066148352 -NAN 0 0
 235.838011765625 -NAN 0 0
 238.028271107848 -NAN 0 0
 240.217850132259 -NAN 0 0
 242.406754796096 -NAN 0 0
 244.594991056597 -NAN 0 0
 246.782564871 -NAN 0 0
 248.969482196543 -NAN 0 0
 251.155748990464 -NAN 0 0
 253.341371210001 -NAN 0 0
 255.526354812392 -NAN 0 0
 257.710705754875 -NAN 0 0
 259.894429994688 -NAN 0 0
 262.077533489069 -NAN 0 0
 264.260022195256 -NAN 0 0
 266.441902070487 -NAN 0 0
 268.623179072 -NAN 0 0
 270.803859157033 -NAN 0 0
 272.983948282824 -NAN 0 0
 275.163452406611 -NAN 0 0
 277.342377485632 -NAN 0 0
 279.520729477125 -4.52507674925081 0 0
 281.698514338328 -3.78071758819107 0 0
 283.875738026479 10.6326303970175 0 0
 286.052406498816 -5.98496930197968 0 0
 288.228525712577 -3.74694270556683 0 0
 290.404101625 10.9162767071582 0 0
 292.579140193323 -6.10006638541478 0 0
 294.753647374784 -2.63321278458478 0 0
 296.927629126621 9.39372802887048 0 0
 299.101091406072 -5.26440150206754 0 0
 301.274040170375 -1.47429451261953 0 0
 303.446481376768 8.3315358488466 0 0
 305.618420982489 -4.93607186509836 0 0
 307.789864944776 -0.678924839302124 0 0
 309.960819220867 8.28026206167715 0 0
 312.131289768 -4.64311596204204 0 0
 314.301282543413 2.99772622343866 0 0
 316.470803504344 18.0783387466788 0 0
 318.639858608031 12.7635395257972 0 0
 320.808453811712 29.8784378951051 0 0
 322.976595072625 48.0123736838032 0 0
 325.144288348008 34.2120503649252 0 0
 327.311539595099 44.2863097669052 0 0
 329.478354771136 52.4228827442377 0 0
 331.644739833357 31.7997612979909 0 0
 333.810700739 39.6556924767866 0 0
 335.976243445303 44.4050486825024 0 0
 338.141373909504 22.8917311622067 0 0
 340.306098088841 30.8197466823516 0 0
 342.470421940552 34.0130384212956 0 0
 344.634351421875 15.7742764127006 0 0
 346.797892490048 23.9122483274181 0 0
 348.961051102309 26.114797009526 0 0
 351.123833215896 10.1014598021069 0 0
 353.286244788047 18.7414709929484 0 0
 355.448291776 20.3882176243434 0 0
 357.609980136993 6.23203681947324 0 0
 359.771315828264 16.6419731067822 0 0
 361.932304807051 26.4358600678967 0 0
 364.092953030592 22.3839999627603 0 0
 366.253266456125 32.9526668784277 0 0
 368.413251040888 22.8445973420995 0 0
 370.572912742119 0.0727294051465788 0 0
 372.732257517056 10.7123220078762 0 0
 374.891291322937 10.7932771513205 0 0
 377.050020117 -5.51722065294661 0 0
 379.208449856483 9.14625541176989 0 0
 381.366586498624 9.1272842295782 0 0
 383.524436000661 -7.07656820147367 0 0
 385.682004319832 8.91733816178306 0 0
 387.839297413375 7.71760647306362 0 0
 389.996321238528 -7.39383878690404 0 0
 392.153081752529 8.74209806632781 0 0
 394.309584912616 6.54936571278967 0 0
 396.465836676027 -6.92318087853319 0 0
 398.621843 10.5862405833969 0 0
 400.777609841773 15.7132858876329 0 0
 402.933143158584 18.3924861297781 0 0
 405.088448907671 38.4564440408987 0 0
 407.243533046272 25.6753929757993 0 0
 409.398401531625 3.51733551853627 0 0
 411.553060320968 13.4374348531471 0 0
 413.707515371539 9.25782328500325 0 0
 415.861772640576 2.49576878141289 0 0
 418.015838085317 18.5693364519859 0 0
 420.169717663 18.7093431513331 0 0
 422.323417330863 18.0762019217583 0 0
 424.476943046144 38.6113126514481 0 0
 426.630300766081 46.2600803401463 0 0
 428.783496447912 58.6256001002187 0 0
 430.936536048875 102.086745832582 0 0
 433.089425526208 168.025090182156 0 0
 435.242170837149 235.665071677223 0 0
 437.394777938936 284.009782395942 0 0
 439.547252788807 295.527626420037 0 0
 441.699601344 350.848629362052 0 0
 443.851829561753 450.727464497344 0 0
 446.003943399304 533.076065983933 0 0
 448.155948813891 583.645649757081 0 0
 450.307851762752 594.267330785559 0 0
 452.459658203125 531.353175702769 0 0
 454.611374092248 443.69848355 0 0
 456.763005387359 374.903063038028 0 0
 458.914558045696 305.201700157187 0 0
 461.066038024497 260.138765379422 0 0
 463.217451281 242.162344257505 0 0
 465.368803772443 203.321070333384 0 0
 467.520101456064 170.502853941372 0 0
 469.671350289101 155.464485542581 0 0
 471.822556228792 121.289248790888 0 0
 473.973725232375 102.068120989127 0 0
 476.124863257088 104.96455402373 0 0
 478.275976260169 88.0149465164991 0 0
 480.427070198856 83.3209801864459 0 0
 482.578151030387 94.8796717115573 0 0
 484.729224712 82.5919031495615 0 0
 486.880297200933 82.495039902995 0 0
 489.031374454424 97.6231874278137 0 0
 491.182462429711 89.1078129836336 0 0
 493.333567084032 93.8206674755139 0 0
 495.484694374625 111.173202778459 0 0
 497.635850258728 104.105506344319 0 0
 499.787040693579 110.369136948154 0 0
 501.938271636416 126.927227174926 0 0
 504.089549044477 -NAN 0 0
 506.240878875 -NAN 0 0
 508.392267085223 -NAN 0 0
 510.543719632384 -NAN 0 0
 512.695242473721 -NAN 0 0
 514.846841566472 -NAN 0 0
 516.998522867875 -NAN 0 0
 519.150292335168 -NAN 0 0
 521.302155925589 -NAN 0 0
 523.454119596376 -NAN 0 0
 525.606189304767 -NAN 0 0
 527.758371008 -NAN 0 0
 529.910670663313 -NAN 0 0
 532.063094227944 -NAN 0 0
 534.215647659131 -NAN 0 0
 536.368336914112 -NAN 0 0
 538.521167950125 -NAN 0 0
 540.674146724408 -NAN 0 0
 542.827279194199 -NAN 0 0
 544.980571316736 -NAN 0 0
 547.134029049257 -NAN 0 0
 549.287658349 -NAN 0 0
 551.441465173203 -NAN 0 0
 553.595455479104 -NAN 0 0
 555.749635223941 -NAN 0 0
 557.904010364952 -NAN 0 0
 560.058586859375 -NAN 0 0
 562.213370664448 -NAN 0 0
 564.368367737409 -NAN 0 0
 566.523584035496 -NAN 0 0
 568.679025515947 -NAN 0 0
 570.834698136 -NAN 0 0
 572.990607852893 -NAN 0 0
 575.146760623864 -NAN 0 0
 577.303162406151 -NAN 0 0
 579.459819156992 -NAN 0 0
 581.616736833625 -NAN 0 0
 583.773921393288 -NAN 0 0
 585.931378793219 -NAN 0 0
 588.089114990656 -NAN 0 0
 590.247135942837 -NAN 0 0
 592.405447607 -NAN 0 0
 594.564055940383 -NAN 0 0
 596.722966900224 -NAN 0 0
 598.882186443761 -NAN 0 0
 601.041720528232 -NAN 0 0
 603.201575110875 -NAN 0 0
 605.361756148928 -NAN 0 0
 607.522269599629 -NAN 0 0
 609.683121420216 -NAN 0 0
 611.844317567927 -NAN 0 0
 614.005864 -NAN 0 0
 616.167766673673 -NAN 0 0
 618.330031546184 -NAN 0 0
 620.492664574771 -NAN 0 0
 622.655671716672 -NAN 0 0
 624.819058929125 -NAN 0 0
 626.982832169368 -NAN 0 0
 629.146997394639 -NAN 0 0
 631.311560562176 -NAN 0 0
 633.476527629217 -NAN 0 0
 635.641904553 -NAN 0 0
 637.807697290763 -NAN 0 0
 639.973911799744 -NAN 0 0
 642.140554037181 -NAN 0 0
 644.307629960312 -NAN 0 0
 646.475145526375 -NAN 0 0
 648.643106692608 -NAN 0 0
 650.811519416249 -NAN 0 0
 652.980389654536 -NAN 0 0
 655.149723364707 -NAN 0 0
 657.319526504 -NAN 0 0
 659.489805029653 -NAN 0 0
 661.660564898904 -NAN 0 0
 663.831812068991 -NAN 0 0
 666.003552497152 -NAN 0 0
 668.175792140625 -NAN 0 0
 670.348536956648 -NAN 0 0
 672.521792902459 -NAN 0 0
 674.695565935296 -NAN 0 0
 676.869862012397 -NAN 0 0
 679.044687091 -NAN 0 0
 681.220047128343 -NAN 0 0
 683.395948081664 -NAN 0 0
 685.572395908201 -NAN 0 0
 687.749396565192 -NAN 0 0
 689.926956009875 -NAN 0 0
 692.105080199488 -NAN 0 0
 694.283775091269 -NAN 0 0
 696.463046642456 -NAN 0 0
 698.642900810287 -NAN 0 0
 700.823343552 -NAN 0 0
 703.004380824833 -NAN 0 0
 705.186018586024 -NAN 0 0
 707.368262792811 -NAN 0 0
 709.551119402432 -NAN 0 0
 711.734594372125 -NAN 0 0
 713.918693659128 -NAN 0 0
 716.103423220679 -NAN 0 0
 718.288789014016 -NAN 0 0
 720.474796996377 -NAN 0 0
 722.661453125 -NAN 0 0
 724.848763357123 -NAN 0 0
 727.036733649984 -NAN 0 0
 729.225369960821 -NAN 0 0
 731.414678246872 -NAN 0 0
 733.604664465375 -NAN 0 0
 735.795334573568 -NAN 0 0
[END] of [DATA]
[END] of Spectrum


[Spectrum]
Version            = 1
IDData             = 12ad_2026-06-08_11-10-10_000_838
IDDevice           = SAM_82E6
IDDataType         = SPECTRUM
IDDataTypeSub1     = CALIBRATED
IDDataTypeSub2     = 
IDDataTypeSub3     = 
DateTime           = 2026-06-08 11:10:10
PositionLatitude   = 0
PositionLongitude  = 0
Comment            = 20260608_FrameB
CommentSub1        = con
CommentSub2        = right
CommentSub3        = 50cm
IDMethodType       = SAM Control
MethodName         = SAM_82E6
Mission            = No Mission
MissionSub         = 1
RecordType         = 0
[Attributes]
CalFactor = 1
IDBasisSpec = 
IDDataBack = DLAB_2024-11-11_10-40-48_641_639
IDDataCal = DLAB_2024-11-12_11-45-27_171_455
IntegrationTime = 128
P31 = -1
P31e = 0
PathLength = +INF
PathLengthCustomOn = 0
RAWDynamic = 65535
Salinity = 0
Temperature = -NAN
Unit1 = $01 $01 Wavelength nm
Unit2 = $03 $06 Intensity mW/(m^2 nm)
Unit3 = $f0 $06 Error mW/(m^2 nm)
Unit4 = $f1 $00 Status 
p999 = 7066
[END] of [Attributes]
[DATA]
 0 6 0 0
 185.260577530984 -NAN 0 0
 187.468128380571 -NAN 0 0
 189.674861895872 -NAN 0 0
 191.880784034125 -NAN 0 0
 194.085900752568 -NAN 0 0
 196.290218008439 -NAN 0 0
 198.493741758976 -NAN 0 0
 200.696477961417 -NAN 0 0
 202.898432573 -NAN 0 0
 205.099611550963 -NAN 0 0
 207.300020852544 -NAN 0 0
 209.499666434981 -NAN 0 0
 211.698554255512 -NAN 0 0
 213.896690271375 -NAN 0 0
 216.094080439808 -NAN 0 0
 218.290730718049 -NAN 0 0
 220.486647063336 -NAN 0 0
 222.681835432907 -NAN 0 0
 224.876301784 -NAN 0 0
 227.070052073853 -NAN 0 0
 229.263092259704 -NAN 0 0
 231.455428298791 -NAN 0 0
 233.647066148352 -NAN 0 0
 235.838011765625 -NAN 0 0
 238.028271107848 -NAN 0 0
 240.217850132259 -NAN 0 0
 242.406754796096 -NAN 0 0
 244.594991056597 -NAN 0 0
 246.782564871 -NAN 0 0
 248.969482196543 -NAN 0 0
 251.155748990464 -NAN 0 0
 253.341371210001 -NAN 0 0
 255.526354812392 -NAN 0 0
 257.710705754875 -NAN 0 0
 259.894429994688 -NAN 0 0
 262.077533489069 -NAN 0 0
 264.260022195256 -NAN 0 0
 266.441902070487 -NAN 0 0
 268.623179072 -NAN 0 0
 270.803859157033 -NAN 0 0
 272.983948282824 -NAN 0 0
 275.163452406611 -NAN 0 0
 277.342377485632 -NAN 0 0
 279.520729477125 4.08630957033388 0 0
 281.698514338328 -8.93072708427703 0 0
 283.875738026479 7.05284994119573 0 0
 286.052406498816 4.31606927865065 0 0
 288.228525712577 -9.69981343829428 0 0
 290.404101625 8.30323876135335 0 0
 292.579140193323 4.02765026393463 0 0
 294.753647374784 -8.64063017483926 0 0
 296.927629126621 7.98061087024151 0 0
 299.101091406072 3.31958591578759 0 0
 301.274040170375 -6.44175908999363 0 0
 303.446481376768 7.82366844395315 0 0
 305.618420982489 3.00380102846942 0 0
 307.789864944776 -5.38957619376392 0 0
 309.960819220867 8.28350416759048 0 0
 312.131289768 3.66461520813445 0 0
 314.301282543413 -2.37791062644055 0 0
 316.470803504344 19.4234955642852 0 0
 318.639858608031 22.2381609160208 0 0
 320.808453811712 24.2758238306261 0 0
 322.976595072625 50.7755999841973 0 0
 325.144288348008 45.6764445477958 0 0
 327.311539595099 38.0631701032718 0 0
 329.478354771136 56.1756895645472 0 0
 331.644739833357 43.0764487685252 0 0
 333.810700739 32.9725172808866 0 0
 335.976243445303 48.5959570894192 0 0
 338.141373909504 32.9318259687353 0 0
 340.306098088841 24.1296844498687 0 0
 342.470421940552 38.283151518584 0 0
 344.634351421875 24.4249483620689 0 0
 346.797892490048 17.7624306634594 0 0
 348.961051102309 30.115265269297 0 0
 351.123833215896 17.4593674842947 0 0
 353.286244788047 12.5816884082221 0 0
 355.448291776 24.4574761348307 0 0
 357.609980136993 12.5381191497958 0 0
 359.771315828264 10.4497350889335 0 0
 361.932304807051 30.8071922158567 0 0
 364.092953030592 29.0734305543769 0 0
 366.253266456125 25.9352307946498 0 0
 368.413251040888 27.5834795018105 0 0
 370.572912742119 6.09019232130274 0 0
 372.732257517056 1.9812451350913 0 0
 374.891291322937 15.9519985231483 0 0
 377.050020117 0.545396218590475 0 0
 379.208449856483 -0.598069173625481 0 0
 381.366586498624 14.2955967251456 0 0
 383.524436000661 -1.93028719985304 0 0
 385.682004319832 -1.37056364517565 0 0
 387.839297413375 13.2051377463945 0 0
 389.996321238528 -3.11668240386087 0 0
 392.153081752529 -1.49441387833427 0 0
 394.309584912616 12.0025491516844 0 0
 396.465836676027 -3.70515658697514 0 0
 398.621843 0.893606798772883 0 0
 400.777609841773 21.2651310269067 0 0
 402.933143158584 21.6583607007192 0 0
 405.088448907671 30.3892163105601 0 0
 407.243533046272 31.2388159639707 0 0
 409.398401531625 5.19139499021635 0 0
 411.553060320968 5.00310980585495 0 0
 413.707515371539 13.766643839025 0 0
 415.861772640576 3.16018475444165 0 0
 418.015838085317 10.9286043898321 0 0
 420.169717663 22.884143668759 0 0
 422.323417330863 18.062468367866 0 0
 424.476943046144 31.8554759599037 0 0
 426.630300766081 50.100409868386 0 0
 428.783496447912 58.4005275112086 0 0
 430.936536048875 96.4529288651716 0 0
 433.089425526208 174.089867976045 0 0
 435.242170837149 238.372013205625 0 0
 437.394777938936 281.494375423009 0 0
 439.547252788807 300.858482502608 0 0
 441.699601344 349.904209187647 0 0
 443.851829561753 445.049824726685 0 0
 446.003943399304 537.344464316629 0 0
 448.155948813891 581.942582656254 0 0
 450.307851762752 588.182796040464 0 0
 452.459658203125 536.408048254455 0 0
 454.611374092248 441.390516888453 0 0
 456.763005387359 368.843460463005 0 0
 458.914558045696 310.845565681621 0 0
 461.066038024497 257.280785744142 0 0
 463.217451281 236.126781105406 0 0
 465.368803772443 209.32816743802 0 0
 467.520101456064 167.228742298112 0 0
 469.671350289101 149.329963752598 0 0
 471.822556228792 127.824753858572 0 0
 473.973725232375 98.4047841106375 0 0
 476.124863257088 99.5075185779242 0 0
 478.275976260169 94.9191176170267 0 0
 480.427070198856 79.4347396448677 0 0
 482.578151030387 89.9206288594397 0 0
 484.729224712 89.8775333212297 0 0
 486.880297200933 78.5116903301056 0 0
 489.031374454424 93.256002881393 0 0
 491.182462429711 96.7102876651305 0 0
 493.333567084032 89.7358540980374 0 0
 495.484694374625 107.690004859229 0 0
 497.635850258728 111.790910942919 0 0
 499.787040693579 106.223755993917 0 0
 501.938271636416 123.947154088222 0 0
 504.089549044477 -NAN 0 0
 506.240878875 -NAN 0 0
 508.392267085223 -NAN 0 0
 510.543719632384 -NAN 0 0
 512.695242473721 -NAN 0 0
 514.846841566472 -NAN 0 0
 516.998522867875 -NAN 0 0
 519.150292335168 -NAN 0 0
 521.302155925589 -NAN 0 0
 523.454119596376 -NAN 0 0
 525.606189304767 -NAN 0 0
 527.758371008 -NAN 0 0
 529.910670663313 -NAN 0 0
 532.063094227944 -NAN 0 0
 534.215647659131 -NAN 0 0
 536.368336914112 -NAN 0 0
 538.521167950125 -NAN 0 0
 540.674146724408 -NAN 0 0
 542.827279194199 -NAN 0 0
 544.980571316736 -NAN 0 0
 547.134029049257 -NAN 0 0
 549.287658349 -NAN 0 0
 551.441465173203 -NAN 0 0
 553.595455479104 -NAN 0 0
 555.749635223941 -NAN 0 0
 557.904010364952 -NAN 0 0
 560.058586859375 -NAN 0 0
 562.213370664448 -NAN 0 0
 564.368367737409 -NAN 0 0
 566.523584035496 -NAN 0 0
 568.679025515947 -NAN 0 0
 570.834698136 -NAN 0 0
 572.990607852893 -NAN 0 0
 575.146760623864 -NAN 0 0
 577.303162406151 -NAN 0 0
 579.459819156992 -NAN 0 0
 581.616736833625 -NAN 0 0
 583.773921393288 -NAN 0 0
 585.931378793219 -NAN 0 0
 588.089114990656 -NAN 0 0
 590.247135942837 -NAN 0 0
 592.405447607 -NAN 0 0
 594.564055940383 -NAN 0 0
 596.722966900224 -NAN 0 0
 598.882186443761 -NAN 0 0
 601.041720528232 -NAN 0 0
 603.201575110875 -NAN 0 0
 605.361756148928 -NAN 0 0
 607.522269599629 -NAN 0 0
 609.683121420216 -NAN 0 0
 611.844317567927 -NAN 0 0
 614.005864 -NAN 0 0
 616.167766673673 -NAN 0 0
 618.330031546184 -NAN 0 0
 620.492664574771 -NAN 0 0
 622.655671716672 -NAN 0 0
 624.819058929125 -NAN 0 0
 626.982832169368 -NAN 0 0
 629.146997394639 -NAN 0 0
 631.311560562176 -NAN 0 0
 633.476527629217 -NAN 0 0
 635.641904553 -NAN 0 0
 637.807697290763 -NAN 0 0
 639.973911799744 -NAN 0 0
 642.140554037181 -NAN 0 0
 644.307629960312 -NAN 0 0
 646.475145526375 -NAN 0 0
 648.643106692608 -NAN 0 0
 650.811519416249 -NAN 0 0
 652.980389654536 -NAN 0 0
 655.149723364707 -NAN 0 0
 657.319526504 -NAN 0 0
 659.489805029653 -NAN 0 0
 661.660564898904 -NAN 0 0
 663.831812068991 -NAN 0 0
 666.003552497152 -NAN 0 0
 668.175792140625 -NAN 0 0
 670.348536956648 -NAN 0 0
 672.521792902459 -NAN 0 0
 674.695565935296 -NAN 0 0
 676.869862012397 -NAN 0 0
 679.044687091 -NAN 0 0
 681.220047128343 -NAN 0 0
 683.395948081664 -NAN 0 0
 685.572395908201 -NAN 0 0
 687.749396565192 -NAN 0 0
 689.926956009875 -NAN 0 0
 692.105080199488 -NAN 0 0
 694.283775091269 -NAN 0 0
 696.463046642456 -NAN 0 0
 698.642900810287 -NAN 0 0
 700.823343552 -NAN 0 0
 703.004380824833 -NAN 0 0
 705.186018586024 -NAN 0 0
 707.368262792811 -NAN 0 0
 709.551119402432 -NAN 0 0
 711.734594372125 -NAN 0 0
 713.918693659128 -NAN 0 0
 716.103423220679 -NAN 0 0
 718.288789014016 -NAN 0 0
 720.474796996377 -NAN 0 0
 722.661453125 -NAN 0 0
 724.848763357123 -NAN 0 0
 727.036733649984 -NAN 0 0
 729.225369960821 -NAN 0 0
 731.414678246872 -NAN 0 0
 733.604664465375 -NAN 0 0
 735.795334573568 -NAN 0 0
[END] of [DATA]
[END] of Spectrum


[Spectrum]
Version            = 1
IDData             = 12ad_2026-06-08_11-10-15_000_841
IDDevice           = SAM_82E6
IDDataType         = SPECTRUM
IDDataTypeSub1     = CALIBRATED
IDDataTypeSub2     = 
IDDataTypeSub3     = 
DateTime           = 2026-06-08 11:10:15
PositionLatitude   = 0
PositionLongitude  = 0
Comment            = 20260608_FrameB
CommentSub1        = con
CommentSub2        = right
CommentSub3        = 50cm
IDMethodType       = SAM Control
MethodName         = SAM_82E6
Mission            = No Mission
MissionSub         = 1
RecordType         = 0
[Attributes]
CalFactor = 1
IDBasisSpec = 
IDDataBack = DLAB_2024-11-11_10-40-48_641_639
IDDataCal = DLAB_2024-11-12_11-45-27_171_455
IntegrationTime = 128
P31 = -1
P31e = 0
PathLength = +INF
PathLengthCustomOn = 0
RAWDynamic = 65535
Salinity = 0
Temperature = -NAN
Unit1 = $01 $01 Wavelength nm
Unit2 = $03 $06 Intensity mW/(m^2 nm)
Unit3 = $f0 $06 Error mW/(m^2 nm)
Unit4 = $f1 $00 Status 
p999 = 7067
[END] of [Attributes]
[DATA]
 0 6 0 0
 185.260577530984 -NAN 0 0
 187.468128380571 -NAN 0 0
 189.674861895872 -NAN 0 0
 191.880784034125 -NAN 0 0
 194.085900752568 -NAN 0 0
 196.290218008439 -NAN 0 0
 198.493741758976 -NAN 0 0
 200.696477961417 -NAN 0 0
 202.898432573 -NAN 0 0
 205.099611550963 -NAN 0 0
 207.300020852544 -NAN 0 0
 209.499666434981 -NAN 0 0
 211.698554255512 -NAN 0 0
 213.896690271375 -NAN 0 0
 216.094080439808 -NAN 0 0
 218.290730718049 -NAN 0 0
 220.486647063336 -NAN 0 0
 222.681835432907 -NAN 0 0
 224.876301784 -NAN 0 0
 227.070052073853 -NAN 0 0
 229.263092259704 -NAN 0 0
 231.455428298791 -NAN 0 0
 233.647066148352 -NAN 0 0
 235.838011765625 -NAN 0 0
 238.028271107848 -NAN 0 0
 240.217850132259 -NAN 0 0
 242.406754796096 -NAN 0 0
 244.594991056597 -NAN 0 0
 246.782564871 -NAN 0 0
 248.969482196543 -NAN 0 0
 251.155748990464 -NAN 0 0
 253.341371210001 -NAN 0 0
 255.526354812392 -NAN 0 0
 257.710705754875 -NAN 0 0
 259.894429994688 -NAN 0 0
 262.077533489069 -NAN 0 0
 264.260022195256 -NAN 0 0
 266.441902070487 -NAN 0 0
 268.623179072 -NAN 0 0
 270.803859157033 -NAN 0 0
 272.983948282824 -NAN 0 0
 275.163452406611 -NAN 0 0
 277.342377485632 -NAN 0 0
 279.520729477125 9.29548223480572 0 0
 281.698514338328 -2.37914100027429 0 0
 283.875738026479 -6.3582644528632 0 0
 286.052406498816 11.1732652217538 0 0
 288.228525712577 -2.95895741001927 0 0
 290.404101625 -6.00376198921662 0 0
 292.579140193323 10.9641142349087 0 0
 294.753647374784 -3.18618535821495 0 0
 296.927629126621 -4.51144638380203 0 0
 299.101091406072 9.57017789227658 0 0
 301.274040170375 -2.82030220001826 0 0
 303.446481376768 -3.19760033621836 0 0
 305.618420982489 8.8573467632235 0 0
 307.789864944776 -2.80390212377457 0 0
 309.960819220867 -2.68021732931352 0 0
 312.131289768 9.87037674186373 0 0
 314.301282543413 -0.0883521238638321 0 0
 316.470803504344 6.96277405405145 0 0
 318.639858608031 30.6064449816561 0 0
 320.808453811712 26.7290473328439 0 0
 322.976595072625 37.7750772630044 0 0
 325.144288348008 56.2890577751326 0 0
 327.311539595099 40.4219526047526 0 0
 329.478354771136 42.7188353024227 0 0
 331.644739833357 53.9859813890277 0 0
 333.810700739 34.1552098570824 0 0
 335.976243445303 35.2876787455681 0 0
 338.141373909504 43.7106380599519 0 0
 340.306098088841 24.0170297196403 0 0
 342.470421940552 26.6251273219698 0 0
 344.634351421875 34.053992571447 0 0
 346.797892490048 16.5315007480059 0 0
 348.961051102309 20.0892290322472 0 0
 351.123833215896 26.272513259719 0 0
 353.286244788047 10.979861426993 0 0
 355.448291776 15.5390985745742 0 0
 357.609980136993 20.8916169013404 0 0
 359.771315828264 8.13396499123877 0 0
 361.932304807051 22.0788025539291 0 0
 364.092953030592 38.2670226737919 0 0
 366.253266456125 23.1266214118097 0 0
 368.413251040888 18.6670102552833 0 0
 370.572912742119 16.1142732091847 0 0
 372.732257517056 -2.5884489162109 0 0
 374.891291322937 6.30544500663416 0 0
 377.050020117 11.4305178871454 0 0
 379.208449856483 -6.30639891422978 0 0
 381.366586498624 5.07121180346982 0 0
 383.524436000661 9.71955134482641 0 0
 385.682004319832 -7.68440245633143 0 0
 387.839297413375 4.90087211432835 0 0
 389.996321238528 8.57421170979046 0 0
 392.153081752529 -8.2035822736767 0 0
 394.309584912616 4.99209252268769 0 0
 396.465836676027 7.85529696938965 0 0
 398.621843 -6.04714163755406 0 0
 400.777609841773 15.8433361368546 0 0
 402.933143158584 33.7346194459644 0 0
 405.088448907671 24.6928960752046 0 0
 407.243533046272 27.8256803148106 0 0
 409.398401531625 15.6150219675426 0 0
 411.553060320968 -1.30250498365326 0 0
 413.707515371539 10.3948394303599 0 0
 415.861772640576 12.3344323451568 0 0
 418.015838085317 4.8842378067645 0 0
 420.169717663 20.6600430531985 0 0
 422.323417330863 26.4243715477486 0 0
 424.476943046144 26.1736850437855 0 0
 426.630300766081 48.8789969031221 0 0
 428.783496447912 66.0690119390184 0 0
 430.936536048875 91.4157015546872 0 0
 433.089425526208 175.567403615325 0 0
 435.242170837149 249.210169115472 0 0
 437.394777938936 278.982165662625 0 0
 439.547252788807 301.897801280654 0 0
 441.699601344 357.854928375648 0 0
 443.851829561753 438.938598430712 0 0
 446.003943399304 538.058858505405 0 0
 448.155948813891 589.703339228544 0 0
 450.307851762752 581.517493491034 0 0
 452.459658203125 537.481641306939 0 0
 454.611374092248 449.801709769122 0 0
 456.763005387359 361.311668314414 0 0
 458.914558045696 312.774759679628 0 0
 461.066038024497 265.724307040958 0 0
 463.217451281 227.758422420763 0 0
 465.368803772443 211.995525438971 0 0
 467.520101456064 175.5837782579 0 0
 469.671350289101 140.530329443303 0 0
 471.822556228792 131.039492176696 0 0
 473.973725232375 106.57819849267 0 0
 476.124863257088 90.3083894403296 0 0
 478.275976260169 98.7273574949454 0 0
 480.427070198856 87.0011575293448 0 0
 482.578151030387 80.3452004038201 0 0
 484.729224712 94.0897652765936 0 0
 486.880297200933 85.526457297696 0 0
 489.031374454424 83.3344488529246 0 0
 491.182462429711 101.321807859034 0 0
 493.333567084032 95.7957176067876 0 0
 495.484694374625 97.477272987373 0 0
 497.635850258728 116.696184884439 0 0
 499.787040693579 111.475876473833 0 0
 501.938271636416 113.881201188278 0 0
 504.089549044477 -NAN 0 0
 506.240878875 -NAN 0 0
 508.392267085223 -NAN 0 0
 510.543719632384 -NAN 0 0
 512.695242473721 -NAN 0 0
 514.846841566472 -NAN 0 0
 516.998522867875 -NAN 0 0
 519.150292335168 -NAN 0 0
 521.302155925589 -NAN 0 0
 523.454119596376 -NAN 0 0
 525.606189304767 -NAN 0 0
 527.758371008 -NAN 0 0
 529.910670663313 -NAN 0 0
 532.063094227944 -NAN 0 0
 534.215647659131 -NAN 0 0
 536.368336914112 -NAN 0 0
 538.521167950125 -NAN 0 0
 540.674146724408 -NAN 0 0
 542.827279194199 -NAN 0 0
 544.980571316736 -NAN 0 0
 547.134029049257 -NAN 0 0
 549.287658349 -NAN 0 0
 551.441465173203 -NAN 0 0
 553.595455479104 -NAN 0 0
 555.749635223941 -NAN 0 0
 557.904010364952 -NAN 0 0
 560.058586859375 -NAN 0 0
 562.213370664448 -NAN 0 0
 564.368367737409 -NAN 0 0
 566.523584035496 -NAN 0 0
 568.679025515947 -NAN 0 0
 570.834698136 -NAN 0 0
 572.990607852893 -NAN 0 0
 575.146760623864 -NAN 0 0
 577.303162406151 -NAN 0 0
 579.459819156992 -NAN 0 0
 581.616736833625 -NAN 0 0
 583.773921393288 -NAN 0 0
 585.931378793219 -NAN 0 0
 588.089114990656 -NAN 0 0
 590.247135942837 -NAN 0 0
 592.405447607 -NAN 0 0
 594.564055940383 -NAN 0 0
 596.722966900224 -NAN 0 0
 598.882186443761 -NAN 0 0
 601.041720528232 -NAN 0 0
 603.201575110875 -NAN 0 0
 605.361756148928 -NAN 0 0
 607.522269599629 -NAN 0 0
 609.683121420216 -NAN 0 0
 611.844317567927 -NAN 0 0
 614.005864 -NAN 0 0
 616.167766673673 -NAN 0 0
 618.330031546184 -NAN 0 0
 620.492664574771 -NAN 0 0
 622.655671716672 -NAN 0 0
 624.819058929125 -NAN 0 0
 626.982832169368 -NAN 0 0
 629.146997394639 -NAN 0 0
 631.311560562176 -NAN 0 0
 633.476527629217 -NAN 0 0
 635.641904553 -NAN 0 0
 637.807697290763 -NAN 0 0
 639.973911799744 -NAN 0 0
 642.140554037181 -NAN 0 0
 644.307629960312 -NAN 0 0
 646.475145526375 -NAN 0 0
 648.643106692608 -NAN 0 0
 650.811519416249 -NAN 0 0
 652.980389654536 -NAN 0 0
 655.149723364707 -NAN 0 0
 657.319526504 -NAN 0 0
 659.489805029653 -NAN 0 0
 661.660564898904 -NAN 0 0
 663.831812068991 -NAN 0 0
 666.003552497152 -NAN 0 0
 668.175792140625 -NAN 0 0
 670.348536956648 -NAN 0 0
 672.521792902459 -NAN 0 0
 674.695565935296 -NAN 0 0
 676.869862012397 -NAN 0 0
 679.044687091 -NAN 0 0
 681.220047128343 -NAN 0 0
 683.395948081664 -NAN 0 0
 685.572395908201 -NAN 0 0
 687.749396565192 -NAN 0 0
 689.926956009875 -NAN 0 0
 692.105080199488 -NAN 0 0
 694.283775091269 -NAN 0 0
 696.463046642456 -NAN 0 0
 698.642900810287 -NAN 0 0
 700.823343552 -NAN 0 0
 703.004380824833 -NAN 0 0
 705.186018586024 -NAN 0 0
 707.368262792811 -NAN 0 0
 709.551119402432 -NAN 0 0
 711.734594372125 -NAN 0 0
 713.918693659128 -NAN 0 0
 716.103423220679 -NAN 0 0
 718.288789014016 -NAN 0 0
 720.474796996377 -NAN 0 0
 722.661453125 -NAN 0 0
 724.848763357123 -NAN 0 0
 727.036733649984 -NAN 0 0
 729.225369960821 -NAN 0 0
 731.414678246872 -NAN 0 0
 733.604664465375 -NAN 0 0
 735.795334573568 -NAN 0 0
[END] of [DATA]
[END] of Spectrum


[Spectrum]
Version            = 1
IDData             = 12ad_2026-06-08_11-10-20_000_844
IDDevice           = SAM_82E6
IDDataType         = SPECTRUM
IDDataTypeSub1     = CALIBRATED
IDDataTypeSub2     = 
IDDataTypeSub3     = 
DateTime           = 2026-06-08 11:10:20
PositionLatitude   = 0
PositionLongitude  = 0
Comment            = 20260608_FrameB
CommentSub1        = con
CommentSub2        = right
CommentSub3        = 50cm
IDMethodType       = SAM Control
MethodName         = SAM_82E6
Mission            = No Mission
MissionSub         = 1
RecordType         = 0
[Attributes]
CalFactor = 1
IDBasisSpec = 
IDDataBack = DLAB_2024-11-11_10-40-48_641_639
IDDataCal = DLAB_2024-11-12_11-45-27_171_455
IntegrationTime = 128
P31 = -1
P31e = 0
PathLength = +INF
PathLengthCustomOn = 0
RAWDynamic = 65535
Salinity = 0
Temperature = -NAN
Unit1 = $01 $01 Wavelength nm
Unit2 = $03 $06 Intensity mW/(m^2 nm)
Unit3 = $f0 $06 Error mW/(m^2 nm)
Unit4 = $f1 $00 Status 
p999 = 7068
[END] of [Attributes]
[DATA]
 0 6 0 0
 185.260577530984 -NAN 0 0
 187.468128380571 -NAN 0 0
 189.674861895872 -NAN 0 0
 191.880784034125 -NAN 0 0
 194.085900752568 -NAN 0 0
 196.290218008439 -NAN 0 0
 198.493741758976 -NAN 0 0
 200.696477961417 -NAN 0 0
 202.898432573 -NAN 0 0
 205.099611550963 -NAN 0 0
 207.300020852544 -NAN 0 0
 209.499666434981 -NAN 0 0
 211.698554255512 -NAN 0 0
 213.896690271375 -NAN 0 0
 216.094080439808 -NAN 0 0
 218.290730718049 -NAN 0 0
 220.486647063336 -NAN 0 0
 222.681835432907 -NAN 0 0
 224.876301784 -NAN 0 0
 227.070052073853 -NAN 0 0
 229.263092259704 -NAN 0 0
 231.455428298791 -NAN 0 0
 233.647066148352 -NAN 0 0
 235.838011765625 -NAN 0 0
 238.028271107848 -NAN 0 0
 240.217850132259 -NAN 0 0
 242.406754796096 -NAN 0 0
 244.594991056597 -NAN 0 0
 246.782564871 -NAN 0 0
 248.969482196543 -NAN 0 0
 251.155748990464 -NAN 0 0
 253.341371210001 -NAN 0 0
 255.526354812392 -NAN 0 0
 257.710705754875 -NAN 0 0
 259.894429994688 -NAN 0 0
 262.077533489069 -NAN 0 0
 264.260022195256 -NAN 0 0
 266.441902070487 -NAN 0 0
 268.623179072 -NAN 0 0
 270.803859157033 -NAN 0 0
 272.983948282824 -NAN 0 0
 275.163452406611 -NAN 0 0
 277.342377485632 -NAN 0 0
 279.520729477125 -1.08301286098876 0 0
 281.698514338328 -7.03886017875878 0 0
 283.875738026479 10.2908919866393 0 0
 286.052406498816 -1.84132390252669 0 0
 288.228525712577 -6.90461468990649 0 0
 290.404101625 10.8261218086385 0 0
 292.579140193323 -2.17865960483161 0 0
 294.753647374784 -6.14267238554456 0 0
 296.927629126621 9.81779014116345 0 0
 299.101091406072 -1.79886833378728 0 0
 301.274040170375 -4.47032196853636 0 0
 303.446481376768 8.87326108073294 0 0
 305.618420982489 -1.90552035296589 0 0
 307.789864944776 -3.51579089211393 0 0
 309.960819220867 9.10807977154688 0 0
 312.131289768 -1.5531755864082 0 0
 314.301282543413 -0.297656608609292 0 0
 316.470803504344 20.0038311577121 0 0
 318.639858608031 17.731765976448 0 0
 320.808453811712 28.5020770154018 0 0
 322.976595072625 53.0128992431934 0 0
 325.144288348008 42.0224486182094 0 0
 327.311539595099 43.667660782676 0 0
 329.478354771136 58.3012388892489 0 0
 331.644739833357 39.3826933216323 0 0
 333.810700739 38.4182319089522 0 0
 335.976243445303 49.5742718163893 0 0
 338.141373909504 29.1750412985067 0 0
 340.306098088841 28.927690128876 0 0
 342.470421940552 38.2451774983996 0 0
 344.634351421875 20.6309263717732 0 0
 346.797892490048 21.7282235117754 0 0
 348.961051102309 29.5196477053242 0 0
 351.123833215896 14.1425440456331 0 0
 353.286244788047 16.1615372709689 0 0
 355.448291776 23.2451963723884 0 0
 357.609980136993 8.90267178836854 0 0
 359.771315828264 13.8454091244291 0 0
 361.932304807051 29.4115722309139 0 0
 364.092953030592 25.9313739575045 0 0
 366.253266456125 30.6100180543208 0 0
 368.413251040888 25.5843961860358 0 0
 370.572912742119 1.75827213807949 0 0
 372.732257517056 5.98217338383348 0 0
 374.891291322937 12.936358169484 0 0
 377.050020117 -4.58472258578868 0 0
 379.208449856483 3.81997372686183 0 0
 381.366586498624 10.9221316097725 0 0
 383.524436000661 -6.83211630081674 0 0
 385.682004319832 3.27342908256114 0 0
 387.839297413375 9.51702932799008 0 0
 389.996321238528 -7.93603332347371 0 0
 392.153081752529 3.11111454030928 0 0
 394.309584912616 8.28118440931289 0 0
 396.465836676027 -7.94886738614702 0 0
 398.621843 5.48848575786296 0 0
 400.777609841773 18.5587853406034 0 0
 402.933143158584 20.1388482402775 0 0
 405.088448907671 36.96510637307 0 0
 407.243533046272 29.8571672483518 0 0
 409.398401531625 2.91004495043877 0 0
 411.553060320968 9.21972085015963 0 0
 413.707515371539 10.9675901005956 0 0
 415.861772640576 0.962815184655287 0 0
 418.015838085317 14.6865509579028 0 0
 420.169717663 20.3365031082723 0 0
 422.323417330863 16.6680548626693 0 0
 424.476943046144 35.2169729446467 0 0
 426.630300766081 48.0244394221247 0 0
 428.783496447912 57.3442879830074 0 0
 430.936536048875 100.567255048919 0 0
 433.089425526208 176.354343144848 0 0
 435.242170837149 244.851249984707 0 0
 437.394777938936 290.53529320847 0 0
 439.547252788807 301.402810547452 0 0
 441.699601344 350.250250000027 0 0
 443.851829561753 448.249827209838 0 0
 446.003943399304 535.594840225556 0 0
 448.155948813891 581.822376477576 0 0
 450.307851762752 591.630428518676 0 0
 452.459658203125 534.046884586827 0 0
 454.611374092248 441.807985930241 0 0
 456.763005387359 372.470240480116 0 0
 458.914558045696 308.283620005012 0 0
 461.066038024497 257.984837055365 0 0
 463.217451281 239.723606986617 0 0
 465.368803772443 206.694586823705 0 0
 467.520101456064 168.180880096888 0 0
 469.671350289101 153.234537618218 0 0
 471.822556228792 124.605643233998 0 0
 473.973725232375 99.7602297666098 0 0
 476.124863257088 103.182077442731 0 0
 478.275976260169 91.3464618809578 0 0
 480.427070198856 80.6855989536073 0 0
 482.578151030387 93.3036715974024 0 0
 484.729224712 86.0430499466334 0 0
 486.880297200933 80.0095013601811 0 0
 489.031374454424 96.6877617857927 0 0
 491.182462429711 92.5566805929273 0 0
 493.333567084032 91.2466449819937 0 0
 495.484694374625 110.646351107168 0 0
 497.635850258728 107.592189544084 0 0
 499.787040693579 107.777322577606 0 0
 501.938271636416 126.608663926943 0 0
 504.089549044477 -NAN 0 0
 506.240878875 -NAN 0 0
 508.392267085223 -NAN 0 0
 510.543719632384 -NAN 0 0
 512.695242473721 -NAN 0 0
 514.846841566472 -NAN 0 0
 516.998522867875 -NAN 0 0
 519.150292335168 -NAN 0 0
 521.302155925589 -NAN 0 0
 523.454119596376 -NAN 0 0
 525.606189304767 -NAN 0 0
 527.758371008 -NAN 0 0
 529.910670663313 -NAN 0 0
 532.063094227944 -NAN 0 0
 534.215647659131 -NAN 0 0
 536.368336914112 -NAN 0 0
 538.521167950125 -NAN 0 0
 540.674146724408 -NAN 0 0
 542.827279194199 -NAN 0 0
 544.980571316736 -NAN 0 0
 547.134029049257 -NAN 0 0
 549.287658349 -NAN 0 0
 551.441465173203 -NAN 0 0
 553.595455479104 -NAN 0 0
 555.749635223941 -NAN 0 0
 557.904010364952 -NAN 0 0
 560.058586859375 -NAN 0 0
 562.213370664448 -NAN 0 0
 564.368367737409 -NAN 0 0
 566.523584035496 -NAN 0 0
 568.679025515947 -NAN 0 0
 570.834698136 -NAN 0 0
 572.990607852893 -NAN 0 0
 575.146760623864 -NAN 0 0
 577.303162406151 -NAN 0 0
 579.459819156992 -NAN 0 0
 581.616736833625 -NAN 0 0
 583.773921393288 -NAN 0 0
 585.931378793219 -NAN 0 0
 588.089114990656 -NAN 0 0
 590.247135942837 -NAN 0 0
 592.405447607 -NAN 0 0
 594.564055940383 -NAN 0 0
 596.722966900224 -NAN 0 0
 598.882186443761 -NAN 0 0
 601.041720528232 -NAN 0 0
 603.201575110875 -NAN 0 0
 605.361756148928 -NAN 0 0
 607.522269599629 -NAN 0 0
 609.683121420216 -NAN 0 0
 611.844317567927 -NAN 0 0
 614.005864 -NAN 0 0
 616.167766673673 -NAN 0 0
 618.330031546184 -NAN 0 0
 620.492664574771 -NAN 0 0
 622.655671716672 -NAN 0 0
 624.819058929125 -NAN 0 0
 626.982832169368 -NAN 0 0
 629.146997394639 -NAN 0 0
 631.311560562176 -NAN 0 0
 633.476527629217 -NAN 0 0
 635.641904553 -NAN 0 0
 637.807697290763 -NAN 0 0
 639.973911799744 -NAN 0 0
 642.140554037181 -NAN 0 0
 644.307629960312 -NAN 0 0
 646.475145526375 -NAN 0 0
 648.643106692608 -NAN 0 0
 650.811519416249 -NAN 0 0
 652.980389654536 -NAN 0 0
 655.149723364707 -NAN 0 0
 657.319526504 -NAN 0 0
 659.489805029653 -NAN 0 0
 661.660564898904 -NAN 0 0
 663.831812068991 -NAN 0 0
 666.003552497152 -NAN 0 0
 668.175792140625 -NAN 0 0
 670.348536956648 -NAN 0 0
 672.521792902459 -NAN 0 0
 674.695565935296 -NAN 0 0
 676.869862012397 -NAN 0 0
 679.044687091 -NAN 0 0
 681.220047128343 -NAN 0 0
 683.395948081664 -NAN 0 0
 685.572395908201 -NAN 0 0
 687.749396565192 -NAN 0 0
 689.926956009875 -NAN 0 0
 692.105080199488 -NAN 0 0
 694.283775091269 -NAN 0 0
 696.463046642456 -NAN 0 0
 698.642900810287 -NAN 0 0
 700.823343552 -NAN 0 0
 703.004380824833 -NAN 0 0
 705.186018586024 -NAN 0 0
 707.368262792811 -NAN 0 0
 709.551119402432 -NAN 0 0
 711.734594372125 -NAN 0 0
 713.918693659128 -NAN 0 0
 716.103423220679 -NAN 0 0
 718.288789014016 -NAN 0 0
 720.474796996377 -NAN 0 0
 722.661453125 -NAN 0 0
 724.848763357123 -NAN 0 0
 727.036733649984 -NAN 0 0
 729.225369960821 -NAN 0 0
 731.414678246872 -NAN 0 0
 733.604664465375 -NAN 0 0
 735.795334573568 -NAN 0 0
[END] of [DATA]
[END] of Spectrum


[Spectrum]
Version            = 1
IDData             = 12ad_2026-06-08_11-10-25_000_847
IDDevice           = SAM_82E6
IDDataType         = SPECTRUM
IDDataTypeSub1     = CALIBRATED
IDDataTypeSub2     = 
IDDataTypeSub3     = 
DateTime           = 2026-06-08 11:10:25
PositionLatitude   = 0
PositionLongitude  = 0
Comment            = 20260608_FrameB
CommentSub1        = con
CommentSub2        = right
CommentSub3        = 50cm
IDMethodType       = SAM Control
MethodName         = SAM_82E6
Mission            = No Mission
MissionSub         = 1
RecordType         = 0
[Attributes]
CalFactor = 1
IDBasisSpec = 
IDDataBack = DLAB_2024-11-11_10-40-48_641_639
IDDataCal = DLAB_2024-11-12_11-45-27_171_455
IntegrationTime = 128
P31 = -1
P31e = 0
PathLength = +INF
PathLengthCustomOn = 0
RAWDynamic = 65535
Salinity = 0
Temperature = -NAN
Unit1 = $01 $01 Wavelength nm
Unit2 = $03 $06 Intensity mW/(m^2 nm)
Unit3 = $f0 $06 Error mW/(m^2 nm)
Unit4 = $f1 $00 Status 
p999 = 7069
[END] of [Attributes]
[DATA]
 0 6 0 0
 185.260577530984 -NAN 0 0
 187.468128380571 -NAN 0 0
 189.674861895872 -NAN 0 0
 191.880784034125 -NAN 0 0
 194.085900752568 -NAN 0 0
 196.290218008439 -NAN 0 0
 198.493741758976 -NAN 0 0
 200.696477961417 -NAN 0 0
 202.898432573 -NAN 0 0
 205.099611550963 -NAN 0 0
 207.300020852544 -NAN 0 0
 209.499666434981 -NAN 0 0
 211.698554255512 -NAN 0 0
 213.896690271375 -NAN 0 0
 216.094080439808 -NAN 0 0
 218.290730718049 -NAN 0 0
 220.486647063336 -NAN 0 0
 222.681835432907 -NAN 0 0
 224.876301784 -NAN 0 0
 227.070052073853 -NAN 0 0
 229.263092259704 -NAN 0 0
 231.455428298791 -NAN 0 0
 233.647066148352 -NAN 0 0
 235.838011765625 -NAN 0 0
 238.028271107848 -NAN 0 0
 240.217850132259 -NAN 0 0
 242.406754796096 -NAN 0 0
 244.594991056597 -NAN 0 0
 246.782564871 -NAN 0 0
 248.969482196543 -NAN 0 0
 251.155748990464 -NAN 0 0
 253.341371210001 -NAN 0 0
 255.526354812392 -NAN 0 0
 257.710705754875 -NAN 0 0
 259.894429994688 -NAN 0 0
 262.077533489069 -NAN 0 0
 264.260022195256 -NAN 0 0
 266.441902070487 -NAN 0 0
 268.623179072 -NAN 0 0
 270.803859157033 -NAN 0 0
 272.983948282824 -NAN 0 0
 275.163452406611 -NAN 0 0
 277.342377485632 -NAN 0 0
 279.520729477125 1.28683069160266 0 0
 281.698514338328 -7.89261905180883 0 0
 283.875738026479 9.26708889769615 0 0
 286.052406498816 1.13066002623304 0 0
 288.228525712577 -8.22699728588903 0 0
 290.404101625 10.033631168425 0 0
 292.579140193323 0.478368353974739 0 0
 294.753647374784 -7.47993526781356 0 0
 296.927629126621 9.51434449793585 0 0
 299.101091406072 0.19011889381236 0 0
 301.274040170375 -5.56221268736584 0 0
 303.446481376768 8.73018445698877 0 0
 305.618420982489 0.179731379477275 0 0
 307.789864944776 -4.63706914735115 0 0
 309.960819220867 9.16103416813124 0 0
 312.131289768 0.770468578079736 0 0
 314.301282543413 -1.09882766410719 0 0
 316.470803504344 20.6794639643754 0 0
 318.639858608031 20.5735091741404 0 0
 320.808453811712 28.2079031716741 0 0
 322.976595072625 54.9042678813766 0 0
 325.144288348008 46.3289953815267 0 0
 327.311539595099 43.7131065611383 0 0
 329.478354771136 60.7302256262942 0 0
 331.644739833357 43.4524863971869 0 0
 333.810700739 38.3575430533526 0 0
 335.976243445303 51.8434386645326 0 0
 338.141373909504 32.7829589874104 0 0
 340.306098088841 28.3101250414791 0 0
 342.470421940552 40.4070777509673 0 0
 344.634351421875 23.680480009979 0 0
 346.797892490048 20.9176700542 0 0
 348.961051102309 31.3874581243847 0 0
 351.123833215896 16.6556282912609 0 0
 353.286244788047 15.2139622902418 0 0
 355.448291776 24.8855926791537 0 0
 357.609980136993 11.3066715899603 0 0
 359.771315828264 12.6783814625626 0 0
 361.932304807051 31.1651561144337 0 0
 364.092953030592 28.3644073625566 0 0
 366.253266456125 29.3219115473467 0 0
 368.413251040888 27.3022258151763 0 0
 370.572912742119 3.8093088615366 0 0
 372.732257517056 4.02671481035304 0 0
 374.891291322937 14.4542618517341 0 0
 377.050020117 -2.5307438550222 0 0
 379.208449856483 1.44511823046431 0 0
 381.366586498624 12.6703412233948 0 0
 383.524436000661 -5.20196321911034 0 0
 385.682004319832 0.731678698345015 0 0
 387.839297413375 11.0401628469239 0 0
 389.996321238528 -6.29961717035539 0 0
 392.153081752529 0.806268893015838 0 0
 394.309584912616 9.79618485957847 0 0
 396.465836676027 -6.626483603425 0 0
 398.621843 3.28458915057199 0 0
 400.777609841773 20.4015973720747 0 0
 402.933143158584 21.9118239968729 0 0
 405.088448907671 36.1850409537362 0 0
 407.243533046272 31.8827141616194 0 0
 409.398401531625 3.72931430174012 0 0
 411.553060320968 7.42741299062651 0 0
 413.707515371539 12.1077881941202 0 0
 415.861772640576 1.2516473203959 0 0
 418.015838085317 13.1068962011961 0 0
 420.169717663 21.2002223179731 0 0
 422.323417330863 16.5810756880181 0 0
 424.476943046144 33.6147806928745 0 0
 426.630300766081 48.8746809562484 0 0
 428.783496447912 57.2793794086487 0 0
 430.936536048875 99.7028592614665 0 0
 433.089425526208 179.104583455333 0 0
 435.242170837149 247.781971739844 0 0
 437.394777938936 292.113916904543 0 0
 439.547252788807 303.276819581486 0 0
 441.699601344 350.290525534009 0 0
 443.851829561753 446.980038099991 0 0
 446.003943399304 536.175766757506 0 0
 448.155948813891 581.438945090115 0 0
 450.307851762752 590.132516526442 0 0
 452.459658203125 534.959299734969 0 0
 454.611374092248 441.067192345838 0 0
 456.763005387359 370.918974410886 0 0
 458.914558045696 309.374467930424 0 0
 461.066038024497 257.392863376898 0 0
 463.217451281 238.110592088112 0 0
 465.368803772443 207.905295025957 0 0
 467.520101456064 167.635730333584 0 0
 469.671350289101 151.63135661046 0 0
 471.822556228792 126.134857415248 0 0
 473.973725232375 98.9222978866789 0 0
 476.124863257088 101.9808432251 0 0
 478.275976260169 93.1611265207713 0 0
 480.427070198856 80.1587454780651 0 0
 482.578151030387 92.293558209789 0 0
 484.729224712 87.8278561107926 0 0
 486.880297200933 79.3394574415738 0 0
 489.031374454424 95.5341447559798 0 0
 491.182462429711 94.5011360682448 0 0
 493.333567084032 90.4795595589679 0 0
 495.484694374625 109.624745870609 0 0
 497.635850258728 109.344308194186 0 0
 499.787040693579 107.086969337128 0 0
 501.938271636416 125.847771304228 0 0
 504.089549044477 -NAN 0 0
 506.240878875 -NAN 0 0
 508.392267085223 -NAN 0 0
 510.543719632384 -NAN 0 0
 512.695242473721 -NAN 0 0
 514.846841566472 -NAN 0 0
 516.998522867875 -NAN 0 0
 519.150292335168 -NAN 0 0
 521.302155925589 -NAN 0 0
 523.454119596376 -NAN 0 0
 525.606189304767 -NAN 0 0
 527.758371008 -NAN 0 0
 529.910670663313 -NAN 0 0
 532.063094227944 -NAN 0 0
 534.215647659131 -NAN 0 0
 536.368336914112 -NAN 0 0
 538.521167950125 -NAN 0 0
 540.674146724408 -NAN 0 0
 542.827279194199 -NAN 0 0
 544.980571316736 -NAN 0 0
 547.134029049257 -NAN 0 0
 549.287658349 -NAN 0 0
 551.441465173203 -NAN 0 0
 553.595455479104 -NAN 0 0
 555.749635223941 -NAN 0 0
 557.904010364952 -NAN 0 0
 560.058586859375 -NAN 0 0
 562.213370664448 -NAN 0 0
 564.368367737409 -NAN 0 0
 566.523584035496 -NAN 0 0
 568.679025515947 -NAN 0 0
 570.834698136 -NAN 0 0
 572.990607852893 -NAN 0 0
 575.146760623864 -NAN 0 0
 577.303162406151 -NAN 0 0
 579.459819156992 -NAN 0 0
 581.616736833625 -NAN 0 0
 583.773921393288 -NAN 0 0
 585.931378793219 -NAN 0 0
 588.089114990656 -NAN 0 0
 590.247135942837 -NAN 0 0
 592.405447607 -NAN 0 0
 594.564055940383 -NAN 0 0
 596.722966900224 -NAN 0 0
 598.882186443761 -NAN 0 0
 601.041720528232 -NAN 0 0
 603.201575110875 -NAN 0 0
 605.361756148928 -NAN 0 0
 607.522269599629 -NAN 0 0
 609.683121420216 -NAN 0 0
 611.844317567927 -NAN 0 0
 614.005864 -NAN 0 0
 616.167766673673 -NAN 0 0
 618.330031546184 -NAN 0 0
 620.492664574771 -NAN 0 0
 622.655671716672 -NAN 0 0
 624.819058929125 -NAN 0 0
 626.982832169368 -NAN 0 0
 629.146997394639 -NAN 0 0
 631.311560562176 -NAN 0 0
 633.476527629217 -NAN 0 0
 635.641904553 -NAN 0 0
 637.807697290763 -NAN 0 0
 639.973911799744 -NAN 0 0
 642.140554037181 -NAN 0 0
 644.307629960312 -NAN 0 0
 646.475145526375 -NAN 0 0
 648.643106692608 -NAN 0 0
 650.811519416249 -NAN 0 0
 652.980389654536 -NAN 0 0
 655.149723364707 -NAN 0 0
 657.319526504 -NAN 0 0
 659.489805029653 -NAN 0 0
 661.660564898904 -NAN 0 0
 663.831812068991 -NAN 0 0
 666.003552497152 -NAN 0 0
 668.175792140625 -NAN 0 0
 670.348536956648 -NAN 0 0
 672.521792902459 -NAN 0 0
 674.695565935296 -NAN 0 0
 676.869862012397 -NAN 0 0
 679.044687091 -NAN 0 0
 681.220047128343 -NAN 0 0
 683.395948081664 -NAN 0 0
 685.572395908201 -NAN 0 0
 687.749396565192 -NAN 0 0
 689.926956009875 -NAN 0 0
 692.105080199488 -NAN 0 0
 694.283775091269 -NAN 0 0
 696.463046642456 -NAN 0 0
 698.642900810287 -NAN 0 0
 700.823343552 -NAN 0 0
 703.004380824833 -NAN 0 0
 705.186018586024 -NAN 0 0
 707.368262792811 -NAN 0 0
 709.551119402432 -NAN 0 0
 711.734594372125 -NAN 0 0
 713.918693659128 -NAN 0 0
 716.103423220679 -NAN 0 0
 718.288789014016 -NAN 0 0
 720.474796996377 -NAN 0 0
 722.661453125 -NAN 0 0
 724.848763357123 -NAN 0 0
 727.036733649984 -NAN 0 0
 729.225369960821 -NAN 0 0
 731.414678246872 -NAN 0 0
 733.604664465375 -NAN 0 0
 735.795334573568 -NAN 0 0
[END] of [DATA]
[END] of Spectrum


[Spectrum]
Version            = 1
IDData             = 12ad_2026-06-08_11-10-30_000_850
IDDevice           = SAM_82E6
IDDataType         = SPECTRUM
IDDataTypeSub1     = CALIBRATED
IDDataTypeSub2     = 
IDDataTypeSub3     = 
DateTime           = 2026-06-08 11:10:30
PositionLatitude   = 0
PositionLongitude  = 0
Comment            = 20260608_FrameB
CommentSub1        = con
CommentSub2        = right
CommentSub3        = 50cm
IDMethodType       = SAM Control
MethodName         = SAM_82E6
Mission            = No Mission
MissionSub         = 1
RecordType         = 0
[Attributes]
CalFactor = 1
IDBasisSpec = 
IDDataBack = DLAB_2024-11-11_10-40-48_641_639
IDDataCal = DLAB_2024-11-12_11-45-27_171_455
IntegrationTime = 128
P31 = -1
P31e = 0
PathLength = +INF
PathLengthCustomOn = 0
RAWDynamic = 65535
Salinity = 0
Temperature = -NAN
Unit1 = $01 $01 Wavelength nm
Unit2 = $03 $06 Intensity mW/(m^2 nm)
Unit3 = $f0 $06 Error mW/(m^2 nm)
Unit4 = $f1 $00 Status 
p999 = 7070
[END] of [Attributes]
[DATA]
 0 6 0 0
 185.260577530984 -NAN 0 0
 187.468128380571 -NAN 0 0
 189.674861895872 -NAN 0 0
 191.880784034125 -NAN 0 0
 194.085900752568 -NAN 0 0
 196.290218008439 -NAN 0 0
 198.493741758976 -NAN 0 0
 200.696477961417 -NAN 0 0
 202.898432573 -NAN 0 0
 205.099611550963 -NAN 0 0
 207.300020852544 -NAN 0 0
 209.499666434981 -NAN 0 0
 211.698554255512 -NAN 0 0
 213.896690271375 -NAN 0 0
 216.094080439808 -NAN 0 0
 218.290730718049 -NAN 0 0
 220.486647063336 -NAN 0 0
 222.681835432907 -NAN 0 0
 224.876301784 -NAN 0 0
 227.070052073853 -NAN 0 0
 229.263092259704 -NAN 0 0
 231.455428298791 -NAN 0 0
 233.647066148352 -NAN 0 0
 235.838011765625 -NAN 0 0
 238.028271107848 -NAN 0 0
 240.217850132259 -NAN 0 0
 242.406754796096 -NAN 0 0
 244.594991056597 -NAN 0 0
 246.782564871 -NAN 0 0
 248.969482196543 -NAN 0 0
 251.155748990464 -NAN 0 0
 253.341371210001 -NAN 0 0
 255.526354812392 -NAN 0 0
 257.710705754875 -NAN 0 0
 259.894429994688 -NAN 0 0
 262.077533489069 -NAN 0 0
 264.260022195256 -NAN 0 0
 266.441902070487 -NAN 0 0
 268.623179072 -NAN 0 0
 270.803859157033 -NAN 0 0
 272.983948282824 -NAN 0 0
 275.163452406611 -NAN 0 0
 277.342377485632 -NAN 0 0
 279.520729477125 -0.723115442860056 0 0
 281.698514338328 9.17732864580437 0 0
 283.875738026479 -7.44985036700531 0 0
 286.052406498816 -0.062779538711026 0 0
 288.228525712577 9.78204846871605 0 0
 290.404101625 -7.88683607926521 0 0
 292.579140193323 0.765919390365452 0 0
 294.753647374784 9.33097846814121 0 0
 296.927629126621 -6.97837058794946 0 0
 299.101091406072 1.6988413804158 0 0
 301.274040170375 8.08352041936608 0 0
 303.446481376768 -5.83086552589169 0 0
 305.618420982489 2.37360117534322 0 0
 307.789864944776 7.52917403769179 0 0
 309.960819220867 -5.67484249125743 0 0
 312.131289768 4.01794415130597 0 0
 314.301282543413 11.4245573398295 0 0
 316.470803504344 3.75321278261465 0 0
 318.639858608031 26.1617991020604 0 0
 320.808453811712 42.6636857186549 0 0
 322.976595072625 36.3843236695744 0 0
 325.144288348008 54.4714438378156 0 0
 327.311539595099 59.6074010801287 0 0
 329.478354771136 41.060341602603 0 0
 331.644739833357 53.5344401420127 0 0
 333.810700739 53.4468648577832 0 0
 335.976243445303 32.9080335627298 0 0
 338.141373909504 43.3075736859872 0 0
 340.306098088841 41.3889320352313 0 0
 342.470421940552 23.0909245468758 0 0
 344.634351421875 34.1910652916798 0 0
 346.797892490048 31.8402100890683 0 0
 348.961051102309 16.3223816422286 0 0
 351.123833215896 26.9184150903325 0 0
 353.286244788047 24.5043406973702 0 0
 355.448291776 11.1062637023251 0 0
 357.609980136993 22.010627944843 0 0
 359.771315828264 21.0293517544816 0 0
 361.932304807051 17.5339787005238 0 0
 364.092953030592 40.7881194689109 0 0
 366.253266456125 37.7792708614955 0 0
 368.413251040888 12.5145858601609 0 0
 370.572912742119 18.3989246482346 0 0
 372.732257517056 11.7833236682014 0 0
 374.891291322937 -1.60674557799101 0 0
 377.050020117 14.3618172846463 0 0
 379.208449856483 8.93493945422362 0 0
 381.366586498624 -3.90726489446275 0 0
 383.524436000661 13.2257306408767 0 0
 385.682004319832 6.85918885794382 0 0
 387.839297413375 -4.61056538576717 0 0
 389.996321238528 12.9244098438741 0 0
 392.153081752529 5.46036419766496 0 0
 394.309584912616 -4.60381942017364 0 0
 396.465836676027 12.7380480534099 0 0
 398.621843 6.61232707416365 0 0
 400.777609841773 7.60465284866075 0 0
 402.933143158584 41.9480975578266 0 0
 405.088448907671 39.2659922477349 0 0
 407.243533046272 21.4971827154109 0 0
 409.398401531625 21.8036566058343 0 0
 411.553060320968 8.1288947128807 0 0
 413.707515371539 2.32011562942668 0 0
 415.861772640576 17.5160604481783 0 0
 418.015838085317 12.6350640398898 0 0
 420.169717663 13.2025419249708 0 0
 422.323417330863 31.3034454605478 0 0
 424.476943046144 32.6135214906591 0 0
 426.630300766081 41.856951339573 0 0
 428.783496447912 71.2439955492552 0 0
 430.936536048875 98.3432281372559 0 0
 433.089425526208 175.07273277938 0 0
 435.242170837149 264.272976020044 0 0
 437.394777938936 292.550336417483 0 0
 439.547252788807 298.652053221277 0 0
 441.699601344 364.143665324618 0 0
 443.851829561753 443.595049859899 0 0
 446.003943399304 530.559858428018 0 0
 448.155948813891 595.847893018906 0 0
 450.307851762752 585.544090146859 0 0
 452.459658203125 529.462577411036 0 0
 454.611374092248 456.37565848411 0 0
 456.763005387359 365.05559869547 0 0
 458.914558045696 303.757549244038 0 0
 461.066038024497 273.428115961583 0 0
 463.217451281 231.049886820866 0 0
 465.368803772443 202.667689010634 0 0
 467.520101456064 183.913109710185 0 0
 469.671350289101 143.142399511986 0 0
 471.822556228792 121.163544980421 0 0
 473.973725232375 115.399055641325 0 0
 476.124863257088 92.2823992191636 0 0
 478.275976260169 88.7872624532231 0 0
 480.427070198856 96.2249918442801 0 0
 482.578151030387 81.4914837729682 0 0
 484.729224712 84.4549412683176 0 0
 486.880297200933 95.0513721006034 0 0
 489.031374454424 83.9599308312615 0 0
 491.182462429711 91.8742783554667 0 0
 493.333567084032 105.656494953288 0 0
 495.484694374625 97.4385338938957 0 0
 497.635850258728 107.90926048327 0 0
 499.787040693579 121.222359624825 0 0
 501.938271636416 113.107393839292 0 0
 504.089549044477 -NAN 0 0
 506.240878875 -NAN 0 0
 508.392267085223 -NAN 0 0
 510.543719632384 -NAN 0 0
 512.695242473721 -NAN 0 0
 514.846841566472 -NAN 0 0
 516.998522867875 -NAN 0 0
 519.150292335168 -NAN 0 0
 521.302155925589 -NAN 0 0
 523.454119596376 -NAN 0 0
 525.606189304767 -NAN 0 0
 527.758371008 -NAN 0 0
 529.910670663313 -NAN 0 0
 532.063094227944 -NAN 0 0
 534.215647659131 -NAN 0 0
 536.368336914112 -NAN 0 0
 538.521167950125 -NAN 0 0
 540.674146724408 -NAN 0 0
 542.827279194199 -NAN 0 0
 544.980571316736 -NAN 0 0
 547.134029049257 -NAN 0 0
 549.287658349 -NAN 0 0
 551.441465173203 -NAN 0 0
 553.595455479104 -NAN 0 0
 555.749635223941 -NAN 0 0
 557.904010364952 -NAN 0 0
 560.058586859375 -NAN 0 0
 562.213370664448 -NAN 0 0
 564.368367737409 -NAN 0 0
 566.523584035496 -NAN 0 0
 568.679025515947 -NAN 0 0
 570.834698136 -NAN 0 0
 572.990607852893 -NAN 0 0
 575.146760623864 -NAN 0 0
 577.303162406151 -NAN 0 0
 579.459819156992 -NAN 0 0
 581.616736833625 -NAN 0 0
 583.773921393288 -NAN 0 0
 585.931378793219 -NAN 0 0
 588.089114990656 -NAN 0 0
 590.247135942837 -NAN 0 0
 592.405447607 -NAN 0 0
 594.564055940383 -NAN 0 0
 596.722966900224 -NAN 0 0
 598.882186443761 -NAN 0 0
 601.041720528232 -NAN 0 0
 603.201575110875 -NAN 0 0
 605.361756148928 -NAN 0 0
 607.522269599629 -NAN 0 0
 609.683121420216 -NAN 0 0
 611.844317567927 -NAN 0 0
 614.005864 -NAN 0 0
 616.167766673673 -NAN 0 0
 618.330031546184 -NAN 0 0
 620.492664574771 -NAN 0 0
 622.655671716672 -NAN 0 0
 624.819058929125 -NAN 0 0
 626.982832169368 -NAN 0 0
 629.146997394639 -NAN 0 0
 631.311560562176 -NAN 0 0
 633.476527629217 -NAN 0 0
 635.641904553 -NAN 0 0
 637.807697290763 -NAN 0 0
 639.973911799744 -NAN 0 0
 642.140554037181 -NAN 0 0
 644.307629960312 -NAN 0 0
 646.475145526375 -NAN 0 0
 648.643106692608 -NAN 0 0
 650.811519416249 -NAN 0 0
 652.980389654536 -NAN 0 0
 655.149723364707 -NAN 0 0
 657.319526504 -NAN 0 0
 659.489805029653 -NAN 0 0
 661.660564898904 -NAN 0 0
 663.831812068991 -NAN 0 0
 666.003552497152 -NAN 0 0
 668.175792140625 -NAN 0 0
 670.348536956648 -NAN 0 0
 672.521792902459 -NAN 0 0
 674.695565935296 -NAN 0 0
 676.869862012397 -NAN 0 0
 679.044687091 -NAN 0 0
 681.220047128343 -NAN 0 0
 683.395948081664 -NAN 0 0
 685.572395908201 -NAN 0 0
 687.749396565192 -NAN 0 0
 689.926956009875 -NAN 0 0
 692.105080199488 -NAN 0 0
 694.283775091269 -NAN 0 0
 696.463046642456 -NAN 0 0
 698.642900810287 -NAN 0 0
 700.823343552 -NAN 0 0
 703.004380824833 -NAN 0 0
 705.186018586024 -NAN 0 0
 707.368262792811 -NAN 0 0
 709.551119402432 -NAN 0 0
 711.734594372125 -NAN 0 0
 713.918693659128 -NAN 0 0
 716.103423220679 -NAN 0 0
 718.288789014016 -NAN 0 0
 720.474796996377 -NAN 0 0
 722.661453125 -NAN 0 0
 724.848763357123 -NAN 0 0
 727.036733649984 -NAN 0 0
 729.225369960821 -NAN 0 0
 731.414678246872 -NAN 0 0
 733.604664465375 -NAN 0 0
 735.795334573568 -NAN 0 0
[END] of [DATA]
[END] of Spectrum


[Spectrum]
Version            = 1
IDData             = 12ad_2026-06-08_11-10-35_000_853
IDDevice           = SAM_82E6
IDDataType         = SPECTRUM
IDDataTypeSub1     = CALIBRATED
IDDataTypeSub2     = 
IDDataTypeSub3     = 
DateTime           = 2026-06-08 11:10:35
PositionLatitude   = 0
PositionLongitude  = 0
Comment            = 20260608_FrameB
CommentSub1        = con
CommentSub2        = right
CommentSub3        = 50cm
IDMethodType       = SAM Control
MethodName         = SAM_82E6
Mission            = No Mission
MissionSub         = 1
RecordType         = 0
[Attributes]
CalFactor = 1
IDBasisSpec = 
IDDataBack = DLAB_2024-11-11_10-40-48_641_639
IDDataCal = DLAB_2024-11-12_11-45-27_171_455
IntegrationTime = 128
P31 = -1
P31e = 0
PathLength = +INF
PathLengthCustomOn = 0
RAWDynamic = 65535
Salinity = 0
Temperature = -NAN
Unit1 = $01 $01 Wavelength nm
Unit2 = $03 $06 Intensity mW/(m^2 nm)
Unit3 = $f0 $06 Error mW/(m^2 nm)
Unit4 = $f1 $00 Status 
p999 = 7071
[END] of [Attributes]
[DATA]
 0 6 0 0
 185.260577530984 -NAN 0 0
 187.468128380571 -NAN 0 0
 189.674861895872 -NAN 0 0
 191.880784034125 -NAN 0 0
 194.085900752568 -NAN 0 0
 196.290218008439 -NAN 0 0
 198.493741758976 -NAN 0 0
 200.696477961417 -NAN 0 0
 202.898432573 -NAN 0 0
 205.099611550963 -NAN 0 0
 207.300020852544 -NAN 0 0
 209.499666434981 -NAN 0 0
 211.698554255512 -NAN 0 0
 213.896690271375 -NAN 0 0
 216.094080439808 -NAN 0 0
 218.290730718049 -NAN 0 0
 220.486647063336 -NAN 0 0
 222.681835432907 -NAN 0 0
 224.876301784 -NAN 0 0
 227.070052073853 -NAN 0 0
 229.263092259704 -NAN 0 0
 231.455428298791 -NAN 0 0
 233.647066148352 -NAN 0 0
 235.838011765625 -NAN 0 0
 238.028271107848 -NAN 0 0
 240.217850132259 -NAN 0 0
 242.406754796096 -NAN 0 0
 244.594991056597 -NAN 0 0
 246.782564871 -NAN 0 0
 248.969482196543 -NAN 0 0
 251.155748990464 -NAN 0 0
 253.341371210001 -NAN 0 0
 255.526354812392 -NAN 0 0
 257.710705754875 -NAN 0 0
 259.894429994688 -NAN 0 0
 262.077533489069 -NAN 0 0
 264.260022195256 -NAN 0 0
 266.441902070487 -NAN 0 0
 268.623179072 -NAN 0 0
 270.803859157033 -NAN 0 0
 272.983948282824 -NAN 0 0
 275.163452406611 -NAN 0 0
 277.342377485632 -NAN 0 0
 279.520729477125 4.62553303763398 0 0
 281.698514338328 5.52041659692078 0 0
 283.875738026479 -9.51863867776622 0 0
 286.052406498816 6.17301478176921 0 0
 288.228525712577 6.03267116244703 0 0
 290.404101625 -9.49362902868892 0 0
 292.579140193323 7.02297355967124 0 0
 294.753647374784 5.60115108412584 0 0
 296.927629126621 -7.42147740588433 0 0
 299.101091406072 6.92455078306675 0 0
 301.274040170375 5.06776698872014 0 0
 303.446481376768 -5.87782960849474 0 0
 305.618420982489 7.06998813541507 0 0
 307.789864944776 4.57793546504168 0 0
 309.960819220867 -5.21554415353598 0 0
 312.131289768 8.85089896315861 0 0
 314.301282543413 8.13033731047454 0 0
 316.470803504344 4.82225203366421 0 0
 318.639858608031 32.1270155835902 0 0
 320.808453811712 39.4437466780337 0 0
 322.976595072625 38.728495803293 0 0
 325.144288348008 61.7115819598526 0 0
 327.311539595099 56.2458794667691 0 0
 329.478354771136 44.3698918107634 0 0
 331.644739833357 60.4259958956345 0 0
 333.810700739 49.5464957235205 0 0
 335.976243445303 35.9854366489049 0 0
 338.141373909504 49.5417296303404 0 0
 340.306098088841 37.3727230382914 0 0
 342.470421940552 26.0751587537818 0 0
 344.634351421875 39.2526955571555 0 0
 346.797892490048 27.8526736308621 0 0
 348.961051102309 18.9581339301784 0 0
 351.123833215896 31.2024121540375 0 0
 353.286244788047 20.5908233143674 0 0
 355.448291776 13.6738872985538 0 0
 357.609980136993 25.5111514866709 0 0
 359.771315828264 16.8398837886103 0 0
 361.932304807051 20.0957264777633 0 0
 364.092953030592 44.5601680101077 0 0
 366.253266456125 33.2726498185101 0 0
 368.413251040888 15.5610966985733 0 0
 370.572912742119 21.4648037921162 0 0
 372.732257517056 6.23263905835533 0 0
 374.891291322937 1.36049394966706 0 0
 377.050020117 16.8599740888223 0 0
 379.208449856483 2.47650803650142 0 0
 381.366586498624 -0.839065160288089 0 0
 383.524436000661 15.4158491229251 0 0
 385.682004319832 0.371822600299867 0 0
 387.839297413375 -1.48353684968631 0 0
 389.996321238528 14.1787614530884 0 0
 392.153081752529 -0.79366309453945 0 0
 394.309584912616 -1.71700038037864 0 0
 396.465836676027 13.1394620138504 0 0
 398.621843 0.536684350030396 0 0
 400.777609841773 10.6153161181428 0 0
 402.933143158584 42.7604474219994 0 0
 405.088448907671 34.7023024322624 0 0
 407.243533046272 24.6964776347245 0 0
 409.398401531625 21.4656363839687 0 0
 411.553060320968 3.17771318583814 0 0
 413.707515371539 4.6800605206754 0 0
 415.861772640576 16.5168849680014 0 0
 418.015838085317 8.09859440566366 0 0
 420.169717663 15.4606993768394 0 0
 422.323417330863 30.1763784711209 0 0
 424.476943046144 28.5809678065589 0 0
 426.630300766081 44.0261462383068 0 0
 428.783496447912 69.9635264005421 0 0
 430.936536048875 95.1040099861821 0 0
 433.089425526208 178.97261725851 0 0
 435.242170837149 265.720354557964 0 0
 437.394777938936 291.825368471995 0 0
 439.547252788807 302.184119449859 0 0
 441.699601344 362.480861135915 0 0
 443.851829561753 440.06357968558 0 0
 446.003943399304 533.264289602533 0 0
 448.155948813891 593.693833393697 0 0
 450.307851762752 582.080225028153 0 0
 452.459658203125 532.507357707424 0 0
 454.611374092248 454.07529945886 0 0
 456.763005387359 361.3409559054 0 0
 458.914558045696 307.235687414269 0 0
 461.066038024497 270.578287426867 0 0
 463.217451281 227.266104930813 0 0
 465.368803772443 206.460256203914 0 0
 467.520101456064 181.052412229273 0 0
 469.671350289101 139.60804030177 0 0
 471.822556228792 125.582853725804 0 0
 473.973725232375 112.418396509955 0 0
 476.124863257088 88.9665499271795 0 0
 478.275976260169 93.48005410903 0 0
 480.427070198856 93.2498847974027 0 0
 482.578151030387 78.5504354012981 0 0
 484.729224712 89.2147969058593 0 0
 486.880297200933 91.8420966373572 0 0
 489.031374454424 81.4143646403553 0 0
 491.182462429711 96.8320255438264 0 0
 493.333567084032 102.722866376114 0 0
 495.484694374625 95.5779505757435 0 0
 497.635850258728 112.542445867979 0 0
 499.787040693579 118.435941742394 0 0
 501.938271636416 111.860046527089 0 0
 504.089549044477 -NAN 0 0
 506.240878875 -NAN 0 0
 508.392267085223 -NAN 0 0
 510.543719632384 -NAN 0 0
 512.695242473721 -NAN 0 0
 514.846841566472 -NAN 0 0
 516.998522867875 -NAN 0 0
 519.150292335168 -NAN 0 0
 521.302155925589 -NAN 0 0
 523.454119596376 -NAN 0 0
 525.606189304767 -NAN 0 0
 527.758371008 -NAN 0 0
 529.910670663313 -NAN 0 0
 532.063094227944 -NAN 0 0
 534.215647659131 -NAN 0 0
 536.368336914112 -NAN 0 0
 538.521167950125 -NAN 0 0
 540.674146724408 -NAN 0 0
 542.827279194199 -NAN 0 0
 544.980571316736 -NAN 0 0
 547.134029049257 -NAN 0 0
 549.287658349 -NAN 0 0
 551.441465173203 -NAN 0 0
 553.595455479104 -NAN 0 0
 555.749635223941 -NAN 0 0
 557.904010364952 -NAN 0 0
 560.058586859375 -NAN 0 0
 562.213370664448 -NAN 0 0
 564.368367737409 -NAN 0 0
 566.523584035496 -NAN 0 0
 568.679025515947 -NAN 0 0
 570.834698136 -NAN 0 0
 572.990607852893 -NAN 0 0
 575.146760623864 -NAN 0 0
 577.303162406151 -NAN 0 0
 579.459819156992 -NAN 0 0
 581.616736833625 -NAN 0 0
 583.773921393288 -NAN 0 0
 585.931378793219 -NAN 0 0
 588.089114990656 -NAN 0 0
 590.247135942837 -NAN 0 0
 592.405447607 -NAN 0 0
 594.564055940383 -NAN 0 0
 596.722966900224 -NAN 0 0
 598.882186443761 -NAN 0 0
 601.041720528232 -NAN 0 0
 603.201575110875 -NAN 0 0
 605.361756148928 -NAN 0 0
 607.522269599629 -NAN 0 0
 609.683121420216 -NAN 0 0
 611.844317567927 -NAN 0 0
 614.005864 -NAN 0 0
 616.167766673673 -NAN 0 0
 618.330031546184 -NAN 0 0
 620.492664574771 -NAN 0 0
 622.655671716672 -NAN 0 0
 624.819058929125 -NAN 0 0
 626.982832169368 -NAN 0 0
 629.146997394639 -NAN 0 0
 631.311560562176 -NAN 0 0
 633.476527629217 -NAN 0 0
 635.641904553 -NAN 0 0
 637.807697290763 -NAN 0 0
 639.973911799744 -NAN 0 0
 642.140554037181 -NAN 0 0
 644.307629960312 -NAN 0 0
 646.475145526375 -NAN 0 0
 648.643106692608 -NAN 0 0
 650.811519416249 -NAN 0 0
 652.980389654536 -NAN 0 0
 655.149723364707 -NAN 0 0
 657.319526504 -NAN 0 0
 659.489805029653 -NAN 0 0
 661.660564898904 -NAN 0 0
 663.831812068991 -NAN 0 0
 666.003552497152 -NAN 0 0
 668.175792140625 -NAN 0 0
 670.348536956648 -NAN 0 0
 672.521792902459 -NAN 0 0
 674.695565935296 -NAN 0 0
 676.869862012397 -NAN 0 0
 679.044687091 -NAN 0 0
 681.220047128343 -NAN 0 0
 683.395948081664 -NAN 0 0
 685.572395908201 -NAN 0 0
 687.749396565192 -NAN 0 0
 689.926956009875 -NAN 0 0
 692.105080199488 -NAN 0 0
 694.283775091269 -NAN 0 0
 696.463046642456 -NAN 0 0
 698.642900810287 -NAN 0 0
 700.823343552 -NAN 0 0
 703.004380824833 -NAN 0 0
 705.186018586024 -NAN 0 0
 707.368262792811 -NAN 0 0
 709.551119402432 -NAN 0 0
 711.734594372125 -NAN 0 0
 713.918693659128 -NAN 0 0
 716.103423220679 -NAN 0 0
 718.288789014016 -NAN 0 0
 720.474796996377 -NAN 0 0
 722.661453125 -NAN 0 0
 724.848763357123 -NAN 0 0
 727.036733649984 -NAN 0 0
 729.225369960821 -NAN 0 0
 731.414678246872 -NAN 0 0
 733.604664465375 -NAN 0 0
 735.795334573568 -NAN 0 0
[END] of [DATA]
[END] of Spectrum


