"","Plant","UV_Mal","CON_Mal","GCMS","PLS","GCMS_UV","GCMS_CON","PLS_UV","PLS_CON","UV_Mal_sd","CON_Mal_sd","GCMS_sd","PLS_sd","GCMS_UV_sd","GCMS_CON_sd","PLS_UV_sd","PLS_CON_sd"
"1","1",0.0313244169703421,0.00232999724805078,0.448371961111111,0.43632587962963,0.437246575,0.470622733333333,0.430362336111111,0.448252966666667,0.0172276447150517,0.00109130228629786,0.0316567995070942,0.0431972229859309,0.0235820622944167,0.0387860763663113,0.0298139810385635,0.0701551278930485
"2","2",0.0326500689452356,0.0172427985090341,0.427978598333333,0.42565628,0.427809941666667,0.428147255,0.428226608333333,0.423085951666667,0.0365237440656727,0.0110214193161984,0.0254109753369079,0.0261628765169056,0.0334518250826082,0.0173633521859159,0.0245319846264146,0.029802975631908
"3","3",0.138183830611492,0.0531703796614284,0.338033518181818,0.350042244545455,0.344455,0.33032774,0.368679408333333,0.327677648,0.110879022967449,0.0457029563848002,0.0281184190174646,0.0378104341887042,0.020203657397412,0.0364733065401013,0.0287231817659238,0.0373705911916369
"4","4",0.038265566050312,0.0393864374303356,0.444996008333333,0.441220849166667,0.444135891666667,0.445856125,0.439621163888889,0.442820534444445,0.0614415806841015,0.0640252936268226,0.0328721617951257,0.0282037174395541,0.0276105703262793,0.0401640975376237,0.0192965483422133,0.0370336459075801
"5","5",0.0930589594316829,0.0459434498129521,0.42494115625,0.421488447916667,0.4579509,0.40513531,0.436756511111111,0.41232761,0.0849161005629795,0.0357155014135938,0.0555717265922123,0.0209714283450117,0.0551407069008913,0.0507598147758195,0.0125255082674579,0.020284741280625
"6","6",0.0850459788533863,0.0494804358567454,0.390108366666667,0.41198836,0.387940183333333,0.39227655,0.412105083333334,0.411871636666666,0.0493196871969418,0.0530616037629084,0.014541611354416,0.0195490036440212,0.0159963602029545,0.0140727619342828,0.0210936150893582,0.0198943836219419
