[Spectrum]
Version            = 1
IDData             = 12ad_2026-06-11_12-01-00_000_393
IDDevice           = SAM_82E6
IDDataType         = SPECTRUM
IDDataTypeSub1     = CALIBRATED
IDDataTypeSub2     = 
IDDataTypeSub3     = 
DateTime           = 2026-06-11 12:01:00
PositionLatitude   = 0
PositionLongitude  = 0
Comment            = 20260611_FrameE
CommentSub1        = con
CommentSub2        = right
CommentSub3        = 17cm
IDMethodType       = SAM Control
MethodName         = SAM_82E6
Mission            = No Mission
MissionSub         = 1
RecordType         = 0
[Attributes]
CalFactor = 1
IDBasisSpec = 
IDDataBack = DLAB_2024-11-11_10-40-48_641_639
IDDataCal = DLAB_2024-11-12_11-45-27_171_455
IntegrationTime = 128
P31 = -1
P31e = 0
PathLength = +INF
PathLengthCustomOn = 0
RAWDynamic = 65535
Salinity = 0
Temperature = -NAN
Unit1 = $01 $01 Wavelength nm
Unit2 = $03 $06 Intensity mW/(m^2 nm)
Unit3 = $f0 $06 Error mW/(m^2 nm)
Unit4 = $f1 $00 Status 
p999 = 8747
[END] of [Attributes]
[DATA]
 0 6 0 0
 185.260577530984 -NAN 0 0
 187.468128380571 -NAN 0 0
 189.674861895872 -NAN 0 0
 191.880784034125 -NAN 0 0
 194.085900752568 -NAN 0 0
 196.290218008439 -NAN 0 0
 198.493741758976 -NAN 0 0
 200.696477961417 -NAN 0 0
 202.898432573 -NAN 0 0
 205.099611550963 -NAN 0 0
 207.300020852544 -NAN 0 0
 209.499666434981 -NAN 0 0
 211.698554255512 -NAN 0 0
 213.896690271375 -NAN 0 0
 216.094080439808 -NAN 0 0
 218.290730718049 -NAN 0 0
 220.486647063336 -NAN 0 0
 222.681835432907 -NAN 0 0
 224.876301784 -NAN 0 0
 227.070052073853 -NAN 0 0
 229.263092259704 -NAN 0 0
 231.455428298791 -NAN 0 0
 233.647066148352 -NAN 0 0
 235.838011765625 -NAN 0 0
 238.028271107848 -NAN 0 0
 240.217850132259 -NAN 0 0
 242.406754796096 -NAN 0 0
 244.594991056597 -NAN 0 0
 246.782564871 -NAN 0 0
 248.969482196543 -NAN 0 0
 251.155748990464 -NAN 0 0
 253.341371210001 -NAN 0 0
 255.526354812392 -NAN 0 0
 257.710705754875 -NAN 0 0
 259.894429994688 -NAN 0 0
 262.077533489069 -NAN 0 0
 264.260022195256 -NAN 0 0
 266.441902070487 -NAN 0 0
 268.623179072 -NAN 0 0
 270.803859157033 -NAN 0 0
 272.983948282824 -NAN 0 0
 275.163452406611 -NAN 0 0
 277.342377485632 -NAN 0 0
 279.520729477125 0.704021031795628 0 0
 281.698514338328 -0.385293708694934 0 0
 283.875738026479 1.03147563601859 0 0
 286.052406498816 0.869322895223388 0 0
 288.228525712577 -0.206739677752258 0 0
 290.404101625 1.18681822336276 0 0
 292.579140193323 0.579856955053814 0 0
 294.753647374784 -0.0394429157006987 0 0
 296.927629126621 1.42415354125677 0 0
 299.101091406072 0.576237444886228 0 0
 301.274040170375 0.369503948825793 0 0
 303.446481376768 1.51519074359931 0 0
 305.618420982489 0.663673246212411 0 0
 307.789864944776 0.673236259720834 0 0
 309.960819220867 1.63286423738375 0 0
 312.131289768 0.973013832127112 0 0
 314.301282543413 2.20818319487107 0 0
 316.470803504344 5.83509036408717 0 0
 318.639858608031 8.92609273597551 0 0
 320.808453811712 14.191384735237 0 0
 322.976595072625 19.1890406155184 0 0
 325.144288348008 19.952659690676 0 0
 327.311539595099 21.6000703570754 0 0
 329.478354771136 22.20259888842 0 0
 331.644739833357 19.8154124632823 0 0
 333.810700739 20.1064798937853 0 0
 335.976243445303 18.7697140463676 0 0
 338.141373909504 15.7447116531251 0 0
 340.306098088841 15.5326355189402 0 0
 342.470421940552 14.0085864779422 0 0
 344.634351421875 11.8419241542802 0 0
 346.797892490048 11.9375591695272 0 0
 348.961051102309 10.3615798466634 0 0
 351.123833215896 8.93838874143547 0 0
 353.286244788047 9.22755648564851 0 0
 355.448291776 8.09869119497047 0 0
 357.609980136993 7.50952980980688 0 0
 359.771315828264 9.15471084479765 0 0
 361.932304807051 11.5583973015792 0 0
 364.092953030592 15.3784443811601 0 0
 366.253266456125 16.2680089771238 0 0
 368.413251040888 10.4124570126452 0 0
 370.572912742119 7.0648429627006 0 0
 372.732257517056 6.77401017776453 0 0
 374.891291322937 4.48369169445623 0 0
 377.050020117 4.37194893796337 0 0
 379.208449856483 4.54348597885802 0 0
 381.366586498624 2.77465511621334 0 0
 383.524436000661 3.21457256978703 0 0
 385.682004319832 3.34312453238016 0 0
 387.839297413375 1.85885568162984 0 0
 389.996321238528 2.67609031327214 0 0
 392.153081752529 2.65458581185681 0 0
 394.309584912616 1.62254606669645 0 0
 396.465836676027 2.67719113186799 0 0
 398.621843 3.14128943137427 0 0
 400.777609841773 5.88798955893449 0 0
 402.933143158584 13.768048291453 0 0
 405.088448907671 15.687132942707 0 0
 407.243533046272 11.2898518774077 0 0
 409.398401531625 7.66868217554991 0 0
 411.553060320968 5.75973946224862 0 0
 413.707515371539 6.20845629069311 0 0
 415.861772640576 9.42671943093411 0 0
 418.015838085317 11.8683367777671 0 0
 420.169717663 16.432265234849 0 0
 422.323417330863 23.7994316138032 0 0
 424.476943046144 32.0010491063251 0 0
 426.630300766081 44.3843698288259 0 0
 428.783496447912 62.2866122877506 0 0
 430.936536048875 87.5996701994029 0 0
 433.089425526208 134.030435958741 0 0
 435.242170837149 185.807636375696 0 0
 437.394777938936 227.701274285929 0 0
 439.547252788807 270.30170161966 0 0
 441.699601344 341.191542652673 0 0
 443.851829561753 430.286119835799 0 0
 446.003943399304 517.865030915382 0 0
 448.155948813891 573.510601801567 0 0
 450.307851762752 576.351004747199 0 0
 452.459658203125 529.657102468 0 0
 454.611374092248 453.836609870047 0 0
 456.763005387359 376.419183998074 0 0
 458.914558045696 316.236929353237 0 0
 461.066038024497 271.679704890588 0 0
 463.217451281 237.0636384386 0 0
 465.368803772443 207.506299646313 0 0
 467.520101456064 177.120693602381 0 0
 469.671350289101 148.747579294681 0 0
 471.822556228792 126.508689616811 0 0
 473.973725232375 108.138447472778 0 0
 476.124863257088 96.4806297751581 0 0
 478.275976260169 90.3407842942883 0 0
 480.427070198856 85.1109453771356 0 0
 482.578151030387 82.8308606405219 0 0
 484.729224712 82.6578415112932 0 0
 486.880297200933 81.8965866534876 0 0
 489.031374454424 83.8726542761447 0 0
 491.182462429711 87.665945080914 0 0
 493.333567084032 90.5797593965185 0 0
 495.484694374625 95.638826294065 0 0
 497.635850258728 100.971002284619 0 0
 499.787040693579 104.856095558452 0 0
 501.938271636416 110.253239333716 0 0
 504.089549044477 -NAN 0 0
 506.240878875 -NAN 0 0
 508.392267085223 -NAN 0 0
 510.543719632384 -NAN 0 0
 512.695242473721 -NAN 0 0
 514.846841566472 -NAN 0 0
 516.998522867875 -NAN 0 0
 519.150292335168 -NAN 0 0
 521.302155925589 -NAN 0 0
 523.454119596376 -NAN 0 0
 525.606189304767 -NAN 0 0
 527.758371008 -NAN 0 0
 529.910670663313 -NAN 0 0
 532.063094227944 -NAN 0 0
 534.215647659131 -NAN 0 0
 536.368336914112 -NAN 0 0
 538.521167950125 -NAN 0 0
 540.674146724408 -NAN 0 0
 542.827279194199 -NAN 0 0
 544.980571316736 -NAN 0 0
 547.134029049257 -NAN 0 0
 549.287658349 -NAN 0 0
 551.441465173203 -NAN 0 0
 553.595455479104 -NAN 0 0
 555.749635223941 -NAN 0 0
 557.904010364952 -NAN 0 0
 560.058586859375 -NAN 0 0
 562.213370664448 -NAN 0 0
 564.368367737409 -NAN 0 0
 566.523584035496 -NAN 0 0
 568.679025515947 -NAN 0 0
 570.834698136 -NAN 0 0
 572.990607852893 -NAN 0 0
 575.146760623864 -NAN 0 0
 577.303162406151 -NAN 0 0
 579.459819156992 -NAN 0 0
 581.616736833625 -NAN 0 0
 583.773921393288 -NAN 0 0
 585.931378793219 -NAN 0 0
 588.089114990656 -NAN 0 0
 590.247135942837 -NAN 0 0
 592.405447607 -NAN 0 0
 594.564055940383 -NAN 0 0
 596.722966900224 -NAN 0 0
 598.882186443761 -NAN 0 0
 601.041720528232 -NAN 0 0
 603.201575110875 -NAN 0 0
 605.361756148928 -NAN 0 0
 607.522269599629 -NAN 0 0
 609.683121420216 -NAN 0 0
 611.844317567927 -NAN 0 0
 614.005864 -NAN 0 0
 616.167766673673 -NAN 0 0
 618.330031546184 -NAN 0 0
 620.492664574771 -NAN 0 0
 622.655671716672 -NAN 0 0
 624.819058929125 -NAN 0 0
 626.982832169368 -NAN 0 0
 629.146997394639 -NAN 0 0
 631.311560562176 -NAN 0 0
 633.476527629217 -NAN 0 0
 635.641904553 -NAN 0 0
 637.807697290763 -NAN 0 0
 639.973911799744 -NAN 0 0
 642.140554037181 -NAN 0 0
 644.307629960312 -NAN 0 0
 646.475145526375 -NAN 0 0
 648.643106692608 -NAN 0 0
 650.811519416249 -NAN 0 0
 652.980389654536 -NAN 0 0
 655.149723364707 -NAN 0 0
 657.319526504 -NAN 0 0
 659.489805029653 -NAN 0 0
 661.660564898904 -NAN 0 0
 663.831812068991 -NAN 0 0
 666.003552497152 -NAN 0 0
 668.175792140625 -NAN 0 0
 670.348536956648 -NAN 0 0
 672.521792902459 -NAN 0 0
 674.695565935296 -NAN 0 0
 676.869862012397 -NAN 0 0
 679.044687091 -NAN 0 0
 681.220047128343 -NAN 0 0
 683.395948081664 -NAN 0 0
 685.572395908201 -NAN 0 0
 687.749396565192 -NAN 0 0
 689.926956009875 -NAN 0 0
 692.105080199488 -NAN 0 0
 694.283775091269 -NAN 0 0
 696.463046642456 -NAN 0 0
 698.642900810287 -NAN 0 0
 700.823343552 -NAN 0 0
 703.004380824833 -NAN 0 0
 705.186018586024 -NAN 0 0
 707.368262792811 -NAN 0 0
 709.551119402432 -NAN 0 0
 711.734594372125 -NAN 0 0
 713.918693659128 -NAN 0 0
 716.103423220679 -NAN 0 0
 718.288789014016 -NAN 0 0
 720.474796996377 -NAN 0 0
 722.661453125 -NAN 0 0
 724.848763357123 -NAN 0 0
 727.036733649984 -NAN 0 0
 729.225369960821 -NAN 0 0
 731.414678246872 -NAN 0 0
 733.604664465375 -NAN 0 0
 735.795334573568 -NAN 0 0
[END] of [DATA]
[END] of Spectrum


[Spectrum]
Version            = 1
IDData             = 12ad_2026-06-11_12-00-55_000_390
IDDevice           = SAM_82E6
IDDataType         = SPECTRUM
IDDataTypeSub1     = CALIBRATED
IDDataTypeSub2     = 
IDDataTypeSub3     = 
DateTime           = 2026-06-11 12:00:55
PositionLatitude   = 0
PositionLongitude  = 0
Comment            = 20260611_FrameE
CommentSub1        = con
CommentSub2        = right
CommentSub3        = 17cm
IDMethodType       = SAM Control
MethodName         = SAM_82E6
Mission            = No Mission
MissionSub         = 1
RecordType         = 0
[Attributes]
CalFactor = 1
IDBasisSpec = 
IDDataBack = DLAB_2024-11-11_10-40-48_641_639
IDDataCal = DLAB_2024-11-12_11-45-27_171_455
IntegrationTime = 128
P31 = -1
P31e = 0
PathLength = +INF
PathLengthCustomOn = 0
RAWDynamic = 65535
Salinity = 0
Temperature = -NAN
Unit1 = $01 $01 Wavelength nm
Unit2 = $03 $06 Intensity mW/(m^2 nm)
Unit3 = $f0 $06 Error mW/(m^2 nm)
Unit4 = $f1 $00 Status 
p999 = 8746
[END] of [Attributes]
[DATA]
 0 6 0 0
 185.260577530984 -NAN 0 0
 187.468128380571 -NAN 0 0
 189.674861895872 -NAN 0 0
 191.880784034125 -NAN 0 0
 194.085900752568 -NAN 0 0
 196.290218008439 -NAN 0 0
 198.493741758976 -NAN 0 0
 200.696477961417 -NAN 0 0
 202.898432573 -NAN 0 0
 205.099611550963 -NAN 0 0
 207.300020852544 -NAN 0 0
 209.499666434981 -NAN 0 0
 211.698554255512 -NAN 0 0
 213.896690271375 -NAN 0 0
 216.094080439808 -NAN 0 0
 218.290730718049 -NAN 0 0
 220.486647063336 -NAN 0 0
 222.681835432907 -NAN 0 0
 224.876301784 -NAN 0 0
 227.070052073853 -NAN 0 0
 229.263092259704 -NAN 0 0
 231.455428298791 -NAN 0 0
 233.647066148352 -NAN 0 0
 235.838011765625 -NAN 0 0
 238.028271107848 -NAN 0 0
 240.217850132259 -NAN 0 0
 242.406754796096 -NAN 0 0
 244.594991056597 -NAN 0 0
 246.782564871 -NAN 0 0
 248.969482196543 -NAN 0 0
 251.155748990464 -NAN 0 0
 253.341371210001 -NAN 0 0
 255.526354812392 -NAN 0 0
 257.710705754875 -NAN 0 0
 259.894429994688 -NAN 0 0
 262.077533489069 -NAN 0 0
 264.260022195256 -NAN 0 0
 266.441902070487 -NAN 0 0
 268.623179072 -NAN 0 0
 270.803859157033 -NAN 0 0
 272.983948282824 -NAN 0 0
 275.163452406611 -NAN 0 0
 277.342377485632 -NAN 0 0
 279.520729477125 1.04897461249338 0 0
 281.698514338328 -0.470277363745858 0 0
 283.875738026479 0.609245120716539 0 0
 286.052406498816 0.879486005873763 0 0
 288.228525712577 -0.248287993335674 0 0
 290.404101625 1.03995298545163 0 0
 292.579140193323 0.792701104539097 0 0
 294.753647374784 -0.17768605910824 0 0
 296.927629126621 1.15879730931297 0 0
 299.101091406072 0.927796002191139 0 0
 301.274040170375 0.314967430457051 0 0
 303.446481376768 1.2672640749739 0 0
 305.618420982489 0.92285100150834 0 0
 307.789864944776 0.449835730317042 0 0
 309.960819220867 1.52371333830171 0 0
 312.131289768 1.28470847307779 0 0
 314.301282543413 1.92329653507864 0 0
 316.470803504344 5.93160933646765 0 0
 318.639858608031 9.09718908966182 0 0
 320.808453811712 13.7933848290171 0 0
 322.976595072625 19.1988841697691 0 0
 325.144288348008 19.988752104046 0 0
 327.311539595099 21.0561870083809 0 0
 329.478354771136 22.052367620544 0 0
 331.644739833357 19.8257757050171 0 0
 333.810700739 19.5306758735848 0 0
 335.976243445303 18.7537237610828 0 0
 338.141373909504 15.4764702056433 0 0
 340.306098088841 15.0535135939927 0 0
 342.470421940552 14.0177526207454 0 0
 344.634351421875 11.6696400930702 0 0
 346.797892490048 11.4024247705616 0 0
 348.961051102309 10.4529464244379 0 0
 351.123833215896 8.64398288103452 0 0
 353.286244788047 8.92114846541341 0 0
 355.448291776 8.24175526631459 0 0
 357.609980136993 7.22790310699234 0 0
 359.771315828264 8.83310598682704 0 0
 361.932304807051 11.4474943759465 0 0
 364.092953030592 14.8782894862933 0 0
 366.253266456125 15.9818928445684 0 0
 368.413251040888 10.486407335424 0 0
 370.572912742119 6.71190890312225 0 0
 372.732257517056 6.571811325937 0 0
 374.891291322937 4.61410503119517 0 0
 377.050020117 4.10847685094094 0 0
 379.208449856483 4.83037188148707 0 0
 381.366586498624 2.98805822992148 0 0
 383.524436000661 2.78962420759852 0 0
 385.682004319832 3.66030994686264 0 0
 387.839297413375 1.99629191543131 0 0
 389.996321238528 2.50893707531413 0 0
 392.153081752529 3.01398076829811 0 0
 394.309584912616 1.53390967671692 0 0
 396.465836676027 2.44493489388737 0 0
 398.621843 3.5088266741314 0 0
 400.777609841773 5.66300262778097 0 0
 402.933143158584 13.275062180434 0 0
 405.088448907671 15.6293958171815 0 0
 407.243533046272 10.8918705190824 0 0
 409.398401531625 7.4498284047827 0 0
 411.553060320968 6.04540576109113 0 0
 413.707515371539 5.94859719030842 0 0
 415.861772640576 9.34200894589358 0 0
 418.015838085317 12.0521547239427 0 0
 420.169717663 16.3196884703863 0 0
 422.323417330863 23.8882419289733 0 0
 424.476943046144 32.2309481607345 0 0
 426.630300766081 44.1884258407588 0 0
 428.783496447912 62.2621662013038 0 0
 430.936536048875 87.5757736523713 0 0
 433.089425526208 133.511476865712 0 0
 435.242170837149 185.295339499491 0 0
 437.394777938936 227.347182996127 0 0
 439.547252788807 269.870606749077 0 0
 441.699601344 341.226886488617 0 0
 443.851829561753 430.397446105812 0 0
 446.003943399304 517.455216763977 0 0
 448.155948813891 573.59571128574 0 0
 450.307851762752 576.357317440725 0 0
 452.459658203125 529.396809415586 0 0
 454.611374092248 453.945969641814 0 0
 456.763005387359 376.303009887163 0 0
 458.914558045696 315.956482631333 0 0
 461.066038024497 271.760197008658 0 0
 463.217451281 236.902648542098 0 0
 465.368803772443 207.26669130986 0 0
 467.520101456064 177.282417795424 0 0
 469.671350289101 148.540821987131 0 0
 471.822556228792 126.240885846685 0 0
 473.973725232375 108.403810919642 0 0
 476.124863257088 96.368809815729 0 0
 478.275976260169 90.2685533074004 0 0
 480.427070198856 85.3793844629826 0 0
 482.578151030387 82.6578577951296 0 0
 484.729224712 82.7662486483773 0 0
 486.880297200933 82.1863051425015 0 0
 489.031374454424 83.7193608395935 0 0
 491.182462429711 87.5933490982054 0 0
 493.333567084032 90.5875527172168 0 0
 495.484694374625 95.5071133762422 0 0
 497.635850258728 101.176165833504 0 0
 499.787040693579 104.94198202459 0 0
 501.938271636416 109.931447404166 0 0
 504.089549044477 -NAN 0 0
 506.240878875 -NAN 0 0
 508.392267085223 -NAN 0 0
 510.543719632384 -NAN 0 0
 512.695242473721 -NAN 0 0
 514.846841566472 -NAN 0 0
 516.998522867875 -NAN 0 0
 519.150292335168 -NAN 0 0
 521.302155925589 -NAN 0 0
 523.454119596376 -NAN 0 0
 525.606189304767 -NAN 0 0
 527.758371008 -NAN 0 0
 529.910670663313 -NAN 0 0
 532.063094227944 -NAN 0 0
 534.215647659131 -NAN 0 0
 536.368336914112 -NAN 0 0
 538.521167950125 -NAN 0 0
 540.674146724408 -NAN 0 0
 542.827279194199 -NAN 0 0
 544.980571316736 -NAN 0 0
 547.134029049257 -NAN 0 0
 549.287658349 -NAN 0 0
 551.441465173203 -NAN 0 0
 553.595455479104 -NAN 0 0
 555.749635223941 -NAN 0 0
 557.904010364952 -NAN 0 0
 560.058586859375 -NAN 0 0
 562.213370664448 -NAN 0 0
 564.368367737409 -NAN 0 0
 566.523584035496 -NAN 0 0
 568.679025515947 -NAN 0 0
 570.834698136 -NAN 0 0
 572.990607852893 -NAN 0 0
 575.146760623864 -NAN 0 0
 577.303162406151 -NAN 0 0
 579.459819156992 -NAN 0 0
 581.616736833625 -NAN 0 0
 583.773921393288 -NAN 0 0
 585.931378793219 -NAN 0 0
 588.089114990656 -NAN 0 0
 590.247135942837 -NAN 0 0
 592.405447607 -NAN 0 0
 594.564055940383 -NAN 0 0
 596.722966900224 -NAN 0 0
 598.882186443761 -NAN 0 0
 601.041720528232 -NAN 0 0
 603.201575110875 -NAN 0 0
 605.361756148928 -NAN 0 0
 607.522269599629 -NAN 0 0
 609.683121420216 -NAN 0 0
 611.844317567927 -NAN 0 0
 614.005864 -NAN 0 0
 616.167766673673 -NAN 0 0
 618.330031546184 -NAN 0 0
 620.492664574771 -NAN 0 0
 622.655671716672 -NAN 0 0
 624.819058929125 -NAN 0 0
 626.982832169368 -NAN 0 0
 629.146997394639 -NAN 0 0
 631.311560562176 -NAN 0 0
 633.476527629217 -NAN 0 0
 635.641904553 -NAN 0 0
 637.807697290763 -NAN 0 0
 639.973911799744 -NAN 0 0
 642.140554037181 -NAN 0 0
 644.307629960312 -NAN 0 0
 646.475145526375 -NAN 0 0
 648.643106692608 -NAN 0 0
 650.811519416249 -NAN 0 0
 652.980389654536 -NAN 0 0
 655.149723364707 -NAN 0 0
 657.319526504 -NAN 0 0
 659.489805029653 -NAN 0 0
 661.660564898904 -NAN 0 0
 663.831812068991 -NAN 0 0
 666.003552497152 -NAN 0 0
 668.175792140625 -NAN 0 0
 670.348536956648 -NAN 0 0
 672.521792902459 -NAN 0 0
 674.695565935296 -NAN 0 0
 676.869862012397 -NAN 0 0
 679.044687091 -NAN 0 0
 681.220047128343 -NAN 0 0
 683.395948081664 -NAN 0 0
 685.572395908201 -NAN 0 0
 687.749396565192 -NAN 0 0
 689.926956009875 -NAN 0 0
 692.105080199488 -NAN 0 0
 694.283775091269 -NAN 0 0
 696.463046642456 -NAN 0 0
 698.642900810287 -NAN 0 0
 700.823343552 -NAN 0 0
 703.004380824833 -NAN 0 0
 705.186018586024 -NAN 0 0
 707.368262792811 -NAN 0 0
 709.551119402432 -NAN 0 0
 711.734594372125 -NAN 0 0
 713.918693659128 -NAN 0 0
 716.103423220679 -NAN 0 0
 718.288789014016 -NAN 0 0
 720.474796996377 -NAN 0 0
 722.661453125 -NAN 0 0
 724.848763357123 -NAN 0 0
 727.036733649984 -NAN 0 0
 729.225369960821 -NAN 0 0
 731.414678246872 -NAN 0 0
 733.604664465375 -NAN 0 0
 735.795334573568 -NAN 0 0
[END] of [DATA]
[END] of Spectrum


[Spectrum]
Version            = 1
IDData             = 12ad_2026-06-11_12-00-50_000_387
IDDevice           = SAM_82E6
IDDataType         = SPECTRUM
IDDataTypeSub1     = CALIBRATED
IDDataTypeSub2     = 
IDDataTypeSub3     = 
DateTime           = 2026-06-11 12:00:50
PositionLatitude   = 0
PositionLongitude  = 0
Comment            = 20260611_FrameE
CommentSub1        = con
CommentSub2        = right
CommentSub3        = 17cm
IDMethodType       = SAM Control
MethodName         = SAM_82E6
Mission            = No Mission
MissionSub         = 1
RecordType         = 0
[Attributes]
CalFactor = 1
IDBasisSpec = 
IDDataBack = DLAB_2024-11-11_10-40-48_641_639
IDDataCal = DLAB_2024-11-12_11-45-27_171_455
IntegrationTime = 128
P31 = -1
P31e = 0
PathLength = +INF
PathLengthCustomOn = 0
RAWDynamic = 65535
Salinity = 0
Temperature = -NAN
Unit1 = $01 $01 Wavelength nm
Unit2 = $03 $06 Intensity mW/(m^2 nm)
Unit3 = $f0 $06 Error mW/(m^2 nm)
Unit4 = $f1 $00 Status 
p999 = 8745
[END] of [Attributes]
[DATA]
 0 6 0 0
 185.260577530984 -NAN 0 0
 187.468128380571 -NAN 0 0
 189.674861895872 -NAN 0 0
 191.880784034125 -NAN 0 0
 194.085900752568 -NAN 0 0
 196.290218008439 -NAN 0 0
 198.493741758976 -NAN 0 0
 200.696477961417 -NAN 0 0
 202.898432573 -NAN 0 0
 205.099611550963 -NAN 0 0
 207.300020852544 -NAN 0 0
 209.499666434981 -NAN 0 0
 211.698554255512 -NAN 0 0
 213.896690271375 -NAN 0 0
 216.094080439808 -NAN 0 0
 218.290730718049 -NAN 0 0
 220.486647063336 -NAN 0 0
 222.681835432907 -NAN 0 0
 224.876301784 -NAN 0 0
 227.070052073853 -NAN 0 0
 229.263092259704 -NAN 0 0
 231.455428298791 -NAN 0 0
 233.647066148352 -NAN 0 0
 235.838011765625 -NAN 0 0
 238.028271107848 -NAN 0 0
 240.217850132259 -NAN 0 0
 242.406754796096 -NAN 0 0
 244.594991056597 -NAN 0 0
 246.782564871 -NAN 0 0
 248.969482196543 -NAN 0 0
 251.155748990464 -NAN 0 0
 253.341371210001 -NAN 0 0
 255.526354812392 -NAN 0 0
 257.710705754875 -NAN 0 0
 259.894429994688 -NAN 0 0
 262.077533489069 -NAN 0 0
 264.260022195256 -NAN 0 0
 266.441902070487 -NAN 0 0
 268.623179072 -NAN 0 0
 270.803859157033 -NAN 0 0
 272.983948282824 -NAN 0 0
 275.163452406611 -NAN 0 0
 277.342377485632 -NAN 0 0
 279.520729477125 0.301782740945901 0 0
 281.698514338328 -0.0545111744198025 0 0
 283.875738026479 1.41416616995457 0 0
 286.052406498816 0.295833079952216 0 0
 288.228525712577 0.181522167872083 0 0
 290.404101625 1.42383835979358 0 0
 292.579140193323 0.0991956638320804 0 0
 294.753647374784 0.430036274287292 0 0
 296.927629126621 1.28830130767789 0 0
 299.101091406072 0.148408556504998 0 0
 301.274040170375 0.725731845404592 0 0
 303.446481376768 1.31968909741452 0 0
 305.618420982489 0.393741227211259 0 0
 307.789864944776 0.943668479525427 0 0
 309.960819220867 1.36160804263531 0 0
 312.131289768 0.589303100848474 0 0
 314.301282543413 2.66981586400411 0 0
 316.470803504344 5.39647883137083 0 0
 318.639858608031 8.62635250733707 0 0
 320.808453811712 14.5281538866537 0 0
 322.976595072625 18.2285909650506 0 0
 325.144288348008 19.4343726346817 0 0
 327.311539595099 21.7334757067551 0 0
 329.478354771136 20.9724874177914 0 0
 331.644739833357 19.3905195521568 0 0
 333.810700739 20.0013845584788 0 0
 335.976243445303 17.7768626964113 0 0
 338.141373909504 15.6702781624626 0 0
 340.306098088841 15.4362682195882 0 0
 342.470421940552 13.1378029116445 0 0
 344.634351421875 11.7979099780586 0 0
 346.797892490048 11.8083054885129 0 0
 348.961051102309 9.69656994514033 0 0
 351.123833215896 8.87905980378813 0 0
 353.286244788047 9.13050910557405 0 0
 355.448291776 7.49954316686013 0 0
 357.609980136993 7.56842512788597 0 0
 359.771315828264 8.71048741221618 0 0
 361.932304807051 10.7096056034197 0 0
 364.092953030592 15.2982841158429 0 0
 366.253266456125 15.6595742625875 0 0
 368.413251040888 9.71538429792692 0 0
 370.572912742119 7.36000133992805 0 0
 372.732257517056 6.04739881990688 0 0
 374.891291322937 4.09782955379567 0 0
 377.050020117 4.77060565602349 0 0
 379.208449856483 4.14184571517735 0 0
 381.366586498624 2.5216805642017 0 0
 383.524436000661 3.62530861216989 0 0
 385.682004319832 2.83249868574692 0 0
 387.839297413375 1.88577618103425 0 0
 389.996321238528 3.0567502081177 0 0
 392.153081752529 2.23136009095104 0 0
 394.309584912616 1.62390970346537 0 0
 396.465836676027 2.94435293162604 0 0
 398.621843 2.76048369609882 0 0
 400.777609841773 5.8658810165668 0 0
 402.933143158584 13.4727635514339 0 0
 405.088448907671 14.7154294046078 0 0
 407.243533046272 11.0985832246006 0 0
 409.398401531625 7.64920304412037 0 0
 411.553060320968 5.26451101367608 0 0
 413.707515371539 6.47680058619241 0 0
 415.861772640576 9.35425624493559 0 0
 418.015838085317 11.4623645223098 0 0
 420.169717663 16.756751203006 0 0
 422.323417330863 23.6025840080138 0 0
 424.476943046144 31.7462961000877 0 0
 426.630300766081 44.6804437843633 0 0
 428.783496447912 61.9232928650414 0 0
 430.936536048875 87.1703563716976 0 0
 433.089425526208 133.360889671791 0 0
 435.242170837149 184.182832086578 0 0
 437.394777938936 226.421589963188 0 0
 439.547252788807 270.127807816329 0 0
 441.699601344 340.911257814142 0 0
 443.851829561753 430.392423868067 0 0
 446.003943399304 518.11228830527 0 0
 448.155948813891 573.369337606186 0 0
 450.307851762752 576.481767684511 0 0
 452.459658203125 529.974826727708 0 0
 454.611374092248 453.666389007906 0 0
 456.763005387359 376.66617601539 0 0
 458.914558045696 316.669076793039 0 0
 461.066038024497 271.148864466352 0 0
 463.217451281 237.232937491051 0 0
 465.368803772443 207.564354529595 0 0
 467.520101456064 176.77475377223 0 0
 469.671350289101 149.060421503488 0 0
 471.822556228792 126.352379661187 0 0
 473.973725232375 107.84225341798 0 0
 476.124863257088 96.6810199994817 0 0
 478.275976260169 90.1418712688586 0 0
 480.427070198856 85.0920098399596 0 0
 482.578151030387 83.1534272361245 0 0
 484.729224712 82.4376744390706 0 0
 486.880297200933 81.716491376533 0 0
 489.031374454424 84.3370103065738 0 0
 491.182462429711 87.4057164044355 0 0
 493.333567084032 90.240193280375 0 0
 495.484694374625 96.0782382972217 0 0
 497.635850258728 100.656125607988 0 0
 499.787040693579 104.798475524207 0 0
 501.938271636416 110.71924570661 0 0
 504.089549044477 -NAN 0 0
 506.240878875 -NAN 0 0
 508.392267085223 -NAN 0 0
 510.543719632384 -NAN 0 0
 512.695242473721 -NAN 0 0
 514.846841566472 -NAN 0 0
 516.998522867875 -NAN 0 0
 519.150292335168 -NAN 0 0
 521.302155925589 -NAN 0 0
 523.454119596376 -NAN 0 0
 525.606189304767 -NAN 0 0
 527.758371008 -NAN 0 0
 529.910670663313 -NAN 0 0
 532.063094227944 -NAN 0 0
 534.215647659131 -NAN 0 0
 536.368336914112 -NAN 0 0
 538.521167950125 -NAN 0 0
 540.674146724408 -NAN 0 0
 542.827279194199 -NAN 0 0
 544.980571316736 -NAN 0 0
 547.134029049257 -NAN 0 0
 549.287658349 -NAN 0 0
 551.441465173203 -NAN 0 0
 553.595455479104 -NAN 0 0
 555.749635223941 -NAN 0 0
 557.904010364952 -NAN 0 0
 560.058586859375 -NAN 0 0
 562.213370664448 -NAN 0 0
 564.368367737409 -NAN 0 0
 566.523584035496 -NAN 0 0
 568.679025515947 -NAN 0 0
 570.834698136 -NAN 0 0
 572.990607852893 -NAN 0 0
 575.146760623864 -NAN 0 0
 577.303162406151 -NAN 0 0
 579.459819156992 -NAN 0 0
 581.616736833625 -NAN 0 0
 583.773921393288 -NAN 0 0
 585.931378793219 -NAN 0 0
 588.089114990656 -NAN 0 0
 590.247135942837 -NAN 0 0
 592.405447607 -NAN 0 0
 594.564055940383 -NAN 0 0
 596.722966900224 -NAN 0 0
 598.882186443761 -NAN 0 0
 601.041720528232 -NAN 0 0
 603.201575110875 -NAN 0 0
 605.361756148928 -NAN 0 0
 607.522269599629 -NAN 0 0
 609.683121420216 -NAN 0 0
 611.844317567927 -NAN 0 0
 614.005864 -NAN 0 0
 616.167766673673 -NAN 0 0
 618.330031546184 -NAN 0 0
 620.492664574771 -NAN 0 0
 622.655671716672 -NAN 0 0
 624.819058929125 -NAN 0 0
 626.982832169368 -NAN 0 0
 629.146997394639 -NAN 0 0
 631.311560562176 -NAN 0 0
 633.476527629217 -NAN 0 0
 635.641904553 -NAN 0 0
 637.807697290763 -NAN 0 0
 639.973911799744 -NAN 0 0
 642.140554037181 -NAN 0 0
 644.307629960312 -NAN 0 0
 646.475145526375 -NAN 0 0
 648.643106692608 -NAN 0 0
 650.811519416249 -NAN 0 0
 652.980389654536 -NAN 0 0
 655.149723364707 -NAN 0 0
 657.319526504 -NAN 0 0
 659.489805029653 -NAN 0 0
 661.660564898904 -NAN 0 0
 663.831812068991 -NAN 0 0
 666.003552497152 -NAN 0 0
 668.175792140625 -NAN 0 0
 670.348536956648 -NAN 0 0
 672.521792902459 -NAN 0 0
 674.695565935296 -NAN 0 0
 676.869862012397 -NAN 0 0
 679.044687091 -NAN 0 0
 681.220047128343 -NAN 0 0
 683.395948081664 -NAN 0 0
 685.572395908201 -NAN 0 0
 687.749396565192 -NAN 0 0
 689.926956009875 -NAN 0 0
 692.105080199488 -NAN 0 0
 694.283775091269 -NAN 0 0
 696.463046642456 -NAN 0 0
 698.642900810287 -NAN 0 0
 700.823343552 -NAN 0 0
 703.004380824833 -NAN 0 0
 705.186018586024 -NAN 0 0
 707.368262792811 -NAN 0 0
 709.551119402432 -NAN 0 0
 711.734594372125 -NAN 0 0
 713.918693659128 -NAN 0 0
 716.103423220679 -NAN 0 0
 718.288789014016 -NAN 0 0
 720.474796996377 -NAN 0 0
 722.661453125 -NAN 0 0
 724.848763357123 -NAN 0 0
 727.036733649984 -NAN 0 0
 729.225369960821 -NAN 0 0
 731.414678246872 -NAN 0 0
 733.604664465375 -NAN 0 0
 735.795334573568 -NAN 0 0
[END] of [DATA]
[END] of Spectrum


[Spectrum]
Version            = 1
IDData             = 12ad_2026-06-11_12-00-45_000_384
IDDevice           = SAM_82E6
IDDataType         = SPECTRUM
IDDataTypeSub1     = CALIBRATED
IDDataTypeSub2     = 
IDDataTypeSub3     = 
DateTime           = 2026-06-11 12:00:45
PositionLatitude   = 0
PositionLongitude  = 0
Comment            = 20260611_FrameE
CommentSub1        = con
CommentSub2        = right
CommentSub3        = 17cm
IDMethodType       = SAM Control
MethodName         = SAM_82E6
Mission            = No Mission
MissionSub         = 1
RecordType         = 0
[Attributes]
CalFactor = 1
IDBasisSpec = 
IDDataBack = DLAB_2024-11-11_10-40-48_641_639
IDDataCal = DLAB_2024-11-12_11-45-27_171_455
IntegrationTime = 128
P31 = -1
P31e = 0
PathLength = +INF
PathLengthCustomOn = 0
RAWDynamic = 65535
Salinity = 0
Temperature = -NAN
Unit1 = $01 $01 Wavelength nm
Unit2 = $03 $06 Intensity mW/(m^2 nm)
Unit3 = $f0 $06 Error mW/(m^2 nm)
Unit4 = $f1 $00 Status 
p999 = 8744
[END] of [Attributes]
[DATA]
 0 6 0 0
 185.260577530984 -NAN 0 0
 187.468128380571 -NAN 0 0
 189.674861895872 -NAN 0 0
 191.880784034125 -NAN 0 0
 194.085900752568 -NAN 0 0
 196.290218008439 -NAN 0 0
 198.493741758976 -NAN 0 0
 200.696477961417 -NAN 0 0
 202.898432573 -NAN 0 0
 205.099611550963 -NAN 0 0
 207.300020852544 -NAN 0 0
 209.499666434981 -NAN 0 0
 211.698554255512 -NAN 0 0
 213.896690271375 -NAN 0 0
 216.094080439808 -NAN 0 0
 218.290730718049 -NAN 0 0
 220.486647063336 -NAN 0 0
 222.681835432907 -NAN 0 0
 224.876301784 -NAN 0 0
 227.070052073853 -NAN 0 0
 229.263092259704 -NAN 0 0
 231.455428298791 -NAN 0 0
 233.647066148352 -NAN 0 0
 235.838011765625 -NAN 0 0
 238.028271107848 -NAN 0 0
 240.217850132259 -NAN 0 0
 242.406754796096 -NAN 0 0
 244.594991056597 -NAN 0 0
 246.782564871 -NAN 0 0
 248.969482196543 -NAN 0 0
 251.155748990464 -NAN 0 0
 253.341371210001 -NAN 0 0
 255.526354812392 -NAN 0 0
 257.710705754875 -NAN 0 0
 259.894429994688 -NAN 0 0
 262.077533489069 -NAN 0 0
 264.260022195256 -NAN 0 0
 266.441902070487 -NAN 0 0
 268.623179072 -NAN 0 0
 270.803859157033 -NAN 0 0
 272.983948282824 -NAN 0 0
 275.163452406611 -NAN 0 0
 277.342377485632 -NAN 0 0
 279.520729477125 0.899536238183885 0 0
 281.698514338328 0.737797978824193 0 0
 283.875738026479 -0.195675928521494 0 0
 286.052406498816 1.51540635799724 0 0
 288.228525712577 0.637120938752308 0 0
 290.404101625 0.158761557984874 0 0
 292.579140193323 1.68918374740426 0 0
 294.753647374784 0.618922945477794 0 0
 296.927629126621 0.320830261069371 0 0
 299.101091406072 1.47122211110991 0 0
 301.274040170375 0.468133822471389 0 0
 303.446481376768 0.703695083737305 0 0
 305.618420982489 1.54874914915245 0 0
 307.789864944776 0.590930801519437 0 0
 309.960819220867 0.868807943809467 0 0
 312.131289768 1.77756859125974 0 0
 314.301282543413 1.84655155733864 0 0
 316.470803504344 4.99329831383214 0 0
 318.639858608031 9.77642874940901 0 0
 320.808453811712 13.0586157713805 0 0
 322.976595072625 17.8151616865183 0 0
 325.144288348008 20.3612258100252 0 0
 327.311539595099 19.6928136545107 0 0
 329.478354771136 20.7761455627455 0 0
 331.644739833357 20.1277901784304 0 0
 333.810700739 17.8609922366025 0 0
 335.976243445303 18.055965857746 0 0
 338.141373909504 16.142158405153 0 0
 340.306098088841 13.5224950916107 0 0
 342.470421940552 13.8134785811327 0 0
 344.634351421875 11.9261798630471 0 0
 346.797892490048 10.3659793657931 0 0
 348.961051102309 10.5223387619881 0 0
 351.123833215896 8.89249277080262 0 0
 353.286244788047 7.94631298466543 0 0
 355.448291776 8.42246777748612 0 0
 357.609980136993 7.36925187038215 0 0
 359.771315828264 7.85215738994011 0 0
 361.932304807051 11.8296153474336 0 0
 364.092953030592 14.8850635932215 0 0
 366.253266456125 14.7066323680356 0 0
 368.413251040888 11.039216305705 0 0
 370.572912742119 6.51597398036701 0 0
 372.732257517056 5.33513705798538 0 0
 374.891291322937 5.5175871166443 0 0
 377.050020117 3.54566736662077 0 0
 379.208449856483 3.98230916444705 0 0
 381.366586498624 3.91233396743886 0 0
 383.524436000661 2.26092591082888 0 0
 385.682004319832 3.07998865041039 0 0
 387.839297413375 2.94842747331365 0 0
 389.996321238528 1.7588544780908 0 0
 392.153081752529 2.97235200886476 0 0
 394.309584912616 2.52390997094987 0 0
 396.465836676027 1.60720141122895 0 0
 398.621843 3.51678776964239 0 0
 400.777609841773 6.37307698853138 0 0
 402.933143158584 12.1192695499729 0 0
 405.088448907671 15.2608609734018 0 0
 407.243533046272 11.2839118571342 0 0
 409.398401531625 6.38420533246068 0 0
 411.553060320968 6.42923538270191 0 0
 413.707515371539 6.52771175688002 0 0
 415.861772640576 8.50306896151625 0 0
 418.015838085317 12.6419449255756 0 0
 420.169717663 16.4615919550031 0 0
 422.323417330863 23.1026826463346 0 0
 424.476943046144 32.7475553023032 0 0
 426.630300766081 44.1780675682618 0 0
 428.783496447912 61.5692460958119 0 0
 430.936536048875 87.9663585935081 0 0
 433.089425526208 132.277633405842 0 0
 435.242170837149 183.286112749446 0 0
 437.394777938936 226.503118883188 0 0
 439.547252788807 269.060180744717 0 0
 441.699601344 340.787965363176 0 0
 443.851829561753 430.914736593541 0 0
 446.003943399304 517.075347279167 0 0
 448.155948813891 573.553595252335 0 0
 450.307851762752 577.190592986074 0 0
 452.459658203125 528.652056340351 0 0
 454.611374092248 453.985909732372 0 0
 456.763005387359 377.064487252801 0 0
 458.914558045696 315.225923910929 0 0
 461.066038024497 271.858010215427 0 0
 463.217451281 237.750182448846 0 0
 465.368803772443 206.437034250601 0 0
 467.520101456064 177.867195341129 0 0
 469.671350289101 149.03444152767 0 0
 471.822556228792 125.381727629057 0 0
 473.973725232375 109.024827450892 0 0
 476.124863257088 96.455165824001 0 0
 478.275976260169 89.3151042804806 0 0
 480.427070198856 86.1880432859077 0 0
 482.578151030387 82.6846453324807 0 0
 484.729224712 81.9280491348398 0 0
 486.880297200933 82.8776025409979 0 0
 489.031374454424 83.5448077293599 0 0
 491.182462429711 87.0974626932422 0 0
 493.333567084032 91.5761911143821 0 0
 495.484694374625 95.0555262294212 0 0
 497.635850258728 100.531052642358 0 0
 499.787040693579 105.848682186099 0 0
 501.938271636416 109.511718800405 0 0
 504.089549044477 -NAN 0 0
 506.240878875 -NAN 0 0
 508.392267085223 -NAN 0 0
 510.543719632384 -NAN 0 0
 512.695242473721 -NAN 0 0
 514.846841566472 -NAN 0 0
 516.998522867875 -NAN 0 0
 519.150292335168 -NAN 0 0
 521.302155925589 -NAN 0 0
 523.454119596376 -NAN 0 0
 525.606189304767 -NAN 0 0
 527.758371008 -NAN 0 0
 529.910670663313 -NAN 0 0
 532.063094227944 -NAN 0 0
 534.215647659131 -NAN 0 0
 536.368336914112 -NAN 0 0
 538.521167950125 -NAN 0 0
 540.674146724408 -NAN 0 0
 542.827279194199 -NAN 0 0
 544.980571316736 -NAN 0 0
 547.134029049257 -NAN 0 0
 549.287658349 -NAN 0 0
 551.441465173203 -NAN 0 0
 553.595455479104 -NAN 0 0
 555.749635223941 -NAN 0 0
 557.904010364952 -NAN 0 0
 560.058586859375 -NAN 0 0
 562.213370664448 -NAN 0 0
 564.368367737409 -NAN 0 0
 566.523584035496 -NAN 0 0
 568.679025515947 -NAN 0 0
 570.834698136 -NAN 0 0
 572.990607852893 -NAN 0 0
 575.146760623864 -NAN 0 0
 577.303162406151 -NAN 0 0
 579.459819156992 -NAN 0 0
 581.616736833625 -NAN 0 0
 583.773921393288 -NAN 0 0
 585.931378793219 -NAN 0 0
 588.089114990656 -NAN 0 0
 590.247135942837 -NAN 0 0
 592.405447607 -NAN 0 0
 594.564055940383 -NAN 0 0
 596.722966900224 -NAN 0 0
 598.882186443761 -NAN 0 0
 601.041720528232 -NAN 0 0
 603.201575110875 -NAN 0 0
 605.361756148928 -NAN 0 0
 607.522269599629 -NAN 0 0
 609.683121420216 -NAN 0 0
 611.844317567927 -NAN 0 0
 614.005864 -NAN 0 0
 616.167766673673 -NAN 0 0
 618.330031546184 -NAN 0 0
 620.492664574771 -NAN 0 0
 622.655671716672 -NAN 0 0
 624.819058929125 -NAN 0 0
 626.982832169368 -NAN 0 0
 629.146997394639 -NAN 0 0
 631.311560562176 -NAN 0 0
 633.476527629217 -NAN 0 0
 635.641904553 -NAN 0 0
 637.807697290763 -NAN 0 0
 639.973911799744 -NAN 0 0
 642.140554037181 -NAN 0 0
 644.307629960312 -NAN 0 0
 646.475145526375 -NAN 0 0
 648.643106692608 -NAN 0 0
 650.811519416249 -NAN 0 0
 652.980389654536 -NAN 0 0
 655.149723364707 -NAN 0 0
 657.319526504 -NAN 0 0
 659.489805029653 -NAN 0 0
 661.660564898904 -NAN 0 0
 663.831812068991 -NAN 0 0
 666.003552497152 -NAN 0 0
 668.175792140625 -NAN 0 0
 670.348536956648 -NAN 0 0
 672.521792902459 -NAN 0 0
 674.695565935296 -NAN 0 0
 676.869862012397 -NAN 0 0
 679.044687091 -NAN 0 0
 681.220047128343 -NAN 0 0
 683.395948081664 -NAN 0 0
 685.572395908201 -NAN 0 0
 687.749396565192 -NAN 0 0
 689.926956009875 -NAN 0 0
 692.105080199488 -NAN 0 0
 694.283775091269 -NAN 0 0
 696.463046642456 -NAN 0 0
 698.642900810287 -NAN 0 0
 700.823343552 -NAN 0 0
 703.004380824833 -NAN 0 0
 705.186018586024 -NAN 0 0
 707.368262792811 -NAN 0 0
 709.551119402432 -NAN 0 0
 711.734594372125 -NAN 0 0
 713.918693659128 -NAN 0 0
 716.103423220679 -NAN 0 0
 718.288789014016 -NAN 0 0
 720.474796996377 -NAN 0 0
 722.661453125 -NAN 0 0
 724.848763357123 -NAN 0 0
 727.036733649984 -NAN 0 0
 729.225369960821 -NAN 0 0
 731.414678246872 -NAN 0 0
 733.604664465375 -NAN 0 0
 735.795334573568 -NAN 0 0
[END] of [DATA]
[END] of Spectrum


[Spectrum]
Version            = 1
IDData             = 12ad_2026-06-11_12-00-40_000_381
IDDevice           = SAM_82E6
IDDataType         = SPECTRUM
IDDataTypeSub1     = CALIBRATED
IDDataTypeSub2     = 
IDDataTypeSub3     = 
DateTime           = 2026-06-11 12:00:40
PositionLatitude   = 0
PositionLongitude  = 0
Comment            = 20260611_FrameE
CommentSub1        = con
CommentSub2        = right
CommentSub3        = 17cm
IDMethodType       = SAM Control
MethodName         = SAM_82E6
Mission            = No Mission
MissionSub         = 1
RecordType         = 0
[Attributes]
CalFactor = 1
IDBasisSpec = 
IDDataBack = DLAB_2024-11-11_10-40-48_641_639
IDDataCal = DLAB_2024-11-12_11-45-27_171_455
IntegrationTime = 128
P31 = -1
P31e = 0
PathLength = +INF
PathLengthCustomOn = 0
RAWDynamic = 65535
Salinity = 0
Temperature = -NAN
Unit1 = $01 $01 Wavelength nm
Unit2 = $03 $06 Intensity mW/(m^2 nm)
Unit3 = $f0 $06 Error mW/(m^2 nm)
Unit4 = $f1 $00 Status 
p999 = 8743
[END] of [Attributes]
[DATA]
 0 6 0 0
 185.260577530984 -NAN 0 0
 187.468128380571 -NAN 0 0
 189.674861895872 -NAN 0 0
 191.880784034125 -NAN 0 0
 194.085900752568 -NAN 0 0
 196.290218008439 -NAN 0 0
 198.493741758976 -NAN 0 0
 200.696477961417 -NAN 0 0
 202.898432573 -NAN 0 0
 205.099611550963 -NAN 0 0
 207.300020852544 -NAN 0 0
 209.499666434981 -NAN 0 0
 211.698554255512 -NAN 0 0
 213.896690271375 -NAN 0 0
 216.094080439808 -NAN 0 0
 218.290730718049 -NAN 0 0
 220.486647063336 -NAN 0 0
 222.681835432907 -NAN 0 0
 224.876301784 -NAN 0 0
 227.070052073853 -NAN 0 0
 229.263092259704 -NAN 0 0
 231.455428298791 -NAN 0 0
 233.647066148352 -NAN 0 0
 235.838011765625 -NAN 0 0
 238.028271107848 -NAN 0 0
 240.217850132259 -NAN 0 0
 242.406754796096 -NAN 0 0
 244.594991056597 -NAN 0 0
 246.782564871 -NAN 0 0
 248.969482196543 -NAN 0 0
 251.155748990464 -NAN 0 0
 253.341371210001 -NAN 0 0
 255.526354812392 -NAN 0 0
 257.710705754875 -NAN 0 0
 259.894429994688 -NAN 0 0
 262.077533489069 -NAN 0 0
 264.260022195256 -NAN 0 0
 266.441902070487 -NAN 0 0
 268.623179072 -NAN 0 0
 270.803859157033 -NAN 0 0
 272.983948282824 -NAN 0 0
 275.163452406611 -NAN 0 0
 277.342377485632 -NAN 0 0
 279.520729477125 -0.415521455739679 0 0
 281.698514338328 0.816244429640429 0 0
 283.875738026479 0.702446505365152 0 0
 286.052406498816 -0.409777173773837 0 0
 288.228525712577 1.13570072575331 0 0
 290.404101625 0.743314287096484 0 0
 292.579140193323 -0.129153688595839 0 0
 294.753647374784 1.366257166275 0 0
 296.927629126621 0.625545551339771 0 0
 299.101091406072 0.19131061773543 0 0
 301.274040170375 1.37320795710157 0 0
 303.446481376768 0.631610677881461 0 0
 305.618420982489 0.529244949897096 0 0
 307.789864944776 1.50163535200763 0 0
 309.960819220867 0.661313165356479 0 0
 312.131289768 0.974139083538486 0 0
 314.301282543413 2.92098124569866 0 0
 316.470803504344 4.40685392468496 0 0
 318.639858608031 8.74213199479397 0 0
 320.808453811712 14.144796117452 0 0
 322.976595072625 16.5833111831365 0 0
 325.144288348008 19.3564130218023 0 0
 327.311539595099 20.7571244662416 0 0
 329.478354771136 19.0447673864315 0 0
 331.644739833357 19.7102995828297 0 0
 333.810700739 18.9356290455113 0 0
 335.976243445303 16.2069074139034 0 0
 338.141373909504 15.7966746560404 0 0
 340.306098088841 14.1902797575433 0 0
 342.470421940552 11.7943082664995 0 0
 344.634351421875 11.9789968745129 0 0
 346.797892490048 10.6124069445492 0 0
 348.961051102309 8.96795040086286 0 0
 351.123833215896 9.28204881422288 0 0
 353.286244788047 8.09024842477587 0 0
 355.448291776 7.07357796195582 0 0
 357.609980136993 7.99247141805539 0 0
 359.771315828264 7.76180686127947 0 0
 361.932304807051 10.5910163364065 0 0
 364.092953030592 15.5624742860434 0 0
 366.253266456125 14.2511821978453 0 0
 368.413251040888 9.64992007776208 0 0
 370.572912742119 7.54086434554827 0 0
 372.732257517056 4.92030328455858 0 0
 374.891291322937 4.5576374008546 0 0
 377.050020117 4.99407412773885 0 0
 379.208449856483 3.00829653893575 0 0
 381.366586498624 3.41203792603037 0 0
 383.524436000661 3.42065120696874 0 0
 385.682004319832 1.91081192079335 0 0
 387.839297413375 2.67638874249013 0 0
 389.996321238528 2.7786296945405 0 0
 392.153081752529 1.45706516549063 0 0
 394.309584912616 2.45845540604191 0 0
 396.465836676027 2.36438359747791 0 0
 398.621843 2.06786838664314 0 0
 400.777609841773 6.47451618292429 0 0
 402.933143158584 12.3093670220882 0 0
 405.088448907671 13.4992644201346 0 0
 407.243533046272 11.4834965383242 0 0
 409.398401531625 6.72107972306571 0 0
 411.553060320968 5.10568496335438 0 0
 413.707515371539 7.14500970146732 0 0
 415.861772640576 8.67453114810432 0 0
 418.015838085317 11.6393015827997 0 0
 420.169717663 17.3357174202425 0 0
 422.323417330863 23.0587352738793 0 0
 424.476943046144 32.0338918283836 0 0
 426.630300766081 45.0222667767623 0 0
 428.783496447912 61.1949680826265 0 0
 430.936536048875 87.1851887112344 0 0
 433.089425526208 132.501085371015 0 0
 435.242170837149 181.766005637837 0 0
 437.394777938936 225.256205989075 0 0
 439.547252788807 269.589141430198 0 0
 441.699601344 340.067937449531 0 0
 443.851829561753 430.708824845998 0 0
 446.003943399304 517.773485791791 0 0
 448.155948813891 572.674423054999 0 0
 450.307851762752 577.049910101794 0 0
 452.459658203125 529.557987319928 0 0
 454.611374092248 453.033053286196 0 0
 456.763005387359 377.369078199057 0 0
 458.914558045696 316.058281797291 0 0
 461.066038024497 270.763724964699 0 0
 463.217451281 238.036848329069 0 0
 465.368803772443 206.97536135012 0 0
 467.520101456064 176.601248346581 0 0
 469.671350289101 149.917760705476 0 0
 471.822556228792 125.526013741941 0 0
 473.973725232375 107.84225341798 0 0
 476.124863257088 97.3187259067214 0 0
 478.275976260169 89.4617887461606 0 0
 480.427070198856 85.1321086245675 0 0
 482.578151030387 83.6155122554305 0 0
 484.729224712 81.6933532710493 0 0
 486.880297200933 82.0789191388515 0 0
 489.031374454424 84.5384177414587 0 0
 491.182462429711 86.6819902998946 0 0
 493.333567084032 90.7612324356378 0 0
 495.484694374625 96.1180842219412 0 0
 497.635850258728 99.7477009102524 0 0
 499.787040693579 105.365978502993 0 0
 501.938271636416 110.428664365545 0 0
 504.089549044477 -NAN 0 0
 506.240878875 -NAN 0 0
 508.392267085223 -NAN 0 0
 510.543719632384 -NAN 0 0
 512.695242473721 -NAN 0 0
 514.846841566472 -NAN 0 0
 516.998522867875 -NAN 0 0
 519.150292335168 -NAN 0 0
 521.302155925589 -NAN 0 0
 523.454119596376 -NAN 0 0
 525.606189304767 -NAN 0 0
 527.758371008 -NAN 0 0
 529.910670663313 -NAN 0 0
 532.063094227944 -NAN 0 0
 534.215647659131 -NAN 0 0
 536.368336914112 -NAN 0 0
 538.521167950125 -NAN 0 0
 540.674146724408 -NAN 0 0
 542.827279194199 -NAN 0 0
 544.980571316736 -NAN 0 0
 547.134029049257 -NAN 0 0
 549.287658349 -NAN 0 0
 551.441465173203 -NAN 0 0
 553.595455479104 -NAN 0 0
 555.749635223941 -NAN 0 0
 557.904010364952 -NAN 0 0
 560.058586859375 -NAN 0 0
 562.213370664448 -NAN 0 0
 564.368367737409 -NAN 0 0
 566.523584035496 -NAN 0 0
 568.679025515947 -NAN 0 0
 570.834698136 -NAN 0 0
 572.990607852893 -NAN 0 0
 575.146760623864 -NAN 0 0
 577.303162406151 -NAN 0 0
 579.459819156992 -NAN 0 0
 581.616736833625 -NAN 0 0
 583.773921393288 -NAN 0 0
 585.931378793219 -NAN 0 0
 588.089114990656 -NAN 0 0
 590.247135942837 -NAN 0 0
 592.405447607 -NAN 0 0
 594.564055940383 -NAN 0 0
 596.722966900224 -NAN 0 0
 598.882186443761 -NAN 0 0
 601.041720528232 -NAN 0 0
 603.201575110875 -NAN 0 0
 605.361756148928 -NAN 0 0
 607.522269599629 -NAN 0 0
 609.683121420216 -NAN 0 0
 611.844317567927 -NAN 0 0
 614.005864 -NAN 0 0
 616.167766673673 -NAN 0 0
 618.330031546184 -NAN 0 0
 620.492664574771 -NAN 0 0
 622.655671716672 -NAN 0 0
 624.819058929125 -NAN 0 0
 626.982832169368 -NAN 0 0
 629.146997394639 -NAN 0 0
 631.311560562176 -NAN 0 0
 633.476527629217 -NAN 0 0
 635.641904553 -NAN 0 0
 637.807697290763 -NAN 0 0
 639.973911799744 -NAN 0 0
 642.140554037181 -NAN 0 0
 644.307629960312 -NAN 0 0
 646.475145526375 -NAN 0 0
 648.643106692608 -NAN 0 0
 650.811519416249 -NAN 0 0
 652.980389654536 -NAN 0 0
 655.149723364707 -NAN 0 0
 657.319526504 -NAN 0 0
 659.489805029653 -NAN 0 0
 661.660564898904 -NAN 0 0
 663.831812068991 -NAN 0 0
 666.003552497152 -NAN 0 0
 668.175792140625 -NAN 0 0
 670.348536956648 -NAN 0 0
 672.521792902459 -NAN 0 0
 674.695565935296 -NAN 0 0
 676.869862012397 -NAN 0 0
 679.044687091 -NAN 0 0
 681.220047128343 -NAN 0 0
 683.395948081664 -NAN 0 0
 685.572395908201 -NAN 0 0
 687.749396565192 -NAN 0 0
 689.926956009875 -NAN 0 0
 692.105080199488 -NAN 0 0
 694.283775091269 -NAN 0 0
 696.463046642456 -NAN 0 0
 698.642900810287 -NAN 0 0
 700.823343552 -NAN 0 0
 703.004380824833 -NAN 0 0
 705.186018586024 -NAN 0 0
 707.368262792811 -NAN 0 0
 709.551119402432 -NAN 0 0
 711.734594372125 -NAN 0 0
 713.918693659128 -NAN 0 0
 716.103423220679 -NAN 0 0
 718.288789014016 -NAN 0 0
 720.474796996377 -NAN 0 0
 722.661453125 -NAN 0 0
 724.848763357123 -NAN 0 0
 727.036733649984 -NAN 0 0
 729.225369960821 -NAN 0 0
 731.414678246872 -NAN 0 0
 733.604664465375 -NAN 0 0
 735.795334573568 -NAN 0 0
[END] of [DATA]
[END] of Spectrum


[Spectrum]
Version            = 1
IDData             = 12ad_2026-06-11_12-00-35_000_378
IDDevice           = SAM_82E6
IDDataType         = SPECTRUM
IDDataTypeSub1     = CALIBRATED
IDDataTypeSub2     = 
IDDataTypeSub3     = 
DateTime           = 2026-06-11 12:00:35
PositionLatitude   = 0
PositionLongitude  = 0
Comment            = 20260611_FrameE
CommentSub1        = con
CommentSub2        = right
CommentSub3        = 17cm
IDMethodType       = SAM Control
MethodName         = SAM_82E6
Mission            = No Mission
MissionSub         = 1
RecordType         = 0
[Attributes]
CalFactor = 1
IDBasisSpec = 
IDDataBack = DLAB_2024-11-11_10-40-48_641_639
IDDataCal = DLAB_2024-11-12_11-45-27_171_455
IntegrationTime = 128
P31 = -1
P31e = 0
PathLength = +INF
PathLengthCustomOn = 0
RAWDynamic = 65535
Salinity = 0
Temperature = -NAN
Unit1 = $01 $01 Wavelength nm
Unit2 = $03 $06 Intensity mW/(m^2 nm)
Unit3 = $f0 $06 Error mW/(m^2 nm)
Unit4 = $f1 $00 Status 
p999 = 8742
[END] of [Attributes]
[DATA]
 0 6 0 0
 185.260577530984 -NAN 0 0
 187.468128380571 -NAN 0 0
 189.674861895872 -NAN 0 0
 191.880784034125 -NAN 0 0
 194.085900752568 -NAN 0 0
 196.290218008439 -NAN 0 0
 198.493741758976 -NAN 0 0
 200.696477961417 -NAN 0 0
 202.898432573 -NAN 0 0
 205.099611550963 -NAN 0 0
 207.300020852544 -NAN 0 0
 209.499666434981 -NAN 0 0
 211.698554255512 -NAN 0 0
 213.896690271375 -NAN 0 0
 216.094080439808 -NAN 0 0
 218.290730718049 -NAN 0 0
 220.486647063336 -NAN 0 0
 222.681835432907 -NAN 0 0
 224.876301784 -NAN 0 0
 227.070052073853 -NAN 0 0
 229.263092259704 -NAN 0 0
 231.455428298791 -NAN 0 0
 233.647066148352 -NAN 0 0
 235.838011765625 -NAN 0 0
 238.028271107848 -NAN 0 0
 240.217850132259 -NAN 0 0
 242.406754796096 -NAN 0 0
 244.594991056597 -NAN 0 0
 246.782564871 -NAN 0 0
 248.969482196543 -NAN 0 0
 251.155748990464 -NAN 0 0
 253.341371210001 -NAN 0 0
 255.526354812392 -NAN 0 0
 257.710705754875 -NAN 0 0
 259.894429994688 -NAN 0 0
 262.077533489069 -NAN 0 0
 264.260022195256 -NAN 0 0
 266.441902070487 -NAN 0 0
 268.623179072 -NAN 0 0
 270.803859157033 -NAN 0 0
 272.983948282824 -NAN 0 0
 275.163452406611 -NAN 0 0
 277.342377485632 -NAN 0 0
 279.520729477125 1.09629676435805 0 0
 281.698514338328 0.567830668722347 0 0
 283.875738026479 -0.201324497288076 0 0
 286.052406498816 1.24826173518738 0 0
 288.228525712577 0.579812917257941 0 0
 290.404101625 0.179119115715129 0 0
 292.579140193323 1.35370753828177 0 0
 294.753647374784 0.539535793818018 0 0
 296.927629126621 0.247190732587359 0 0
 299.101091406072 1.42355315418721 0 0
 301.274040170375 0.672355678490505 0 0
 303.446481376768 0.640348181621564 0 0
 305.618420982489 1.48637441966214 0 0
 307.789864944776 0.528934482354748 0 0
 309.960819220867 0.96174831332487 0 0
 312.131289768 1.89459473804267 0 0
 314.301282543413 1.73724810419379 0 0
 316.470803504344 4.7465029667327 0 0
 318.639858608031 9.49341222451435 0 0
 320.808453811712 12.4542948435418 0 0
 322.976595072625 17.0754888956749 0 0
 325.144288348008 19.4199356693337 0 0
 327.311539595099 18.9217014135045 0 0
 329.478354771136 20.0740746871267 0 0
 331.644739833357 19.1625282339919 0 0
 333.810700739 17.1090425135644 0 0
 335.976243445303 17.2128417245473 0 0
 338.141373909504 15.1506481333095 0 0
 340.306098088841 13.0528741680078 0 0
 342.470421940552 13.0775682589382 0 0
 344.634351421875 11.4231607062296 0 0
 346.797892490048 9.7740699854474 0 0
 348.961051102309 9.97645237325961 0 0
 351.123833215896 8.48502610469637 0 0
 353.286244788047 7.49051742431571 0 0
 355.448291776 8.08901016758628 0 0
 357.609980136993 6.99874677846644 0 0
 359.771315828264 7.32511263941972 0 0
 361.932304807051 11.3903958399772 0 0
 364.092953030592 14.0879770113343 0 0
 366.253266456125 14.1764416570961 0 0
 368.413251040888 10.6415817832222 0 0
 370.572912742119 6.01357674253306 0 0
 372.732257517056 5.30643786611309 0 0
 374.891291322937 5.24600470405394 0 0
 377.050020117 3.44083030581604 0 0
 379.208449856483 3.9263314273487 0 0
 381.366586498624 3.77948699599141 0 0
 383.524436000661 2.10174792900576 0 0
 385.682004319832 3.04869681579776 0 0
 387.839297413375 2.89175273772542 0 0
 389.996321238528 1.62681746659456 0 0
 392.153081752529 2.76698346232687 0 0
 394.309584912616 2.56754634755518 0 0
 396.465836676027 1.40850821341895 0 0
 398.621843 3.41594722650324 0 0
 400.777609841773 6.25082975426299 0 0
 402.933143158584 11.2017324178963 0 0
 405.088448907671 14.4377998222937 0 0
 407.243533046272 10.6162535783914 0 0
 409.398401531625 6.27649719396791 0 0
 411.553060320968 6.3454105228099 0 0
 413.707515371539 6.33255226924417 0 0
 415.861772640576 8.42550273425022 0 0
 418.015838085317 12.638012990898 0 0
 420.169717663 16.440779443926 0 0
 422.323417330863 23.0990203652966 0 0
 424.476943046144 32.7120496568345 0 0
 426.630300766081 44.2523018544899 0 0
 428.783496447912 61.4900070569844 0 0
 430.936536048875 87.636751048245 0 0
 433.089425526208 131.181423402781 0 0
 435.242170837149 181.297665591884 0 0
 437.394777938936 224.730264524763 0 0
 439.547252788807 268.37269361527 0 0
 441.699601344 340.473980588048 0 0
 443.851829561753 430.896321721809 0 0
 446.003943399304 517.133525488552 0 0
 448.155948813891 573.423737482668 0 0
 450.307851762752 577.203218373124 0 0
 452.459658203125 528.781739711661 0 0
 454.611374092248 453.947871550888 0 0
 456.763005387359 377.16601756822 0 0
 458.914558045696 315.168038110679 0 0
 461.066038024497 271.96397452276 0 0
 463.217451281 237.484289458494 0 0
 465.368803772443 206.508811197204 0 0
 467.520101456064 177.785797734035 0 0
 469.671350289101 148.991141567974 0 0
 471.822556228792 125.416706080665 0 0
 473.973725232375 109.040242754859 0 0
 476.124863257088 96.430809001155 0 0
 478.275976260169 89.410671432363 0 0
 480.427070198856 86.0231927269643 0 0
 482.578151030387 82.800724661002 0 0
 484.729224712 81.9436955257592 0 0
 486.880297200933 82.9738025026009 0 0
 489.031374454424 83.5806134955616 0 0
 491.182462429711 86.9321672249211 0 0
 493.333567084032 91.4915779182282 0 0
 495.484694374625 94.9315611302939 0 0
 497.635850258728 100.546412480243 0 0
 499.787040693579 105.766057231333 0 0
 501.938271636416 109.371809265818 0 0
 504.089549044477 -NAN 0 0
 506.240878875 -NAN 0 0
 508.392267085223 -NAN 0 0
 510.543719632384 -NAN 0 0
 512.695242473721 -NAN 0 0
 514.846841566472 -NAN 0 0
 516.998522867875 -NAN 0 0
 519.150292335168 -NAN 0 0
 521.302155925589 -NAN 0 0
 523.454119596376 -NAN 0 0
 525.606189304767 -NAN 0 0
 527.758371008 -NAN 0 0
 529.910670663313 -NAN 0 0
 532.063094227944 -NAN 0 0
 534.215647659131 -NAN 0 0
 536.368336914112 -NAN 0 0
 538.521167950125 -NAN 0 0
 540.674146724408 -NAN 0 0
 542.827279194199 -NAN 0 0
 544.980571316736 -NAN 0 0
 547.134029049257 -NAN 0 0
 549.287658349 -NAN 0 0
 551.441465173203 -NAN 0 0
 553.595455479104 -NAN 0 0
 555.749635223941 -NAN 0 0
 557.904010364952 -NAN 0 0
 560.058586859375 -NAN 0 0
 562.213370664448 -NAN 0 0
 564.368367737409 -NAN 0 0
 566.523584035496 -NAN 0 0
 568.679025515947 -NAN 0 0
 570.834698136 -NAN 0 0
 572.990607852893 -NAN 0 0
 575.146760623864 -NAN 0 0
 577.303162406151 -NAN 0 0
 579.459819156992 -NAN 0 0
 581.616736833625 -NAN 0 0
 583.773921393288 -NAN 0 0
 585.931378793219 -NAN 0 0
 588.089114990656 -NAN 0 0
 590.247135942837 -NAN 0 0
 592.405447607 -NAN 0 0
 594.564055940383 -NAN 0 0
 596.722966900224 -NAN 0 0
 598.882186443761 -NAN 0 0
 601.041720528232 -NAN 0 0
 603.201575110875 -NAN 0 0
 605.361756148928 -NAN 0 0
 607.522269599629 -NAN 0 0
 609.683121420216 -NAN 0 0
 611.844317567927 -NAN 0 0
 614.005864 -NAN 0 0
 616.167766673673 -NAN 0 0
 618.330031546184 -NAN 0 0
 620.492664574771 -NAN 0 0
 622.655671716672 -NAN 0 0
 624.819058929125 -NAN 0 0
 626.982832169368 -NAN 0 0
 629.146997394639 -NAN 0 0
 631.311560562176 -NAN 0 0
 633.476527629217 -NAN 0 0
 635.641904553 -NAN 0 0
 637.807697290763 -NAN 0 0
 639.973911799744 -NAN 0 0
 642.140554037181 -NAN 0 0
 644.307629960312 -NAN 0 0
 646.475145526375 -NAN 0 0
 648.643106692608 -NAN 0 0
 650.811519416249 -NAN 0 0
 652.980389654536 -NAN 0 0
 655.149723364707 -NAN 0 0
 657.319526504 -NAN 0 0
 659.489805029653 -NAN 0 0
 661.660564898904 -NAN 0 0
 663.831812068991 -NAN 0 0
 666.003552497152 -NAN 0 0
 668.175792140625 -NAN 0 0
 670.348536956648 -NAN 0 0
 672.521792902459 -NAN 0 0
 674.695565935296 -NAN 0 0
 676.869862012397 -NAN 0 0
 679.044687091 -NAN 0 0
 681.220047128343 -NAN 0 0
 683.395948081664 -NAN 0 0
 685.572395908201 -NAN 0 0
 687.749396565192 -NAN 0 0
 689.926956009875 -NAN 0 0
 692.105080199488 -NAN 0 0
 694.283775091269 -NAN 0 0
 696.463046642456 -NAN 0 0
 698.642900810287 -NAN 0 0
 700.823343552 -NAN 0 0
 703.004380824833 -NAN 0 0
 705.186018586024 -NAN 0 0
 707.368262792811 -NAN 0 0
 709.551119402432 -NAN 0 0
 711.734594372125 -NAN 0 0
 713.918693659128 -NAN 0 0
 716.103423220679 -NAN 0 0
 718.288789014016 -NAN 0 0
 720.474796996377 -NAN 0 0
 722.661453125 -NAN 0 0
 724.848763357123 -NAN 0 0
 727.036733649984 -NAN 0 0
 729.225369960821 -NAN 0 0
 731.414678246872 -NAN 0 0
 733.604664465375 -NAN 0 0
 735.795334573568 -NAN 0 0
[END] of [DATA]
[END] of Spectrum


[Spectrum]
Version            = 1
IDData             = 12ad_2026-06-11_12-00-30_000_375
IDDevice           = SAM_82E6
IDDataType         = SPECTRUM
IDDataTypeSub1     = CALIBRATED
IDDataTypeSub2     = 
IDDataTypeSub3     = 
DateTime           = 2026-06-11 12:00:30
PositionLatitude   = 0
PositionLongitude  = 0
Comment            = 20260611_FrameE
CommentSub1        = con
CommentSub2        = right
CommentSub3        = 17cm
IDMethodType       = SAM Control
MethodName         = SAM_82E6
Mission            = No Mission
MissionSub         = 1
RecordType         = 0
[Attributes]
CalFactor = 1
IDBasisSpec = 
IDDataBack = DLAB_2024-11-11_10-40-48_641_639
IDDataCal = DLAB_2024-11-12_11-45-27_171_455
IntegrationTime = 128
P31 = -1
P31e = 0
PathLength = +INF
PathLengthCustomOn = 0
RAWDynamic = 65535
Salinity = 0
Temperature = -NAN
Unit1 = $01 $01 Wavelength nm
Unit2 = $03 $06 Intensity mW/(m^2 nm)
Unit3 = $f0 $06 Error mW/(m^2 nm)
Unit4 = $f1 $00 Status 
p999 = 8741
[END] of [Attributes]
[DATA]
 0 6 0 0
 185.260577530984 -NAN 0 0
 187.468128380571 -NAN 0 0
 189.674861895872 -NAN 0 0
 191.880784034125 -NAN 0 0
 194.085900752568 -NAN 0 0
 196.290218008439 -NAN 0 0
 198.493741758976 -NAN 0 0
 200.696477961417 -NAN 0 0
 202.898432573 -NAN 0 0
 205.099611550963 -NAN 0 0
 207.300020852544 -NAN 0 0
 209.499666434981 -NAN 0 0
 211.698554255512 -NAN 0 0
 213.896690271375 -NAN 0 0
 216.094080439808 -NAN 0 0
 218.290730718049 -NAN 0 0
 220.486647063336 -NAN 0 0
 222.681835432907 -NAN 0 0
 224.876301784 -NAN 0 0
 227.070052073853 -NAN 0 0
 229.263092259704 -NAN 0 0
 231.455428298791 -NAN 0 0
 233.647066148352 -NAN 0 0
 235.838011765625 -NAN 0 0
 238.028271107848 -NAN 0 0
 240.217850132259 -NAN 0 0
 242.406754796096 -NAN 0 0
 244.594991056597 -NAN 0 0
 246.782564871 -NAN 0 0
 248.969482196543 -NAN 0 0
 251.155748990464 -NAN 0 0
 253.341371210001 -NAN 0 0
 255.526354812392 -NAN 0 0
 257.710705754875 -NAN 0 0
 259.894429994688 -NAN 0 0
 262.077533489069 -NAN 0 0
 264.260022195256 -NAN 0 0
 266.441902070487 -NAN 0 0
 268.623179072 -NAN 0 0
 270.803859157033 -NAN 0 0
 272.983948282824 -NAN 0 0
 275.163452406611 -NAN 0 0
 277.342377485632 -NAN 0 0
 279.520729477125 -0.0730585146137494 0 0
 281.698514338328 1.4111300149969 0 0
 283.875738026479 0.150298908431694 0 0
 286.052406498816 0.0156216005918682 0 0
 288.228525712577 1.47811615418216 0 0
 290.404101625 0.0962347735276619 0 0
 292.579140193323 0.486825737397996 0 0
 294.753647374784 1.52092523761215 0 0
 296.927629126621 0.289089084999538 0 0
 299.101091406072 0.647740880270277 0 0
 301.274040170375 1.29546440963974 0 0
 303.446481376768 0.243883949414424 0 0
 305.618420982489 0.824987201790788 0 0
 307.789864944776 1.37229820340543 0 0
 309.960819220867 0.316569236572609 0 0
 312.131289768 1.36460132328537 0 0
 314.301282543413 2.63376898052017 0 0
 316.470803504344 3.97312942854484 0 0
 318.639858608031 9.11905854840368 0 0
 320.808453811712 13.2409769324244 0 0
 322.976595072625 15.6537984174568 0 0
 325.144288348008 19.1817257410912 0 0
 327.311539595099 19.3922851195178 0 0
 329.478354771136 18.3560834554749 0 0
 331.644739833357 19.3179768600134 0 0
 333.810700739 17.6108357342532 0 0
 335.976243445303 15.6123595337685 0 0
 338.141373909504 15.6773001898836 0 0
 340.306098088841 13.1220957492325 0 0
 342.470421940552 11.8244255928527 0 0
 344.634351421875 11.7362901313485 0 0
 346.797892490048 9.74870244057544 0 0
 348.961051102309 8.93209769312857 0 0
 351.123833215896 8.86450742285576 0 0
 353.286244788047 7.46761860429814 0 0
 355.448291776 7.00150809142908 0 0
 357.609980136993 7.55450441634 0 0
 359.771315828264 7.07019507641292 0 0
 361.932304807051 10.4581524354009 0 0
 364.092953030592 14.8365158269026 0 0
 366.253266456125 13.4161902191631 0 0
 368.413251040888 9.85237424012374 0 0
 370.572912742119 7.11759467267316 0 0
 372.732257517056 4.38675921747819 0 0
 374.891291322937 4.97576675885264 0 0
 377.050020117 4.33056588764571 0 0
 379.208449856483 2.73820395743621 0 0
 381.366586498624 3.87700232609645 0 0
 383.524436000661 3.06960690776954 0 0
 385.682004319832 1.89232129124953 0 0
 387.839297413375 3.11703481168865 0 0
 389.996321238528 2.43168137709825 0 0
 392.153081752529 1.58888957036292 0 0
 394.309584912616 2.78436459381281 0 0
 396.465836676027 2.03278076059229 0 0
 398.621843 2.31333549823184 0 0
 400.777609841773 6.50442774024528 0 0
 402.933143158584 11.4260474349924 0 0
 405.088448907671 13.1737253081292 0 0
 407.243533046272 11.232827682782 0 0
 409.398401531625 6.1080599986654 0 0
 411.553060320968 5.32958557596067 0 0
 413.707515371539 7.22667970444537 0 0
 415.861772640576 8.27547332098566 0 0
 418.015838085317 11.9627032100284 0 0
 420.169717663 17.1871917730103 0 0
 422.323417330863 22.7666683611033 0 0
 424.476943046144 32.3578808432849 0 0
 426.630300766081 44.7158345487279 0 0
 428.783496447912 61.0777954613816 0 0
 430.936536048875 87.2486381636976 0 0
 433.089425526208 131.033265034568 0 0
 435.242170837149 179.928610133321 0 0
 437.394777938936 223.821456857707 0 0
 439.547252788807 268.588645454755 0 0
 441.699601344 339.894506068504 0 0
 443.851829561753 430.984210882346 0 0
 446.003943399304 517.577562116066 0 0
 448.155948813891 572.663016629285 0 0
 450.307851762752 577.330374056992 0 0
 452.459658203125 529.229147342678 0 0
 454.611374092248 453.243214238896 0 0
 456.763005387359 377.584830119321 0 0
 458.914558045696 315.54229975023 0 0
 461.066038024497 271.117278951666 0 0
 463.217451281 238.285084363031 0 0
 465.368803772443 206.448645227258 0 0
 467.520101456064 176.934335922981 0 0
 469.671350289101 149.825748291121 0 0
 471.822556228792 125.137971544412 0 0
 473.973725232375 108.164873708151 0 0
 476.124863257088 97.2246200002711 0 0
 478.275976260169 88.9672842974667 0 0
 480.427070198856 85.4384187847664 0 0
 482.578151030387 83.4603677682722 0 0
 484.729224712 81.3971894429327 0 0
 486.880297200933 82.4066701708248 0 0
 489.031374454424 84.3627457010313 0 0
 491.182462429711 86.406125565602 0 0
 493.333567084032 91.1675984434816 0 0
 495.484694374625 95.9243887545547 0 0
 497.635850258728 99.8716767446052 0 0
 499.787040693579 105.899779197599 0 0
 501.938271636416 110.220952518042 0 0
 504.089549044477 -NAN 0 0
 506.240878875 -NAN 0 0
 508.392267085223 -NAN 0 0
 510.543719632384 -NAN 0 0
 512.695242473721 -NAN 0 0
 514.846841566472 -NAN 0 0
 516.998522867875 -NAN 0 0
 519.150292335168 -NAN 0 0
 521.302155925589 -NAN 0 0
 523.454119596376 -NAN 0 0
 525.606189304767 -NAN 0 0
 527.758371008 -NAN 0 0
 529.910670663313 -NAN 0 0
 532.063094227944 -NAN 0 0
 534.215647659131 -NAN 0 0
 536.368336914112 -NAN 0 0
 538.521167950125 -NAN 0 0
 540.674146724408 -NAN 0 0
 542.827279194199 -NAN 0 0
 544.980571316736 -NAN 0 0
 547.134029049257 -NAN 0 0
 549.287658349 -NAN 0 0
 551.441465173203 -NAN 0 0
 553.595455479104 -NAN 0 0
 555.749635223941 -NAN 0 0
 557.904010364952 -NAN 0 0
 560.058586859375 -NAN 0 0
 562.213370664448 -NAN 0 0
 564.368367737409 -NAN 0 0
 566.523584035496 -NAN 0 0
 568.679025515947 -NAN 0 0
 570.834698136 -NAN 0 0
 572.990607852893 -NAN 0 0
 575.146760623864 -NAN 0 0
 577.303162406151 -NAN 0 0
 579.459819156992 -NAN 0 0
 581.616736833625 -NAN 0 0
 583.773921393288 -NAN 0 0
 585.931378793219 -NAN 0 0
 588.089114990656 -NAN 0 0
 590.247135942837 -NAN 0 0
 592.405447607 -NAN 0 0
 594.564055940383 -NAN 0 0
 596.722966900224 -NAN 0 0
 598.882186443761 -NAN 0 0
 601.041720528232 -NAN 0 0
 603.201575110875 -NAN 0 0
 605.361756148928 -NAN 0 0
 607.522269599629 -NAN 0 0
 609.683121420216 -NAN 0 0
 611.844317567927 -NAN 0 0
 614.005864 -NAN 0 0
 616.167766673673 -NAN 0 0
 618.330031546184 -NAN 0 0
 620.492664574771 -NAN 0 0
 622.655671716672 -NAN 0 0
 624.819058929125 -NAN 0 0
 626.982832169368 -NAN 0 0
 629.146997394639 -NAN 0 0
 631.311560562176 -NAN 0 0
 633.476527629217 -NAN 0 0
 635.641904553 -NAN 0 0
 637.807697290763 -NAN 0 0
 639.973911799744 -NAN 0 0
 642.140554037181 -NAN 0 0
 644.307629960312 -NAN 0 0
 646.475145526375 -NAN 0 0
 648.643106692608 -NAN 0 0
 650.811519416249 -NAN 0 0
 652.980389654536 -NAN 0 0
 655.149723364707 -NAN 0 0
 657.319526504 -NAN 0 0
 659.489805029653 -NAN 0 0
 661.660564898904 -NAN 0 0
 663.831812068991 -NAN 0 0
 666.003552497152 -NAN 0 0
 668.175792140625 -NAN 0 0
 670.348536956648 -NAN 0 0
 672.521792902459 -NAN 0 0
 674.695565935296 -NAN 0 0
 676.869862012397 -NAN 0 0
 679.044687091 -NAN 0 0
 681.220047128343 -NAN 0 0
 683.395948081664 -NAN 0 0
 685.572395908201 -NAN 0 0
 687.749396565192 -NAN 0 0
 689.926956009875 -NAN 0 0
 692.105080199488 -NAN 0 0
 694.283775091269 -NAN 0 0
 696.463046642456 -NAN 0 0
 698.642900810287 -NAN 0 0
 700.823343552 -NAN 0 0
 703.004380824833 -NAN 0 0
 705.186018586024 -NAN 0 0
 707.368262792811 -NAN 0 0
 709.551119402432 -NAN 0 0
 711.734594372125 -NAN 0 0
 713.918693659128 -NAN 0 0
 716.103423220679 -NAN 0 0
 718.288789014016 -NAN 0 0
 720.474796996377 -NAN 0 0
 722.661453125 -NAN 0 0
 724.848763357123 -NAN 0 0
 727.036733649984 -NAN 0 0
 729.225369960821 -NAN 0 0
 731.414678246872 -NAN 0 0
 733.604664465375 -NAN 0 0
 735.795334573568 -NAN 0 0
[END] of [DATA]
[END] of Spectrum


[Spectrum]
Version            = 1
IDData             = 12ad_2026-06-11_12-00-25_000_372
IDDevice           = SAM_82E6
IDDataType         = SPECTRUM
IDDataTypeSub1     = CALIBRATED
IDDataTypeSub2     = 
IDDataTypeSub3     = 
DateTime           = 2026-06-11 12:00:25
PositionLatitude   = 0
PositionLongitude  = 0
Comment            = 20260611_FrameE
CommentSub1        = con
CommentSub2        = right
CommentSub3        = 17cm
IDMethodType       = SAM Control
MethodName         = SAM_82E6
Mission            = No Mission
MissionSub         = 1
RecordType         = 0
[Attributes]
CalFactor = 1
IDBasisSpec = 
IDDataBack = DLAB_2024-11-11_10-40-48_641_639
IDDataCal = DLAB_2024-11-12_11-45-27_171_455
IntegrationTime = 128
P31 = -1
P31e = 0
PathLength = +INF
PathLengthCustomOn = 0
RAWDynamic = 65535
Salinity = 0
Temperature = -NAN
Unit1 = $01 $01 Wavelength nm
Unit2 = $03 $06 Intensity mW/(m^2 nm)
Unit3 = $f0 $06 Error mW/(m^2 nm)
Unit4 = $f1 $00 Status 
p999 = 8740
[END] of [Attributes]
[DATA]
 0 6 0 0
 185.260577530984 -NAN 0 0
 187.468128380571 -NAN 0 0
 189.674861895872 -NAN 0 0
 191.880784034125 -NAN 0 0
 194.085900752568 -NAN 0 0
 196.290218008439 -NAN 0 0
 198.493741758976 -NAN 0 0
 200.696477961417 -NAN 0 0
 202.898432573 -NAN 0 0
 205.099611550963 -NAN 0 0
 207.300020852544 -NAN 0 0
 209.499666434981 -NAN 0 0
 211.698554255512 -NAN 0 0
 213.896690271375 -NAN 0 0
 216.094080439808 -NAN 0 0
 218.290730718049 -NAN 0 0
 220.486647063336 -NAN 0 0
 222.681835432907 -NAN 0 0
 224.876301784 -NAN 0 0
 227.070052073853 -NAN 0 0
 229.263092259704 -NAN 0 0
 231.455428298791 -NAN 0 0
 233.647066148352 -NAN 0 0
 235.838011765625 -NAN 0 0
 238.028271107848 -NAN 0 0
 240.217850132259 -NAN 0 0
 242.406754796096 -NAN 0 0
 244.594991056597 -NAN 0 0
 246.782564871 -NAN 0 0
 248.969482196543 -NAN 0 0
 251.155748990464 -NAN 0 0
 253.341371210001 -NAN 0 0
 255.526354812392 -NAN 0 0
 257.710705754875 -NAN 0 0
 259.894429994688 -NAN 0 0
 262.077533489069 -NAN 0 0
 264.260022195256 -NAN 0 0
 266.441902070487 -NAN 0 0
 268.623179072 -NAN 0 0
 270.803859157033 -NAN 0 0
 272.983948282824 -NAN 0 0
 275.163452406611 -NAN 0 0
 277.342377485632 -NAN 0 0
 279.520729477125 0.092569016912608 0 0
 281.698514338328 0.125915662457543 0 0
 283.875738026479 1.4056933168047 0 0
 286.052406498816 -0.10488385426258 0 0
 288.228525712577 0.301869013010255 0 0
 290.404101625 1.36276568660282 0 0
 292.579140193323 -0.0614946212097883 0 0
 294.753647374784 0.643560337372208 0 0
 296.927629126621 1.12070789802917 0 0
 299.101091406072 0.0769051211209487 0 0
 301.274040170375 0.927632998514401 0 0
 303.446481376768 1.21483905253329 0 0
 305.618420982489 0.232427271632879 0 0
 307.789864944776 1.11041720003735 0 0
 309.960819220867 1.21895538244889 0 0
 312.131289768 0.542042541570753 0 0
 314.301282543413 2.62097815089683 0 0
 316.470803504344 4.97130664923912 0 0
 318.639858608031 7.85448925762435 0 0
 320.808453811712 13.2023749348312 0 0
 322.976595072625 16.1192579113146 0 0
 325.144288348008 17.3987605206095 0 0
 327.311539595099 19.6400379117802 0 0
 329.478354771136 18.39326941287 0 0
 331.644739833357 17.3830115818214 0 0
 333.810700739 17.9675677878992 0 0
 335.976243445303 15.5440374057335 0 0
 338.141373909504 14.1198145079084 0 0
 340.306098088841 13.6690819694984 0 0
 342.470421940552 11.291479861299 0 0
 344.634351421875 10.4774846914128 0 0
 346.797892490048 10.3659793657931 0 0
 348.961051102309 8.31566242789065 0 0
 351.123833215896 8.00591694784617 0 0
 353.286244788047 7.94631298466543 0 0
 355.448291776 6.48626230064837 0 0
 357.609980136993 6.88738108609871 0 0
 359.771315828264 7.71663159694915 0 0
 361.932304807051 9.63571390768877 0 0
 364.092953030592 14.1941046865431 0 0
 366.253266456125 14.0760090554644 0 0
 368.413251040888 8.74796859993526 0 0
 370.572912742119 6.74205273739229 0 0
 372.732257517056 5.38209937195823 0 0
 374.891291322937 3.55735366339307 0 0
 377.050020117 4.61335006481638 0 0
 379.208449856483 3.57926945733893 0 0
 381.366586498624 2.43688462497993 0 0
 383.524436000661 3.69352774723694 0 0
 385.682004319832 2.3631211665576 0 0
 387.839297413375 1.87727497069602 0 0
 389.996321238528 3.12417336292429 0 0
 392.153081752529 1.87335275982418 0 0
 394.309584912616 1.71390973021382 0 0
 396.465836676027 3.03295935767645 0 0
 398.621843 2.2987401564617 0 0
 400.777609841773 5.36648805955552 0 0
 402.933143158584 11.8911525834345 0 0
 405.088448907671 12.6516342794412 0 0
 407.243533046272 9.87256304014769 0 0
 409.398401531625 6.96170428778358 0 0
 411.553060320968 4.80126836690445 0 0
 413.707515371539 6.64226189092715 0 0
 415.861772640576 9.20116500691052 0 0
 418.015838085317 11.3503043839996 0 0
 420.169717663 16.7681034817754 0 0
 422.323417330863 23.4487682044202 0 0
 424.476943046144 31.5811948486585 0 0
 426.630300766081 44.8617135530597 0 0
 428.783496447912 61.6906335595478 0 0
 430.936536048875 86.4386276212133 0 0
 433.089425526208 130.601743667042 0 0
 435.242170837149 179.315612155086 0 0
 437.394777938936 222.316369050261 0 0
 439.547252788807 268.579748562492 0 0
 441.699601344 340.32931744558 0 0
 443.851829561753 430.10113407886 0 0
 446.003943399304 518.137955162352 0 0
 448.155948813891 573.016615826417 0 0
 450.307851762752 576.508822085334 0 0
 452.459658203125 529.819206682137 0 0
 454.611374092248 453.36969119233 0 0
 456.763005387359 376.906334261476 0 0
 458.914558045696 316.429549343726 0 0
 461.066038024497 270.996031330776 0 0
 463.217451281 237.338879229395 0 0
 465.368803772443 207.463022369685 0 0
 467.520101456064 176.575543839078 0 0
 469.671350289101 149.15135141885 0 0
 471.822556228792 126.168742790243 0 0
 473.973725232375 107.617630417315 0 0
 476.124863257088 96.9135169448295 0 0
 478.275976260169 89.9351795217641 0 0
 480.427070198856 84.6642894708091 0 0
 482.578151030387 83.4079088409597 0 0
 484.729224712 82.2499177480382 0 0
 486.880297200933 81.6091053728831 0 0
 489.031374454424 84.5115634168074 0 0
 491.182462429711 87.0974626932422 0 0
 493.333567084032 90.3938330312858 0 0
 495.484694374625 95.9919054603294 0 0
 497.635850258728 100.531052642358 0 0
 499.787040693579 104.870228774399 0 0
 501.938271636416 110.577183717645 0 0
 504.089549044477 -NAN 0 0
 506.240878875 -NAN 0 0
 508.392267085223 -NAN 0 0
 510.543719632384 -NAN 0 0
 512.695242473721 -NAN 0 0
 514.846841566472 -NAN 0 0
 516.998522867875 -NAN 0 0
 519.150292335168 -NAN 0 0
 521.302155925589 -NAN 0 0
 523.454119596376 -NAN 0 0
 525.606189304767 -NAN 0 0
 527.758371008 -NAN 0 0
 529.910670663313 -NAN 0 0
 532.063094227944 -NAN 0 0
 534.215647659131 -NAN 0 0
 536.368336914112 -NAN 0 0
 538.521167950125 -NAN 0 0
 540.674146724408 -NAN 0 0
 542.827279194199 -NAN 0 0
 544.980571316736 -NAN 0 0
 547.134029049257 -NAN 0 0
 549.287658349 -NAN 0 0
 551.441465173203 -NAN 0 0
 553.595455479104 -NAN 0 0
 555.749635223941 -NAN 0 0
 557.904010364952 -NAN 0 0
 560.058586859375 -NAN 0 0
 562.213370664448 -NAN 0 0
 564.368367737409 -NAN 0 0
 566.523584035496 -NAN 0 0
 568.679025515947 -NAN 0 0
 570.834698136 -NAN 0 0
 572.990607852893 -NAN 0 0
 575.146760623864 -NAN 0 0
 577.303162406151 -NAN 0 0
 579.459819156992 -NAN 0 0
 581.616736833625 -NAN 0 0
 583.773921393288 -NAN 0 0
 585.931378793219 -NAN 0 0
 588.089114990656 -NAN 0 0
 590.247135942837 -NAN 0 0
 592.405447607 -NAN 0 0
 594.564055940383 -NAN 0 0
 596.722966900224 -NAN 0 0
 598.882186443761 -NAN 0 0
 601.041720528232 -NAN 0 0
 603.201575110875 -NAN 0 0
 605.361756148928 -NAN 0 0
 607.522269599629 -NAN 0 0
 609.683121420216 -NAN 0 0
 611.844317567927 -NAN 0 0
 614.005864 -NAN 0 0
 616.167766673673 -NAN 0 0
 618.330031546184 -NAN 0 0
 620.492664574771 -NAN 0 0
 622.655671716672 -NAN 0 0
 624.819058929125 -NAN 0 0
 626.982832169368 -NAN 0 0
 629.146997394639 -NAN 0 0
 631.311560562176 -NAN 0 0
 633.476527629217 -NAN 0 0
 635.641904553 -NAN 0 0
 637.807697290763 -NAN 0 0
 639.973911799744 -NAN 0 0
 642.140554037181 -NAN 0 0
 644.307629960312 -NAN 0 0
 646.475145526375 -NAN 0 0
 648.643106692608 -NAN 0 0
 650.811519416249 -NAN 0 0
 652.980389654536 -NAN 0 0
 655.149723364707 -NAN 0 0
 657.319526504 -NAN 0 0
 659.489805029653 -NAN 0 0
 661.660564898904 -NAN 0 0
 663.831812068991 -NAN 0 0
 666.003552497152 -NAN 0 0
 668.175792140625 -NAN 0 0
 670.348536956648 -NAN 0 0
 672.521792902459 -NAN 0 0
 674.695565935296 -NAN 0 0
 676.869862012397 -NAN 0 0
 679.044687091 -NAN 0 0
 681.220047128343 -NAN 0 0
 683.395948081664 -NAN 0 0
 685.572395908201 -NAN 0 0
 687.749396565192 -NAN 0 0
 689.926956009875 -NAN 0 0
 692.105080199488 -NAN 0 0
 694.283775091269 -NAN 0 0
 696.463046642456 -NAN 0 0
 698.642900810287 -NAN 0 0
 700.823343552 -NAN 0 0
 703.004380824833 -NAN 0 0
 705.186018586024 -NAN 0 0
 707.368262792811 -NAN 0 0
 709.551119402432 -NAN 0 0
 711.734594372125 -NAN 0 0
 713.918693659128 -NAN 0 0
 716.103423220679 -NAN 0 0
 718.288789014016 -NAN 0 0
 720.474796996377 -NAN 0 0
 722.661453125 -NAN 0 0
 724.848763357123 -NAN 0 0
 727.036733649984 -NAN 0 0
 729.225369960821 -NAN 0 0
 731.414678246872 -NAN 0 0
 733.604664465375 -NAN 0 0
 735.795334573568 -NAN 0 0
[END] of [DATA]
[END] of Spectrum


[Spectrum]
Version            = 1
IDData             = 12ad_2026-06-11_12-00-20_000_369
IDDevice           = SAM_82E6
IDDataType         = SPECTRUM
IDDataTypeSub1     = CALIBRATED
IDDataTypeSub2     = 
IDDataTypeSub3     = 
DateTime           = 2026-06-11 12:00:20
PositionLatitude   = 0
PositionLongitude  = 0
Comment            = 20260611_FrameE
CommentSub1        = con
CommentSub2        = right
CommentSub3        = 17cm
IDMethodType       = SAM Control
MethodName         = SAM_82E6
Mission            = No Mission
MissionSub         = 1
RecordType         = 0
[Attributes]
CalFactor = 1
IDBasisSpec = 
IDDataBack = DLAB_2024-11-11_10-40-48_641_639
IDDataCal = DLAB_2024-11-12_11-45-27_171_455
IntegrationTime = 128
P31 = -1
P31e = 0
PathLength = +INF
PathLengthCustomOn = 0
RAWDynamic = 65535
Salinity = 0
Temperature = -NAN
Unit1 = $01 $01 Wavelength nm
Unit2 = $03 $06 Intensity mW/(m^2 nm)
Unit3 = $f0 $06 Error mW/(m^2 nm)
Unit4 = $f1 $00 Status 
p999 = 8739
[END] of [Attributes]
[DATA]
 0 6 0 0
 185.260577530984 -NAN 0 0
 187.468128380571 -NAN 0 0
 189.674861895872 -NAN 0 0
 191.880784034125 -NAN 0 0
 194.085900752568 -NAN 0 0
 196.290218008439 -NAN 0 0
 198.493741758976 -NAN 0 0
 200.696477961417 -NAN 0 0
 202.898432573 -NAN 0 0
 205.099611550963 -NAN 0 0
 207.300020852544 -NAN 0 0
 209.499666434981 -NAN 0 0
 211.698554255512 -NAN 0 0
 213.896690271375 -NAN 0 0
 216.094080439808 -NAN 0 0
 218.290730718049 -NAN 0 0
 220.486647063336 -NAN 0 0
 222.681835432907 -NAN 0 0
 224.876301784 -NAN 0 0
 227.070052073853 -NAN 0 0
 229.263092259704 -NAN 0 0
 231.455428298791 -NAN 0 0
 233.647066148352 -NAN 0 0
 235.838011765625 -NAN 0 0
 238.028271107848 -NAN 0 0
 240.217850132259 -NAN 0 0
 242.406754796096 -NAN 0 0
 244.594991056597 -NAN 0 0
 246.782564871 -NAN 0 0
 248.969482196543 -NAN 0 0
 251.155748990464 -NAN 0 0
 253.341371210001 -NAN 0 0
 255.526354812392 -NAN 0 0
 257.710705754875 -NAN 0 0
 259.894429994688 -NAN 0 0
 262.077533489069 -NAN 0 0
 264.260022195256 -NAN 0 0
 266.441902070487 -NAN 0 0
 268.623179072 -NAN 0 0
 270.803859157033 -NAN 0 0
 272.983948282824 -NAN 0 0
 275.163452406611 -NAN 0 0
 277.342377485632 -NAN 0 0
 279.520729477125 -0.20008113277682 0 0
 281.698514338328 1.18363530762981 0 0
 283.875738026479 0.590887272225145 0 0
 286.052406498816 0.0766002644941194 0 0
 288.228525712577 1.28040348002659 0 0
 290.404101625 0.419047474678851 0 0
 292.579140193323 0.26693376839333 0 0
 294.753647374784 1.45522552589372 0 0
 296.927629126621 0.319560614026578 0 0
 299.101091406072 0.397478856426105 0 0
 301.274040170375 1.49040345402163 0 0
 303.446481376768 0.466690294787031 0 0
 305.618420982489 0.59914766398106 0 0
 307.789864944776 1.49415303762568 0 0
 309.960819220867 0.517579803198941 0 0
 312.131289768 1.18906210311098 0 0
 314.301282543413 2.72446759057654 0 0
 316.470803504344 3.78253500207201 0 0
 318.639858608031 8.40894435866798 0 0
 320.808453811712 12.7937262016891 0 0
 322.976595072625 14.877563853682 0 0
 325.144288348008 18.0989533399889 0 0
 327.311539595099 18.5302813215869 0 0
 329.478354771136 17.3208264015965 0 0
 331.644739833357 18.0477395159516 0 0
 333.810700739 16.8736881711174 0 0
 335.976243445303 14.6529424166804 0 0
 338.141373909504 14.4470409857265 0 0
 340.306098088841 12.6904788310078 0 0
 342.470421940552 10.889479026933 0 0
 344.634351421875 11.1326671431675 0 0
 346.797892490048 9.40805255229487 0 0
 348.961051102309 8.08551117501571 0 0
 351.123833215896 8.46823489592826 0 0
 353.286244788047 7.04235480397184 0 0
 355.448291776 6.46582457617064 0 0
 357.609980136993 7.34890621504574 0 0
 359.771315828264 6.7281537893405 0 0
 361.932304807051 9.79273488160444 0 0
 364.092953030592 14.2539426310757 0 0
 366.253266456125 12.8135946093729 0 0
 368.413251040888 9.20500584071578 0 0
 370.572912742119 6.83122824710781 0 0
 372.732257517056 4.25369932788846 0 0
 374.891291322937 4.59662695513737 0 0
 377.050020117 4.33884249770924 0 0
 379.208449856483 2.49470080105839 0 0
 381.366586498624 3.37670628468797 0 0
 383.524436000661 3.10371647530306 0 0
 385.682004319832 1.82404819754926 0 0
 387.839297413375 2.76848518782101 0 0
 389.996321238528 2.44010927144907 0 0
 392.153081752529 1.39739727696948 0 0
 394.309584912616 2.59618271970242 0 0
 396.465836676027 2.2099936126931 0 0
 398.621843 2.03469715534737 0 0
 400.777609841773 6.25473126173964 0 0
 402.933143158584 10.8633589175311 0 0
 405.088448907671 12.2523881986798 0 0
 407.243533046272 10.6412016635402 0 0
 409.398401531625 5.99118521008815 0 0
 411.553060320968 5.21708379031613 0 0
 413.707515371539 7.13758515574204 0 0
 415.861772640576 8.29996791906967 0 0
 418.015838085317 11.8447451697018 0 0
 420.169717663 17.1588110760869 0 0
 422.323417330863 22.7392012533188 0 0
 424.476943046144 32.2034312854963 0 0
 426.630300766081 44.7831633199579 0 0
 428.783496447912 61.0069861075357 0 0
 430.936536048875 86.8382767698449 0 0
 433.089425526208 129.930578162952 0 0
 435.242170837149 177.789910537808 0 0
 437.394777938936 221.69690911889 0 0
 439.547252788807 267.880129307231 0 0
 441.699601344 339.485175131295 0 0
 443.851829561753 430.793365848038 0 0
 446.003943399304 517.705896401475 0 0
 448.155948813891 572.352410882921 0 0
 450.307851762752 577.189691172713 0 0
 452.459658203125 529.351420235627 0 0
 454.611374092248 453.129099694443 0 0
 456.763005387359 377.555542528335 0 0
 458.914558045696 315.602181612558 0 0
 461.066038024497 270.976672466936 0 0
 463.217451281 238.104360221151 0 0
 465.368803772443 206.606976727116 0 0
 467.520101456064 176.882926907974 0 0
 469.671350289101 149.676363430169 0 0
 471.822556228792 125.282257657296 0 0
 473.973725232375 108.01292285476 0 0
 476.124863257088 97.3707609373469 0 0
 478.275976260169 89.2339833259758 0 0
 480.427070198856 85.1443610309754 0 0
 482.578151030387 83.5675179176765 0 0
 484.729224712 81.4843621923406 0 0
 486.880297200933 82.2925725419467 0 0
 489.031374454424 84.570866717079 0 0
 491.182462429711 86.3726197274288 0 0
 493.333567084032 91.1141585301213 0 0
 495.484694374625 95.8911838172885 0 0
 497.635850258728 99.6610275393331 0 0
 499.787040693579 105.710611538003 0 0
 501.938271636416 110.208037791773 0 0
 504.089549044477 -NAN 0 0
 506.240878875 -NAN 0 0
 508.392267085223 -NAN 0 0
 510.543719632384 -NAN 0 0
 512.695242473721 -NAN 0 0
 514.846841566472 -NAN 0 0
 516.998522867875 -NAN 0 0
 519.150292335168 -NAN 0 0
 521.302155925589 -NAN 0 0
 523.454119596376 -NAN 0 0
 525.606189304767 -NAN 0 0
 527.758371008 -NAN 0 0
 529.910670663313 -NAN 0 0
 532.063094227944 -NAN 0 0
 534.215647659131 -NAN 0 0
 536.368336914112 -NAN 0 0
 538.521167950125 -NAN 0 0
 540.674146724408 -NAN 0 0
 542.827279194199 -NAN 0 0
 544.980571316736 -NAN 0 0
 547.134029049257 -NAN 0 0
 549.287658349 -NAN 0 0
 551.441465173203 -NAN 0 0
 553.595455479104 -NAN 0 0
 555.749635223941 -NAN 0 0
 557.904010364952 -NAN 0 0
 560.058586859375 -NAN 0 0
 562.213370664448 -NAN 0 0
 564.368367737409 -NAN 0 0
 566.523584035496 -NAN 0 0
 568.679025515947 -NAN 0 0
 570.834698136 -NAN 0 0
 572.990607852893 -NAN 0 0
 575.146760623864 -NAN 0 0
 577.303162406151 -NAN 0 0
 579.459819156992 -NAN 0 0
 581.616736833625 -NAN 0 0
 583.773921393288 -NAN 0 0
 585.931378793219 -NAN 0 0
 588.089114990656 -NAN 0 0
 590.247135942837 -NAN 0 0
 592.405447607 -NAN 0 0
 594.564055940383 -NAN 0 0
 596.722966900224 -NAN 0 0
 598.882186443761 -NAN 0 0
 601.041720528232 -NAN 0 0
 603.201575110875 -NAN 0 0
 605.361756148928 -NAN 0 0
 607.522269599629 -NAN 0 0
 609.683121420216 -NAN 0 0
 611.844317567927 -NAN 0 0
 614.005864 -NAN 0 0
 616.167766673673 -NAN 0 0
 618.330031546184 -NAN 0 0
 620.492664574771 -NAN 0 0
 622.655671716672 -NAN 0 0
 624.819058929125 -NAN 0 0
 626.982832169368 -NAN 0 0
 629.146997394639 -NAN 0 0
 631.311560562176 -NAN 0 0
 633.476527629217 -NAN 0 0
 635.641904553 -NAN 0 0
 637.807697290763 -NAN 0 0
 639.973911799744 -NAN 0 0
 642.140554037181 -NAN 0 0
 644.307629960312 -NAN 0 0
 646.475145526375 -NAN 0 0
 648.643106692608 -NAN 0 0
 650.811519416249 -NAN 0 0
 652.980389654536 -NAN 0 0
 655.149723364707 -NAN 0 0
 657.319526504 -NAN 0 0
 659.489805029653 -NAN 0 0
 661.660564898904 -NAN 0 0
 663.831812068991 -NAN 0 0
 666.003552497152 -NAN 0 0
 668.175792140625 -NAN 0 0
 670.348536956648 -NAN 0 0
 672.521792902459 -NAN 0 0
 674.695565935296 -NAN 0 0
 676.869862012397 -NAN 0 0
 679.044687091 -NAN 0 0
 681.220047128343 -NAN 0 0
 683.395948081664 -NAN 0 0
 685.572395908201 -NAN 0 0
 687.749396565192 -NAN 0 0
 689.926956009875 -NAN 0 0
 692.105080199488 -NAN 0 0
 694.283775091269 -NAN 0 0
 696.463046642456 -NAN 0 0
 698.642900810287 -NAN 0 0
 700.823343552 -NAN 0 0
 703.004380824833 -NAN 0 0
 705.186018586024 -NAN 0 0
 707.368262792811 -NAN 0 0
 709.551119402432 -NAN 0 0
 711.734594372125 -NAN 0 0
 713.918693659128 -NAN 0 0
 716.103423220679 -NAN 0 0
 718.288789014016 -NAN 0 0
 720.474796996377 -NAN 0 0
 722.661453125 -NAN 0 0
 724.848763357123 -NAN 0 0
 727.036733649984 -NAN 0 0
 729.225369960821 -NAN 0 0
 731.414678246872 -NAN 0 0
 733.604664465375 -NAN 0 0
 735.795334573568 -NAN 0 0
[END] of [DATA]
[END] of Spectrum


[Spectrum]
Version            = 1
IDData             = 12ad_2026-06-11_12-00-15_000_366
IDDevice           = SAM_82E6
IDDataType         = SPECTRUM
IDDataTypeSub1     = CALIBRATED
IDDataTypeSub2     = 
IDDataTypeSub3     = 
DateTime           = 2026-06-11 12:00:15
PositionLatitude   = 0
PositionLongitude  = 0
Comment            = 20260611_FrameE
CommentSub1        = con
CommentSub2        = right
CommentSub3        = 17cm
IDMethodType       = SAM Control
MethodName         = SAM_82E6
Mission            = No Mission
MissionSub         = 1
RecordType         = 0
[Attributes]
CalFactor = 1
IDBasisSpec = 
IDDataBack = DLAB_2024-11-11_10-40-48_641_639
IDDataCal = DLAB_2024-11-12_11-45-27_171_455
IntegrationTime = 128
P31 = -1
P31e = 0
PathLength = +INF
PathLengthCustomOn = 0
RAWDynamic = 65535
Salinity = 0
Temperature = -NAN
Unit1 = $01 $01 Wavelength nm
Unit2 = $03 $06 Intensity mW/(m^2 nm)
Unit3 = $f0 $06 Error mW/(m^2 nm)
Unit4 = $f1 $00 Status 
p999 = 8738
[END] of [Attributes]
[DATA]
 0 6 0 0
 185.260577530984 -NAN 0 0
 187.468128380571 -NAN 0 0
 189.674861895872 -NAN 0 0
 191.880784034125 -NAN 0 0
 194.085900752568 -NAN 0 0
 196.290218008439 -NAN 0 0
 198.493741758976 -NAN 0 0
 200.696477961417 -NAN 0 0
 202.898432573 -NAN 0 0
 205.099611550963 -NAN 0 0
 207.300020852544 -NAN 0 0
 209.499666434981 -NAN 0 0
 211.698554255512 -NAN 0 0
 213.896690271375 -NAN 0 0
 216.094080439808 -NAN 0 0
 218.290730718049 -NAN 0 0
 220.486647063336 -NAN 0 0
 222.681835432907 -NAN 0 0
 224.876301784 -NAN 0 0
 227.070052073853 -NAN 0 0
 229.263092259704 -NAN 0 0
 231.455428298791 -NAN 0 0
 233.647066148352 -NAN 0 0
 235.838011765625 -NAN 0 0
 238.028271107848 -NAN 0 0
 240.217850132259 -NAN 0 0
 242.406754796096 -NAN 0 0
 244.594991056597 -NAN 0 0
 246.782564871 -NAN 0 0
 248.969482196543 -NAN 0 0
 251.155748990464 -NAN 0 0
 253.341371210001 -NAN 0 0
 255.526354812392 -NAN 0 0
 257.710705754875 -NAN 0 0
 259.894429994688 -NAN 0 0
 262.077533489069 -NAN 0 0
 264.260022195256 -NAN 0 0
 266.441902070487 -NAN 0 0
 268.623179072 -NAN 0 0
 270.803859157033 -NAN 0 0
 272.983948282824 -NAN 0 0
 275.163452406611 -NAN 0 0
 277.342377485632 -NAN 0 0
 279.520729477125 0.139891168777281 0 0
 281.698514338328 -0.0362070025626805 0 0
 283.875738026479 1.3068433633895 0 0
 286.052406498816 0.107089596445245 0 0
 288.228525712577 0.253157194740042 0 0
 290.404101625 1.44419591752384 0 0
 292.579140193323 -0.0840476436718053 0 0
 294.753647374784 0.572385649677235 0 0
 296.927629126621 1.30607636627699 0 0
 299.101091406072 0.100739599582298 0 0
 301.274040170375 0.762863091953522 0 0
 303.446481376768 1.29566096212923 0 0
 305.618420982489 0.215220449704518 0 0
 307.789864944776 1.09331476716433 0 0
 309.960819220867 1.20166415091114 0 0
 312.131289768 0.382256841155603 0 0
 314.301282543413 2.56051241085926 0 0
 316.470803504344 4.62188353403892 0 0
 318.639858608031 7.32447649282162 0 0
 320.808453811712 12.6060406271841 0 0
 322.976595072625 15.3120864627516 0 0
 325.144288348008 16.310213333368 0 0
 327.311539595099 18.2444127151303 0 0
 329.478354771136 17.5394798310794 0 0
 331.644739833357 16.4266324160127 0 0
 333.810700739 16.9847043703848 0 0
 335.976243445303 14.7881330104519 0 0
 338.141373909504 12.9344962792457 0 0
 340.306098088841 13.0365867371313 0 0
 342.470421940552 10.751986884886 0 0
 344.634351421875 9.73301633932297 0 0
 346.797892490048 9.84654868508156 0 0
 348.961051102309 7.75589757165208 0 0
 351.123833215896 7.38352280950806 0 0
 353.286244788047 7.67370798445627 0 0
 355.448291776 6.0430863803944 0 0
 357.609980136993 6.4462016124881 0 0
 359.771315828264 7.3509270761799 0 0
 361.932304807051 9.14378805933759 0 0
 364.092953030592 13.4241145323689 0 0
 366.253266456125 13.4477213847917 0 0
 368.413251040888 8.20485803264169 0 0
 370.572912742119 6.17936783101826 0 0
 372.732257517056 5.22034029049621 0 0
 374.891291322937 3.46324094615878 0 0
 377.050020117 4.02019301026326 0 0
 379.208449856483 3.55687836249959 0 0
 381.366586498624 2.26163968392159 0 0
 383.524436000661 3.33821975209606 0 0
 385.682004319832 2.7756044409967 0 0
 387.839297413375 1.52305787326955 0 0
 389.996321238528 2.8741458305165 0 0
 392.153081752529 1.87612801045307 0 0
 394.309584912616 1.4466369235063 0 0
 396.465836676027 2.84232128950739 0 0
 398.621843 2.20586070883355 0 0
 400.777609841773 4.83068103276218 0 0
 402.933143158584 11.1409012268194 0 0
 405.088448907671 11.9022800970891 0 0
 407.243533046272 9.44725758856423 0 0
 409.398401531625 6.73712136071356 0 0
 411.553060320968 4.94244707830152 0 0
 413.707515371539 6.39619123260369 0 0
 415.861772640576 9.11135148060249 0 0
 418.015838085317 11.6176759420731 0 0
 420.169717663 16.6337681830048 0 0
 422.323417330863 23.4176388155977 0 0
 424.476943046144 31.582970130932 0 0
 426.630300766081 44.5060795306649 0 0
 428.783496447912 61.6923194965441 0 0
 430.936536048875 86.0101378123712 0 0
 433.089425526208 129.073202687885 0 0
 435.242170837149 177.101786340597 0 0
 437.394777938936 220.159849185954 0 0
 439.547252788807 267.56226761091 0 0
 441.699601344 340.005469274374 0 0
 443.851829561753 430.087741444874 0 0
 446.003943399304 517.847064115425 0 0
 448.155948813891 573.018370661142 0 0
 450.307851762752 576.413229869092 0 0
 452.459658203125 529.904427183283 0 0
 454.611374092248 453.422944646408 0 0
 456.763005387359 376.574408230301 0 0
 458.914558045696 316.35968717101 0 0
 461.066038024497 271.108108963532 0 0
 463.217451281 237.359652119266 0 0
 465.368803772443 207.313135216486 0 0
 467.520101456064 176.558407500742 0 0
 469.671350289101 148.939181616338 0 0
 471.822556228792 126.170928943469 0 0
 473.973725232375 107.639652280126 0 0
 476.124863257088 96.7164481054395 0 0
 478.275976260169 89.9974092950829 0 0
 480.427070198856 84.6665171810651 0 0
 482.578151030387 83.1690532995792 0 0
 484.729224712 82.3728536766904 0 0
 486.880297200933 81.470398451502 0 0
 489.031374454424 84.3123938423101 0 0
 491.182462429711 87.1399034215949 0 0
 493.333567084032 90.1956600192414 0 0
 495.484694374625 96.0937339346126 0 0
 497.635850258728 100.395008363953 0 0
 499.787040693579 104.696281501207 0 0
 501.938271636416 110.424359456788 0 0
 504.089549044477 -NAN 0 0
 506.240878875 -NAN 0 0
 508.392267085223 -NAN 0 0
 510.543719632384 -NAN 0 0
 512.695242473721 -NAN 0 0
 514.846841566472 -NAN 0 0
 516.998522867875 -NAN 0 0
 519.150292335168 -NAN 0 0
 521.302155925589 -NAN 0 0
 523.454119596376 -NAN 0 0
 525.606189304767 -NAN 0 0
 527.758371008 -NAN 0 0
 529.910670663313 -NAN 0 0
 532.063094227944 -NAN 0 0
 534.215647659131 -NAN 0 0
 536.368336914112 -NAN 0 0
 538.521167950125 -NAN 0 0
 540.674146724408 -NAN 0 0
 542.827279194199 -NAN 0 0
 544.980571316736 -NAN 0 0
 547.134029049257 -NAN 0 0
 549.287658349 -NAN 0 0
 551.441465173203 -NAN 0 0
 553.595455479104 -NAN 0 0
 555.749635223941 -NAN 0 0
 557.904010364952 -NAN 0 0
 560.058586859375 -NAN 0 0
 562.213370664448 -NAN 0 0
 564.368367737409 -NAN 0 0
 566.523584035496 -NAN 0 0
 568.679025515947 -NAN 0 0
 570.834698136 -NAN 0 0
 572.990607852893 -NAN 0 0
 575.146760623864 -NAN 0 0
 577.303162406151 -NAN 0 0
 579.459819156992 -NAN 0 0
 581.616736833625 -NAN 0 0
 583.773921393288 -NAN 0 0
 585.931378793219 -NAN 0 0
 588.089114990656 -NAN 0 0
 590.247135942837 -NAN 0 0
 592.405447607 -NAN 0 0
 594.564055940383 -NAN 0 0
 596.722966900224 -NAN 0 0
 598.882186443761 -NAN 0 0
 601.041720528232 -NAN 0 0
 603.201575110875 -NAN 0 0
 605.361756148928 -NAN 0 0
 607.522269599629 -NAN 0 0
 609.683121420216 -NAN 0 0
 611.844317567927 -NAN 0 0
 614.005864 -NAN 0 0
 616.167766673673 -NAN 0 0
 618.330031546184 -NAN 0 0
 620.492664574771 -NAN 0 0
 622.655671716672 -NAN 0 0
 624.819058929125 -NAN 0 0
 626.982832169368 -NAN 0 0
 629.146997394639 -NAN 0 0
 631.311560562176 -NAN 0 0
 633.476527629217 -NAN 0 0
 635.641904553 -NAN 0 0
 637.807697290763 -NAN 0 0
 639.973911799744 -NAN 0 0
 642.140554037181 -NAN 0 0
 644.307629960312 -NAN 0 0
 646.475145526375 -NAN 0 0
 648.643106692608 -NAN 0 0
 650.811519416249 -NAN 0 0
 652.980389654536 -NAN 0 0
 655.149723364707 -NAN 0 0
 657.319526504 -NAN 0 0
 659.489805029653 -NAN 0 0
 661.660564898904 -NAN 0 0
 663.831812068991 -NAN 0 0
 666.003552497152 -NAN 0 0
 668.175792140625 -NAN 0 0
 670.348536956648 -NAN 0 0
 672.521792902459 -NAN 0 0
 674.695565935296 -NAN 0 0
 676.869862012397 -NAN 0 0
 679.044687091 -NAN 0 0
 681.220047128343 -NAN 0 0
 683.395948081664 -NAN 0 0
 685.572395908201 -NAN 0 0
 687.749396565192 -NAN 0 0
 689.926956009875 -NAN 0 0
 692.105080199488 -NAN 0 0
 694.283775091269 -NAN 0 0
 696.463046642456 -NAN 0 0
 698.642900810287 -NAN 0 0
 700.823343552 -NAN 0 0
 703.004380824833 -NAN 0 0
 705.186018586024 -NAN 0 0
 707.368262792811 -NAN 0 0
 709.551119402432 -NAN 0 0
 711.734594372125 -NAN 0 0
 713.918693659128 -NAN 0 0
 716.103423220679 -NAN 0 0
 718.288789014016 -NAN 0 0
 720.474796996377 -NAN 0 0
 722.661453125 -NAN 0 0
 724.848763357123 -NAN 0 0
 727.036733649984 -NAN 0 0
 729.225369960821 -NAN 0 0
 731.414678246872 -NAN 0 0
 733.604664465375 -NAN 0 0
 735.795334573568 -NAN 0 0
[END] of [DATA]
[END] of Spectrum


[Spectrum]
Version            = 1
IDData             = 12ad_2026-06-11_12-00-10_000_363
IDDevice           = SAM_82E6
IDDataType         = SPECTRUM
IDDataTypeSub1     = CALIBRATED
IDDataTypeSub2     = 
IDDataTypeSub3     = 
DateTime           = 2026-06-11 12:00:10
PositionLatitude   = 0
PositionLongitude  = 0
Comment            = 20260611_FrameE
CommentSub1        = con
CommentSub2        = right
CommentSub3        = 17cm
IDMethodType       = SAM Control
MethodName         = SAM_82E6
Mission            = No Mission
MissionSub         = 1
RecordType         = 0
[Attributes]
CalFactor = 1
IDBasisSpec = 
IDDataBack = DLAB_2024-11-11_10-40-48_641_639
IDDataCal = DLAB_2024-11-12_11-45-27_171_455
IntegrationTime = 128
P31 = -1
P31e = 0
PathLength = +INF
PathLengthCustomOn = 0
RAWDynamic = 65535
Salinity = 0
Temperature = -NAN
Unit1 = $01 $01 Wavelength nm
Unit2 = $03 $06 Intensity mW/(m^2 nm)
Unit3 = $f0 $06 Error mW/(m^2 nm)
Unit4 = $f1 $00 Status 
p999 = 8737
[END] of [Attributes]
[DATA]
 0 6 0 0
 185.260577530984 -NAN 0 0
 187.468128380571 -NAN 0 0
 189.674861895872 -NAN 0 0
 191.880784034125 -NAN 0 0
 194.085900752568 -NAN 0 0
 196.290218008439 -NAN 0 0
 198.493741758976 -NAN 0 0
 200.696477961417 -NAN 0 0
 202.898432573 -NAN 0 0
 205.099611550963 -NAN 0 0
 207.300020852544 -NAN 0 0
 209.499666434981 -NAN 0 0
 211.698554255512 -NAN 0 0
 213.896690271375 -NAN 0 0
 216.094080439808 -NAN 0 0
 218.290730718049 -NAN 0 0
 220.486647063336 -NAN 0 0
 222.681835432907 -NAN 0 0
 224.876301784 -NAN 0 0
 227.070052073853 -NAN 0 0
 229.263092259704 -NAN 0 0
 231.455428298791 -NAN 0 0
 233.647066148352 -NAN 0 0
 235.838011765625 -NAN 0 0
 238.028271107848 -NAN 0 0
 240.217850132259 -NAN 0 0
 242.406754796096 -NAN 0 0
 244.594991056597 -NAN 0 0
 246.782564871 -NAN 0 0
 248.969482196543 -NAN 0 0
 251.155748990464 -NAN 0 0
 253.341371210001 -NAN 0 0
 255.526354812392 -NAN 0 0
 257.710705754875 -NAN 0 0
 259.894429994688 -NAN 0 0
 262.077533489069 -NAN 0 0
 264.260022195256 -NAN 0 0
 266.441902070487 -NAN 0 0
 268.623179072 -NAN 0 0
 270.803859157033 -NAN 0 0
 272.983948282824 -NAN 0 0
 275.163452406611 -NAN 0 0
 277.342377485632 -NAN 0 0
 279.520729477125 0.0514734639774968 0 0
 281.698514338328 0.294575531712452 0 0
 283.875738026479 1.23199982723228 0 0
 286.052406498816 -0.10052823541242 0 0
 288.228525712577 0.460898772657128 0 0
 290.404101625 1.26243200921799 0 0
 292.579140193323 -0.133382380307467 0 0
 294.753647374784 0.672303961249023 0 0
 296.927629126621 1.17022413269811 0 0
 299.101091406072 0.0375782316597217 0 0
 301.274040170375 0.826682421959496 0 0
 303.446481376768 1.13947808277491 0 0
 305.618420982489 0.0807921533892039 0 0
 307.789864944776 1.11362390620104 0 0
 309.960819220867 1.18329221740228 0 0
 312.131289768 0.484654719590664 0 0
 314.301282543413 2.45702297117956 0 0
 316.470803504344 4.5351386348109 0 0
 318.639858608031 7.07104805916595 0 0
 320.808453811712 12.295893543073 0 0
 322.976595072625 14.8831887418253 0 0
 325.144288348008 15.8438993526266 0 0
 327.311539595099 18.0611636084273 0 0
 329.478354771136 16.7912983682908 0 0
 331.644739833357 15.6553111383248 0 0
 333.810700739 16.5332384933639 0 0
 335.976243445303 14.083106795622 0 0
 338.141373909504 12.6578283988587 0 0
 340.306098088841 12.6226145356894 0 0
 342.470421940552 10.4233151929451 0 0
 344.634351421875 9.50791526664716 0 0
 346.797892490048 9.56508973483556 0 0
 348.961051102309 7.54887709796055 0 0
 351.123833215896 7.22344661925203 0 0
 353.286244788047 7.36075744421614 0 0
 355.448291776 5.88926561195674 0 0
 357.609980136993 6.31234861685382 0 0
 359.771315828264 7.25519853986089 0 0
 361.932304807051 8.84841294057315 0 0
 364.092953030592 13.1813757007743 0 0
 366.253266456125 13.0705152181982 0 0
 368.413251040888 7.98785626579895 0 0
 370.572912742119 6.20323169981538 0 0
 372.732257517056 4.91638975839418 0 0
 374.891291322937 3.24678169651993 0 0
 377.050020117 4.24504091698921 0 0
 379.208449856483 3.35675795237299 0 0
 381.366586498624 2.26305294957528 0 0
 383.524436000661 3.18614793017575 0 0
 385.682004319832 2.31618341463867 0 0
 387.839297413375 1.67749652774749 0 0
 389.996321238528 2.8502667965225 0 0
 392.153081752529 1.87751563576751 0 0
 394.309584912616 1.6443642549991 0 0
 396.465836676027 2.89199458895989 0 0
 398.621843 2.20718755808538 0 0
 400.777609841773 4.9022086698341 0 0
 402.933143158584 10.9140515767618 0 0
 405.088448907671 11.3949304621523 0 0
 407.243533046272 9.10630042486463 0 0
 409.398401531625 6.63514237852361 0 0
 411.553060320968 4.82443049924303 0 0
 413.707515371539 6.54998539405585 0 0
 415.861772640576 9.09400114029298 0 0
 418.015838085317 11.3532533350077 0 0
 420.169717663 16.6857994606976 0 0
 422.323417330863 23.303192533162 0 0
 424.476943046144 31.5998353125296 0 0
 426.630300766081 44.6157045812575 0 0
 428.783496447912 61.4655609705376 0 0
 430.936536048875 85.8774707754028 0 0
 433.089425526208 128.520240034938 0 0
 435.242170837149 176.052416920228 0 0
 437.394777938936 219.239851274977 0 0
 439.547252788807 267.242788297814 0 0
 441.699601344 339.873135377004 0 0
 443.851829561753 430.058445058028 0 0
 446.003943399304 517.940320362822 0 0
 448.155948813891 573.035041591032 0 0
 450.307851762752 576.397899041959 0 0
 452.459658203125 529.838659187833 0 0
 454.611374092248 453.252723784267 0 0
 456.763005387359 376.838972802208 0 0
 458.914558045696 316.360685202049 0 0
 461.066038024497 271.017427969756 0 0
 463.217451281 237.360690763759 0 0
 465.368803772443 207.466188999682 0 0
 467.520101456064 176.559478521888 0 0
 469.671350289101 149.076658988374 0 0
 471.822556228792 126.172022020081 0 0
 473.973725232375 107.601114020208 0 0
 476.124863257088 96.578057066542 0 0
 478.275976260169 89.8985084053441 0 0
 480.427070198856 84.8280261746246 0 0
 482.578151030387 83.1902600999822 0 0
 484.729224712 82.1728033927928 0 0
 486.880297200933 81.4715170557066 0 0
 489.031374454424 84.2933720290154 0 0
 491.182462429711 87.2817448031947 0 0
 493.333567084032 90.2168133182799 0 0
 495.484694374625 96.0549948411353 0 0
 497.635850258728 100.435602221219 0 0
 499.787040693579 104.775644944601 0 0
 501.938271636416 110.638528667425 0 0
 504.089549044477 -NAN 0 0
 506.240878875 -NAN 0 0
 508.392267085223 -NAN 0 0
 510.543719632384 -NAN 0 0
 512.695242473721 -NAN 0 0
 514.846841566472 -NAN 0 0
 516.998522867875 -NAN 0 0
 519.150292335168 -NAN 0 0
 521.302155925589 -NAN 0 0
 523.454119596376 -NAN 0 0
 525.606189304767 -NAN 0 0
 527.758371008 -NAN 0 0
 529.910670663313 -NAN 0 0
 532.063094227944 -NAN 0 0
 534.215647659131 -NAN 0 0
 536.368336914112 -NAN 0 0
 538.521167950125 -NAN 0 0
 540.674146724408 -NAN 0 0
 542.827279194199 -NAN 0 0
 544.980571316736 -NAN 0 0
 547.134029049257 -NAN 0 0
 549.287658349 -NAN 0 0
 551.441465173203 -NAN 0 0
 553.595455479104 -NAN 0 0
 555.749635223941 -NAN 0 0
 557.904010364952 -NAN 0 0
 560.058586859375 -NAN 0 0
 562.213370664448 -NAN 0 0
 564.368367737409 -NAN 0 0
 566.523584035496 -NAN 0 0
 568.679025515947 -NAN 0 0
 570.834698136 -NAN 0 0
 572.990607852893 -NAN 0 0
 575.146760623864 -NAN 0 0
 577.303162406151 -NAN 0 0
 579.459819156992 -NAN 0 0
 581.616736833625 -NAN 0 0
 583.773921393288 -NAN 0 0
 585.931378793219 -NAN 0 0
 588.089114990656 -NAN 0 0
 590.247135942837 -NAN 0 0
 592.405447607 -NAN 0 0
 594.564055940383 -NAN 0 0
 596.722966900224 -NAN 0 0
 598.882186443761 -NAN 0 0
 601.041720528232 -NAN 0 0
 603.201575110875 -NAN 0 0
 605.361756148928 -NAN 0 0
 607.522269599629 -NAN 0 0
 609.683121420216 -NAN 0 0
 611.844317567927 -NAN 0 0
 614.005864 -NAN 0 0
 616.167766673673 -NAN 0 0
 618.330031546184 -NAN 0 0
 620.492664574771 -NAN 0 0
 622.655671716672 -NAN 0 0
 624.819058929125 -NAN 0 0
 626.982832169368 -NAN 0 0
 629.146997394639 -NAN 0 0
 631.311560562176 -NAN 0 0
 633.476527629217 -NAN 0 0
 635.641904553 -NAN 0 0
 637.807697290763 -NAN 0 0
 639.973911799744 -NAN 0 0
 642.140554037181 -NAN 0 0
 644.307629960312 -NAN 0 0
 646.475145526375 -NAN 0 0
 648.643106692608 -NAN 0 0
 650.811519416249 -NAN 0 0
 652.980389654536 -NAN 0 0
 655.149723364707 -NAN 0 0
 657.319526504 -NAN 0 0
 659.489805029653 -NAN 0 0
 661.660564898904 -NAN 0 0
 663.831812068991 -NAN 0 0
 666.003552497152 -NAN 0 0
 668.175792140625 -NAN 0 0
 670.348536956648 -NAN 0 0
 672.521792902459 -NAN 0 0
 674.695565935296 -NAN 0 0
 676.869862012397 -NAN 0 0
 679.044687091 -NAN 0 0
 681.220047128343 -NAN 0 0
 683.395948081664 -NAN 0 0
 685.572395908201 -NAN 0 0
 687.749396565192 -NAN 0 0
 689.926956009875 -NAN 0 0
 692.105080199488 -NAN 0 0
 694.283775091269 -NAN 0 0
 696.463046642456 -NAN 0 0
 698.642900810287 -NAN 0 0
 700.823343552 -NAN 0 0
 703.004380824833 -NAN 0 0
 705.186018586024 -NAN 0 0
 707.368262792811 -NAN 0 0
 709.551119402432 -NAN 0 0
 711.734594372125 -NAN 0 0
 713.918693659128 -NAN 0 0
 716.103423220679 -NAN 0 0
 718.288789014016 -NAN 0 0
 720.474796996377 -NAN 0 0
 722.661453125 -NAN 0 0
 724.848763357123 -NAN 0 0
 727.036733649984 -NAN 0 0
 729.225369960821 -NAN 0 0
 731.414678246872 -NAN 0 0
 733.604664465375 -NAN 0 0
 735.795334573568 -NAN 0 0
[END] of [DATA]
[END] of Spectrum


[Spectrum]
Version            = 1
IDData             = 12ad_2026-06-11_12-00-05_000_360
IDDevice           = SAM_82E6
IDDataType         = SPECTRUM
IDDataTypeSub1     = CALIBRATED
IDDataTypeSub2     = 
IDDataTypeSub3     = 
DateTime           = 2026-06-11 12:00:05
PositionLatitude   = 0
PositionLongitude  = 0
Comment            = 20260611_FrameE
CommentSub1        = con
CommentSub2        = right
CommentSub3        = 17cm
IDMethodType       = SAM Control
MethodName         = SAM_82E6
Mission            = No Mission
MissionSub         = 1
RecordType         = 0
[Attributes]
CalFactor = 1
IDBasisSpec = 
IDDataBack = DLAB_2024-11-11_10-40-48_641_639
IDDataCal = DLAB_2024-11-12_11-45-27_171_455
IntegrationTime = 128
P31 = -1
P31e = 0
PathLength = +INF
PathLengthCustomOn = 0
RAWDynamic = 65535
Salinity = 0
Temperature = -NAN
Unit1 = $01 $01 Wavelength nm
Unit2 = $03 $06 Intensity mW/(m^2 nm)
Unit3 = $f0 $06 Error mW/(m^2 nm)
Unit4 = $f1 $00 Status 
p999 = 8736
[END] of [Attributes]
[DATA]
 0 6 0 0
 185.260577530984 -NAN 0 0
 187.468128380571 -NAN 0 0
 189.674861895872 -NAN 0 0
 191.880784034125 -NAN 0 0
 194.085900752568 -NAN 0 0
 196.290218008439 -NAN 0 0
 198.493741758976 -NAN 0 0
 200.696477961417 -NAN 0 0
 202.898432573 -NAN 0 0
 205.099611550963 -NAN 0 0
 207.300020852544 -NAN 0 0
 209.499666434981 -NAN 0 0
 211.698554255512 -NAN 0 0
 213.896690271375 -NAN 0 0
 216.094080439808 -NAN 0 0
 218.290730718049 -NAN 0 0
 220.486647063336 -NAN 0 0
 222.681835432907 -NAN 0 0
 224.876301784 -NAN 0 0
 227.070052073853 -NAN 0 0
 229.263092259704 -NAN 0 0
 231.455428298791 -NAN 0 0
 233.647066148352 -NAN 0 0
 235.838011765625 -NAN 0 0
 238.028271107848 -NAN 0 0
 240.217850132259 -NAN 0 0
 242.406754796096 -NAN 0 0
 244.594991056597 -NAN 0 0
 246.782564871 -NAN 0 0
 248.969482196543 -NAN 0 0
 251.155748990464 -NAN 0 0
 253.341371210001 -NAN 0 0
 255.526354812392 -NAN 0 0
 257.710705754875 -NAN 0 0
 259.894429994688 -NAN 0 0
 262.077533489069 -NAN 0 0
 264.260022195256 -NAN 0 0
 266.441902070487 -NAN 0 0
 268.623179072 -NAN 0 0
 270.803859157033 -NAN 0 0
 272.983948282824 -NAN 0 0
 275.163452406611 -NAN 0 0
 277.342377485632 -NAN 0 0
 279.520729477125 -0.218760929565507 0 0
 281.698514338328 1.04635401870139 0 0
 283.875738026479 0.417193782652728 0 0
 286.052406498816 -0.232648673867297 0 0
 288.228525712577 1.36206741065606 0 0
 290.404101625 0.52810581966236 0 0
 292.579140193323 0.068185257946808 0 0
 294.753647374784 1.55788132545377 0 0
 296.927629126621 0.277662261614399 0 0
 299.101091406072 0.379602997580093 0 0
 301.274040170375 1.45211185601804 0 0
 303.446481376768 0.352010558198189 0 0
 305.618420982489 0.641089292431438 0 0
 307.789864944776 1.30495737396792 0 0
 309.960819220867 0.481916638152334 0 0
 312.131289768 1.21269238274984 0 0
 314.301282543413 2.45586016848653 0 0
 316.470803504344 3.61026696276002 0 0
 318.639858608031 7.74128264766649 0 0
 320.808453811712 11.7195257859052 0 0
 322.976595072625 13.8186786607065 0 0
 325.144288348008 16.3621864086209 0 0
 327.311539595099 16.8986312755035 0 0
 329.478354771136 15.584985910395 0 0
 331.644739833357 16.5065774236809 0 0
 333.810700739 15.5459344278788 0 0
 335.976243445303 13.1396799638187 0 0
 338.141373909504 13.2631271625479 0 0
 340.306098088841 11.570717958255 0 0
 342.470421940552 9.90346395111022 0 0
 344.634351421875 10.1630977184019 0 0
 346.797892490048 8.65065014111787 0 0
 348.961051102309 7.38117894888082 0 0
 351.123833215896 7.80666127046455 0 0
 353.286244788047 6.37828902346231 0 0
 355.448291776 6.00436227085764 0 0
 357.609980136993 6.69677442031549 0 0
 359.771315828264 6.01502997384046 0 0
 361.932304807051 9.04496367015989 0 0
 364.092953030592 13.180246682953 0 0
 366.253266456125 11.9762669887923 0 0
 368.413251040888 8.37942928641463 0 0
 370.572912742119 6.13415207961321 0 0
 372.732257517056 3.90539549925652 0 0
 374.891291322937 4.04405085823322 0 0
 377.050020117 4.04502284045386 0 0
 379.208449856483 2.39813920456373 0 0
 381.366586498624 3.05024191868412 0 0
 383.524436000661 2.92890494169375 0 0
 385.682004319832 1.41867670370393 0 0
 387.839297413375 2.69622489994601 0 0
 389.996321238528 2.44432321862448 0 0
 392.153081752529 1.20174210763272 0 0
 394.309584912616 2.64936455369014 0 0
 396.465836676027 2.09319423289938 0 0
 398.621843 1.82372812430628 0 0
 400.777609841773 5.86067900659793 0 0
 402.933143158584 9.72657603428152 0 0
 405.088448907671 11.0399085626445 0 0
 407.243533046272 9.74663461034923 0 0
 409.398401531625 5.70587322620838 0 0
 411.553060320968 5.12112638491344 0 0
 413.707515371539 6.93075852482362 0 0
 415.861772640576 8.24791689814115 0 0
 418.015838085317 11.741531884416 0 0
 420.169717663 17.1275923094712 0 0
 422.323417330863 22.7419479640972 0 0
 424.476943046144 31.9184984806105 0 0
 426.630300766081 44.7857528880822 0 0
 428.783496447912 60.8426072503934 0 0
 430.936536048875 86.2622875844975 0 0
 433.089425526208 127.8927933936 0 0
 435.242170837149 174.382856585764 0 0
 437.394777938936 218.850590647135 0 0
 439.547252788807 266.717871654272 0 0
 441.699601344 339.250919474459 0 0
 443.851829561753 430.871210533085 0 0
 446.003943399304 517.554461944693 0 0
 448.155948813891 572.607739335441 0 0
 450.307851762752 577.143698691314 0 0
 452.459658203125 529.370872741324 0 0
 454.611374092248 453.200421284726 0 0
 456.763005387359 377.488181069067 0 0
 458.914558045696 315.677033940468 0 0
 461.066038024497 270.92470920084 0 0
 463.217451281 238.051389351979 0 0
 465.368803772443 206.724142037011 0 0
 467.520101456064 176.789748068274 0 0
 469.671350289101 149.640640963419 0 0
 471.822556228792 125.462615298401 0 0
 473.973725232375 107.996406457652 0 0
 476.124863257088 97.4139389414829 0 0
 478.275976260169 89.1373049281412 0 0
 480.427070198856 85.0875544194476 0 0
 482.578151030387 83.5105944008054 0 0
 484.729224712 81.5078317787197 0 0
 486.880297200933 82.195253976139 0 0
 489.031374454424 84.3526753292871 0 0
 491.182462429711 86.2955562996304 0 0
 493.333567084032 91.0373386546659 0 0
 495.484694374625 95.9343502357346 0 0
 497.635850258728 99.8223058371196 0 0
 499.787040693579 105.596458639972 0 0
 501.938271636416 110.133778115723 0 0
 504.089549044477 -NAN 0 0
 506.240878875 -NAN 0 0
 508.392267085223 -NAN 0 0
 510.543719632384 -NAN 0 0
 512.695242473721 -NAN 0 0
 514.846841566472 -NAN 0 0
 516.998522867875 -NAN 0 0
 519.150292335168 -NAN 0 0
 521.302155925589 -NAN 0 0
 523.454119596376 -NAN 0 0
 525.606189304767 -NAN 0 0
 527.758371008 -NAN 0 0
 529.910670663313 -NAN 0 0
 532.063094227944 -NAN 0 0
 534.215647659131 -NAN 0 0
 536.368336914112 -NAN 0 0
 538.521167950125 -NAN 0 0
 540.674146724408 -NAN 0 0
 542.827279194199 -NAN 0 0
 544.980571316736 -NAN 0 0
 547.134029049257 -NAN 0 0
 549.287658349 -NAN 0 0
 551.441465173203 -NAN 0 0
 553.595455479104 -NAN 0 0
 555.749635223941 -NAN 0 0
 557.904010364952 -NAN 0 0
 560.058586859375 -NAN 0 0
 562.213370664448 -NAN 0 0
 564.368367737409 -NAN 0 0
 566.523584035496 -NAN 0 0
 568.679025515947 -NAN 0 0
 570.834698136 -NAN 0 0
 572.990607852893 -NAN 0 0
 575.146760623864 -NAN 0 0
 577.303162406151 -NAN 0 0
 579.459819156992 -NAN 0 0
 581.616736833625 -NAN 0 0
 583.773921393288 -NAN 0 0
 585.931378793219 -NAN 0 0
 588.089114990656 -NAN 0 0
 590.247135942837 -NAN 0 0
 592.405447607 -NAN 0 0
 594.564055940383 -NAN 0 0
 596.722966900224 -NAN 0 0
 598.882186443761 -NAN 0 0
 601.041720528232 -NAN 0 0
 603.201575110875 -NAN 0 0
 605.361756148928 -NAN 0 0
 607.522269599629 -NAN 0 0
 609.683121420216 -NAN 0 0
 611.844317567927 -NAN 0 0
 614.005864 -NAN 0 0
 616.167766673673 -NAN 0 0
 618.330031546184 -NAN 0 0
 620.492664574771 -NAN 0 0
 622.655671716672 -NAN 0 0
 624.819058929125 -NAN 0 0
 626.982832169368 -NAN 0 0
 629.146997394639 -NAN 0 0
 631.311560562176 -NAN 0 0
 633.476527629217 -NAN 0 0
 635.641904553 -NAN 0 0
 637.807697290763 -NAN 0 0
 639.973911799744 -NAN 0 0
 642.140554037181 -NAN 0 0
 644.307629960312 -NAN 0 0
 646.475145526375 -NAN 0 0
 648.643106692608 -NAN 0 0
 650.811519416249 -NAN 0 0
 652.980389654536 -NAN 0 0
 655.149723364707 -NAN 0 0
 657.319526504 -NAN 0 0
 659.489805029653 -NAN 0 0
 661.660564898904 -NAN 0 0
 663.831812068991 -NAN 0 0
 666.003552497152 -NAN 0 0
 668.175792140625 -NAN 0 0
 670.348536956648 -NAN 0 0
 672.521792902459 -NAN 0 0
 674.695565935296 -NAN 0 0
 676.869862012397 -NAN 0 0
 679.044687091 -NAN 0 0
 681.220047128343 -NAN 0 0
 683.395948081664 -NAN 0 0
 685.572395908201 -NAN 0 0
 687.749396565192 -NAN 0 0
 689.926956009875 -NAN 0 0
 692.105080199488 -NAN 0 0
 694.283775091269 -NAN 0 0
 696.463046642456 -NAN 0 0
 698.642900810287 -NAN 0 0
 700.823343552 -NAN 0 0
 703.004380824833 -NAN 0 0
 705.186018586024 -NAN 0 0
 707.368262792811 -NAN 0 0
 709.551119402432 -NAN 0 0
 711.734594372125 -NAN 0 0
 713.918693659128 -NAN 0 0
 716.103423220679 -NAN 0 0
 718.288789014016 -NAN 0 0
 720.474796996377 -NAN 0 0
 722.661453125 -NAN 0 0
 724.848763357123 -NAN 0 0
 727.036733649984 -NAN 0 0
 729.225369960821 -NAN 0 0
 731.414678246872 -NAN 0 0
 733.604664465375 -NAN 0 0
 735.795334573568 -NAN 0 0
[END] of [DATA]
[END] of Spectrum


